recipe_external_id,ingredient_name_norm,quantity,unit_code,base_quantity,note
wDXCxlcr3hY,돼지 목살,300,g,300,
wDXCxlcr3hY,꽃소금과 후춧가루,,,,한꼬집
wDXCxlcr3hY,파프리카 각 씩 청,50,g,50,
wDXCxlcr3hY,감자,150,g,150,
wDXCxlcr3hY,당근,70,g,70,
wDXCxlcr3hY,양파,200,g,200,
wDXCxlcr3hY,식용유,30,ml,30,
wDXCxlcr3hY,고형카레,60,g,60,
thXIVUt9PBU,채소믹스,,,,
thXIVUt9PBU,양파,2,kg,2000,
thXIVUt9PBU,양배추,2,kg,2000,
thXIVUt9PBU,돼지호박,1,kg,1000,
thXIVUt9PBU,청양고추,100,g,100,
thXIVUt9PBU,홍고추,100,g,100,
thXIVUt9PBU,풋고추,200,g,200,
thXIVUt9PBU,당근,500,g,500,
thXIVUt9PBU,대파,500,g,500,
thXIVUt9PBU,돼지고기,10,kg,10000,
thXIVUt9PBU,고추장,1,kg,1000,
thXIVUt9PBU,황설탕,500,g,500,
thXIVUt9PBU,물엿,300,g,300,
thXIVUt9PBU,다진마늘,500,g,500,
thXIVUt9PBU,진간장,500,ml,500,
thXIVUt9PBU,굵은 고춧가루,900,g,900,
thXIVUt9PBU,고운 고춧가루,250,g,250,
thXIVUt9PBU,후추,20,g,20,
thXIVUt9PBU,정수물,2.5,l,2500,
thXIVUt9PBU,참기름,15,ml,15,
thXIVUt9PBU,식용유,30,ml,30,
thXIVUt9PBU,통깨,15,g,15,
DnQ09ZZCjCs,목록,,,,
DnQ09ZZCjCs,돼지고기,1,g,1,
DnQ09ZZCjCs,쌀뜨물,2,ml,2,
DnQ09ZZCjCs,자른 김치,3,g,3,
DnQ09ZZCjCs,다진마늘,4,g,4,
DnQ09ZZCjCs,대파,5,g,5,
DnQ09ZZCjCs,청양고추,6,g,6,
DnQ09ZZCjCs,홍고추,7,g,7,
DnQ09ZZCjCs,고운 고춧가루,8,g,8,
DnQ09ZZCjCs,굵은 고춧가루,9,g,9,
DnQ09ZZCjCs,국간장,10,ml,10,
DnQ09ZZCjCs,새우젓,11,g,11,
QPjfwubAvso,주 재료,,,,
QPjfwubAvso,감자,10,kg,10000,
QPjfwubAvso,오이,2,kg,2000,
QPjfwubAvso,양파,2,kg,2000,
QPjfwubAvso,당근,1.5,kg,1500,
QPjfwubAvso,셀러리,500,g,500,
QPjfwubAvso,양념,,,,
QPjfwubAvso,마요네즈,3.4,kg,3400,
QPjfwubAvso,황설탕,480,g,480,
QPjfwubAvso,꽃소금,68,g,68,
QPjfwubAvso,후춧가루,20,g,20,
QPjfwubAvso,생크림,500,ml,500,
QPjfwubAvso,식초,160,ml,160,
QPjfwubAvso,꽃소금,40,g,40,
_H64Kz7Mgz4,목록,,,,
_H64Kz7Mgz4,달걀 개,1,g,1,
_H64Kz7Mgz4,새우젓,2,tbsp,30,
_H64Kz7Mgz4,설탕,3,tsp,15,
_H64Kz7Mgz4,참기름,5,tbsp,75,
_H64Kz7Mgz4,참깨,6,tsp,30,
_H64Kz7Mgz4,대파,7,g,7,
0q0btGvIrWY,주 재료,,,,
0q0btGvIrWY,콩나물 박스,2,kg,2000,
0q0btGvIrWY,대파,600,g,600,
0q0btGvIrWY,당근,400,g,400,
0q0btGvIrWY,양념,,,,
0q0btGvIrWY,다진마늘,240,g,240,
0q0btGvIrWY,참기름,200,ml,200,
0q0btGvIrWY,꽃소금,70,g,70,
0q0btGvIrWY,통깨,60,g,60,
uAShnbgCLSU,양파,15,kg,15000,
uAShnbgCLSU,식용유,300,ml,300,
GlQZFTUeRoI,만능양파,45,g,45,
GlQZFTUeRoI,블럭,1,,,
GlQZFTUeRoI,짜장라면,1,piece,1,
GlQZFTUeRoI,종이컵,3,cup,600,
GlQZFTUeRoI,고추장,5,g,5,
-3y_AR7zYXM,만능양파,45,g,45,
-3y_AR7zYXM,블럭,1,,,
-3y_AR7zYXM,간장,30,ml,30,
-3y_AR7zYXM,설탕,15,g,15,
-3y_AR7zYXM,맛술,15,ml,15,
-3y_AR7zYXM,대파,10,g,10,
-3y_AR7zYXM,가다랑어 포,5,g,5,
-3y_AR7zYXM,달걀,2,piece,2,
C2GGN4yEphk,만능양파,45,g,45,
C2GGN4yEphk,블럭,1,,,
C2GGN4yEphk,소금,3,g,3,
C2GGN4yEphk,모짜렐라 치즈,20,g,20,
C2GGN4yEphk,파슬리가루,1,,,꼬집
C2GGN4yEphk,후추,1,,,꼬집
C2GGN4yEphk,바게트빵 조각,1,,,
5uWt6U1Re5Q,만능양파,45,g,45,
5uWt6U1Re5Q,라면사리,1,piece,1,
5uWt6U1Re5Q,간장,30,ml,30,
5uWt6U1Re5Q,참기름,15,ml,15,
5uWt6U1Re5Q,설탕,5,g,5,
5uWt6U1Re5Q,대파,10,g,10,
5uWt6U1Re5Q,후추 소량,,,,
sen4L0zVlpA,만능양파,45,g,45,
sen4L0zVlpA,라면사리,1,piece,1,
sen4L0zVlpA,신김치,70,g,70,
sen4L0zVlpA,고추장,5,g,5,
sen4L0zVlpA,고춧가루,5,g,5,
sen4L0zVlpA,간장,7,ml,7,
sen4L0zVlpA,참기름,15,ml,15,
sen4L0zVlpA,대파,10,g,10,
sen4L0zVlpA,참깨 소량,,,,
4zU_09N3QrI,만능양파,45,g,45,
4zU_09N3QrI,블럭,1,,,
4zU_09N3QrI,스틱버터,80,g,80,
4zU_09N3QrI,식빵 장,4,,,
4zU_09N3QrI,설탕,15,g,15,
4zU_09N3QrI,달걀,2,piece,2,
4zU_09N3QrI,옛날소시지,150,g,150,
4zU_09N3QrI,식용유,30,ml,30,
4zU_09N3QrI,소금,2,g,2,
7Ez066LV76U,목록,,,,
7Ez066LV76U,백숙 재료,,,,
7Ez066LV76U,닭 마리,1,,,
7Ez066LV76U,대파 뿌리,2,,,
7Ez066LV76U,부추 줌,1,,,
7Ez066LV76U,마늘,10,piece,10,
7Ez066LV76U,생강 톨,1,,,
7Ez066LV76U,양파,2,piece,2,
7Ez066LV76U,소금,,,,
7Ez066LV76U,후추,,,,
7Ez066LV76U,양념장,,,,
7Ez066LV76U,굵은고춧가루,1,tbsp,15,
7Ez066LV76U,뜨거운물,1,tbsp,15,
7Ez066LV76U,다진 마늘,1,,,
7Ez066LV76U,다진 대파,1,,,
7Ez066LV76U,연겨자,1,,,
7Ez066LV76U,진간장,2,tbsp,30,
7Ez066LV76U,식초,1,tbsp,15,
7Ez066LV76U,설탕,1,,,
cTayVZxM0nw,주 재료,,,,
cTayVZxM0nw,새꼬막,1,kg,1000,
cTayVZxM0nw,꼬막살,240,g,240,
cTayVZxM0nw,통조림 꼬막 캔,2,,,
cTayVZxM0nw,꼬막살,120,g,120,
cTayVZxM0nw,통조림 골뱅이 캔,3,,,
cTayVZxM0nw,골뱅이살,120,g,120,
cTayVZxM0nw,양념장 재료,,,,
cTayVZxM0nw,마늘,15,g,15,
cTayVZxM0nw,다진마늘,20,g,20,
cTayVZxM0nw,청양고추,12,g,12,
cTayVZxM0nw,대파,20,g,20,
cTayVZxM0nw,부추,20,g,20,
cTayVZxM0nw,양파,70,g,70,
cTayVZxM0nw,진간장,100,ml,100,
cTayVZxM0nw,깨소금,10,g,10,
cTayVZxM0nw,고운고춧가루,15,g,15,
cTayVZxM0nw,굵은고춧가루,15,g,15,
cTayVZxM0nw,설탕,5,g,5,
cTayVZxM0nw,미원,5,g,5,
cTayVZxM0nw,참기름,15,ml,15,
cTayVZxM0nw,비빔밥 재료,,,,
cTayVZxM0nw,새꼬막살,240,g,240,
cTayVZxM0nw,양념장,100,g,100,
cTayVZxM0nw,공깃밥,200,g,200,
cTayVZxM0nw,참기름,5,ml,5,
cTayVZxM0nw,김가루,5,g,5,
cTayVZxM0nw,깨소금,1,g,1,
cTayVZxM0nw,청양고추,,,,적당량
0FEOvSKPVwU,다진양파,300,g,300,
0FEOvSKPVwU,토마토,300,g,300,
0FEOvSKPVwU,스틱버터,50,g,50,
0FEOvSKPVwU,카레가루,15,g,15,
0FEOvSKPVwU,큐민가루,15,g,15,
0FEOvSKPVwU,고춧가루,15,g,15,
0FEOvSKPVwU,식용유,30,ml,30,
0FEOvSKPVwU,달걀,3,piece,3,
0FEOvSKPVwU,소금,15,g,15,
0FEOvSKPVwU,다진마늘,15,g,15,
0FEOvSKPVwU,후춧가루,,,,조금
0FEOvSKPVwU,식빵,,,,
0FEOvSKPVwU,또띠아,,,,
RTj2_VKVSBI,콩나물,900,g,900,
RTj2_VKVSBI,쪽파,,,,적당량
RTj2_VKVSBI,꽃소금,60,g,60,
RTj2_VKVSBI,국간장 mL,40,,,
RTj2_VKVSBI,정수물,8,l,8000,
YISYMu2Txp4,라면 봉지 분말 스프,5,,,
YISYMu2Txp4,건더기 스프 포함,,,,
YISYMu2Txp4,대패삼겹살,300,g,300,
YISYMu2Txp4,양배추,250,g,250,
YISYMu2Txp4,대파,150,g,150,
YISYMu2Txp4,양파,250,g,250,
YISYMu2Txp4,식용유,50,g,50,
YISYMu2Txp4,굵은고춧가루,50,g,50,
YISYMu2Txp4,뜨거운물,2500,ml,2500,
YISYMu2Txp4,진간장,50,g,50,
YISYMu2Txp4,고명용 대파,,,,적당량
MqdncXPR0lY,꽈리고추,150,g,150,
MqdncXPR0lY,삼겹살,600,g,600,
MqdncXPR0lY,대파,30,g,30,
MqdncXPR0lY,청양고추,30,g,30,
MqdncXPR0lY,간마늘,30,g,30,
MqdncXPR0lY,황설탕,30,g,30,
MqdncXPR0lY,진간장,60,ml,60,
#NAME?,토막닭,1,kg,1000,
#NAME?,황설탕,70,g,70,
#NAME?,간 마늘,45,g,45,
#NAME?,진간장,190,g,190,
#NAME?,굵은 고춧가루,45,g,45,
#NAME?,고운 고춧가루,30,g,30,
#NAME?,감자,270,g,270,
#NAME?,당근,160,g,160,
#NAME?,양파,240,g,240,
#NAME?,대파,160,g,160,
#NAME?,청양고추,30,g,30,
#NAME?,홍고추,10,g,10,
#NAME?,새송이,50,g,50,
#NAME?,표고버섯,70,g,70,
#NAME?,후춧가루,2,g,2,
#NAME?,물 mL,600,,,
ny9XkQbN6sI,라면,1,piece,1,
ny9XkQbN6sI,양파,1,,,
ny9XkQbN6sI,콩나물,2,cup,400,
ny9XkQbN6sI,진간장,2,tbsp,30,
ny9XkQbN6sI,황설탕,2,tbsp,30,
ny9XkQbN6sI,식초,2,tbsp,30,
ny9XkQbN6sI,정수물,1,cup,200,
ny9XkQbN6sI,청양고추,1,piece,1,
ny9XkQbN6sI,얼음,,,,적당량
lD53g8VjQnU,라면,1,piece,1,
lD53g8VjQnU,진간장,2,tbsp,30,
lD53g8VjQnU,황설탕,2,tbsp,30,
lD53g8VjQnU,식초,2,tbsp,30,
lD53g8VjQnU,오이,1,,,
lD53g8VjQnU,청양고추,1,piece,1,
lD53g8VjQnU,게맛살,1,piece,1,
lD53g8VjQnU,쪽파 줄,1,,,
lD53g8VjQnU,단무지,,,,약간
lD53g8VjQnU,정수물,1,cup,200,
lD53g8VjQnU,얼음,,,,적당량
GP8_7D5eM6A,다진 양파,1,,,
GP8_7D5eM6A,대파,1,,,
GP8_7D5eM6A,다진 마늘,1,tbsp,15,
GP8_7D5eM6A,국간장,1,tbsp,15,
GP8_7D5eM6A,굵은 고춧가루,1,tbsp,15,
GP8_7D5eM6A,고운 고춧가루,1,,,
GP8_7D5eM6A,간 돼지고기,30,g,30,
GP8_7D5eM6A,식용유,2,tbsp,30,
GP8_7D5eM6A,참기름,1,tbsp,15,
GP8_7D5eM6A,꽃소금,1,,,
GP8_7D5eM6A,황설탕,1,tsp,5,
GP8_7D5eM6A,순두부 양념장,2,,,
GP8_7D5eM6A,순두부,1,piece,1,
GP8_7D5eM6A,계란,1,piece,1,
GP8_7D5eM6A,쪽파,1,tbsp,15,
GP8_7D5eM6A,청양고추,1,piece,1,
GP8_7D5eM6A,후춧가루,1,,,꼬집
AdHOym7nqo0,오징어 숙회 재료,,,,
AdHOym7nqo0,오징어 마리,1,,,
AdHOym7nqo0,쪽파,1,tbsp,15,
AdHOym7nqo0,마늘 알,2,,,
AdHOym7nqo0,참깨,1,,,꼬집
AdHOym7nqo0,청양고추,1,piece,1,
AdHOym7nqo0,오징어 데침 재료,,,,
AdHOym7nqo0,꽃소금,1,tbsp,15,
AdHOym7nqo0,식초,1,,,
AdHOym7nqo0,맛술,1,,,
AdHOym7nqo0,초고추장 재료,,,,
AdHOym7nqo0,고추장,3,tbsp,45,
AdHOym7nqo0,식초,2,tbsp,30,
AdHOym7nqo0,설탕,1,tbsp,15,
AdHOym7nqo0,굵은고춧가루,1,tbsp,15,
AdHOym7nqo0,Ver초고추장,1,tbsp,15,
AdHOym7nqo0,간마늘,1,,,
AdHOym7nqo0,깨소금,1,,,꼬집
AdHOym7nqo0,참기름,1,,,
AdHOym7nqo0,쪽파,1,,,꼬집
rCRzFUscqD0,주재료,,,,
rCRzFUscqD0,오징어 마리,10,,,
rCRzFUscqD0,청오이,5,piece,5,
rCRzFUscqD0,양파,4,piece,4,
rCRzFUscqD0,당근,1,piece,1,
rCRzFUscqD0,쪽파 뿌리,15,,,
rCRzFUscqD0,오징어 데침 재료,,,,
rCRzFUscqD0,꽃소금,1,tbsp,15,
rCRzFUscqD0,식초,1,,,
rCRzFUscqD0,맛술,1,,,
rCRzFUscqD0,양념 재료,,,,
rCRzFUscqD0,다진 마늘,1,cup,200,
rCRzFUscqD0,고추장,2,cup,400,
rCRzFUscqD0,황설탕,1,cup,200,
rCRzFUscqD0,고운 고춧가루,1,cup,200,
rCRzFUscqD0,깨소금,1,,,
rCRzFUscqD0,식초,1.5,cup,300,
rCRzFUscqD0,준비하기,,,,
rCRzFUscqD0,냄비에 물,,,,
rCRzFUscqD0,꽃소금,,,,
rCRzFUscqD0,식초,,,,
rCRzFUscqD0,쪽파 썰기,2,,,
rCRzFUscqD0,양파 썰기,3,,,
rCRzFUscqD0,오이 썰기,4,,,
rCRzFUscqD0,당근 썰기,5,,,
rCRzFUscqD0,오이,,,,
rCRzFUscqD0,당근,,,,
rCRzFUscqD0,오징어 썰기,7,,,
rCRzFUscqD0,다진 마늘,4,,,
rCRzFUscqD0,황설탕,,,,
rCRzFUscqD0,고추장,,,,
rCRzFUscqD0,고운 고춧가루,,,,
QnyzZ_8Kog8,라면,1,piece,1,
QnyzZ_8Kog8,런천미트,1,,,
QnyzZ_8Kog8,소시지,2,piece,2,
QnyzZ_8Kog8,달걀,1,piece,1,
QnyzZ_8Kog8,대파,1,,,
QnyzZ_8Kog8,식용유,1,,,
9J_tqZrDSng,손질법,,,,
9J_tqZrDSng,스팸,4,,,
9J_tqZrDSng,어묵,,,,
9J_tqZrDSng,돼지고기 김치찌,,piece,,
9J_tqZrDSng,양파,3,,,
9J_tqZrDSng,청양고추,,,,
9J_tqZrDSng,대파,,,,
9J_tqZrDSng,간 마늘,5,,,
9J_tqZrDSng,꽁치 김치찌,,piece,,
9J_tqZrDSng,통조림 꽁치,2,,,
9J_tqZrDSng,김치햄전골,,,,
9J_tqZrDSng,스팸,2,,,
9J_tqZrDSng,프랑크소시지,,,,
p3IQTouKyH0,쇠고기등심,500,g,500,
p3IQTouKyH0,양파,120,g,120,
p3IQTouKyH0,표고버섯,30,g,30,
p3IQTouKyH0,대파,30,g,30,
p3IQTouKyH0,홍고추,10,g,10,
p3IQTouKyH0,황설탕,30,g,30,
p3IQTouKyH0,물엿,30,g,30,
p3IQTouKyH0,양파 간 것,2,tbsp,30,
p3IQTouKyH0,다진마늘,18,g,18,
p3IQTouKyH0,진간장,60,g,60,
p3IQTouKyH0,후춧가루,1,g,1,
p3IQTouKyH0,통깨,2,g,2,
p3IQTouKyH0,참기름,30,g,30,
fk0-PSrOMo4,소면,100,g,100,
fk0-PSrOMo4,소면삶는물,1,l,1000,
fk0-PSrOMo4,두부,100,g,100,
fk0-PSrOMo4,황설탕,10,g,10,
fk0-PSrOMo4,소금,1,g,1,
fk0-PSrOMo4,통깨,10,g,10,
fk0-PSrOMo4,땅콩버터,15,g,15,
fk0-PSrOMo4,찬물,300,g,300,
uB37XeU5SwM,통조림 옥수수 캔,1,,,
uB37XeU5SwM,튀김가루,1,,,
uB37XeU5SwM,식용유,1,,,
uB37XeU5SwM,연유,2,tbsp,30,
uB37XeU5SwM,파마산 치즈가루,1,,,
uB37XeU5SwM,오리지널 버전 만드는 법,,,,
uB37XeU5SwM,믹싱 볼에 옥수수,2,,,
uB37XeU5SwM,튀김가루,,,,
uB37XeU5SwM,업그레이드 버전 만드는 법,,,,
uB37XeU5SwM,믹싱볼에 옥수수,2,,,
tHkbJgBUaiI,배추전,,,,
tHkbJgBUaiI,알배기 배추 장,4,,,
tHkbJgBUaiI,꽃소금,,,,적당량
tHkbJgBUaiI,달걀물,,,,적당량
tHkbJgBUaiI,밀가루,,,,적당량
tHkbJgBUaiI,식용유,,,,적당량
tHkbJgBUaiI,애호박전,,,,
tHkbJgBUaiI,애호박,1,,,
tHkbJgBUaiI,버섯전,,,,
tHkbJgBUaiI,팽이버섯,1,piece,1,
tHkbJgBUaiI,느타리버섯,3,cup,600,
tHkbJgBUaiI,새송이버섯,2,piece,2,
tHkbJgBUaiI,동태전,,,,
tHkbJgBUaiI,동태포,2,cup,400,
tHkbJgBUaiI,후추,,,,적당량
tHkbJgBUaiI,육전,,,,
tHkbJgBUaiI,소고기 장,2,,,
tHkbJgBUaiI,새우전,,,,
tHkbJgBUaiI,자숙 새우,1.5,cup,300,
tHkbJgBUaiI,양념간장,,,,
tHkbJgBUaiI,진간장,3,tbsp,45,
tHkbJgBUaiI,식초,1,tbsp,15,
tHkbJgBUaiI,굵은고춧가루,1,,,
tHkbJgBUaiI,대파,1,,,
tHkbJgBUaiI,간마늘,1,,,
tHkbJgBUaiI,통깨,1,tsp,5,
tHkbJgBUaiI,전을 부칠 때 사용하는 꽃소금,,,,
tHkbJgBUaiI,후추,,,,
tHkbJgBUaiI,밀가루,,,,
tHkbJgBUaiI,달걀물,,,,
7anwbJ0ZEyA,양파,1,,,
7anwbJ0ZEyA,대파,2,,,
7anwbJ0ZEyA,홍고추,1,,,
7anwbJ0ZEyA,청양고추,1,piece,1,
7anwbJ0ZEyA,새우젓,1,tbsp,15,
7anwbJ0ZEyA,간마늘,1,,,
7anwbJ0ZEyA,국간장,1.5,tbsp,22.5,
7anwbJ0ZEyA,굵은고춧가루,1,tbsp,15,
7anwbJ0ZEyA,쌀뜨물,5,cup,1000,
7anwbJ0ZEyA,두부전,2,piece,2,
7anwbJ0ZEyA,새우전,5,piece,5,
7anwbJ0ZEyA,육전,3,piece,3,
7anwbJ0ZEyA,배추전,5,piece,5,
7anwbJ0ZEyA,동태전,2,piece,2,
7anwbJ0ZEyA,호박전,2,piece,2,
7anwbJ0ZEyA,느타리버섯전,2,piece,2,
7anwbJ0ZEyA,새송이버섯전,1,piece,1,
7anwbJ0ZEyA,완자전,2,piece,2,
PjMWHZ3ubsQ,갈비양념,,,,
PjMWHZ3ubsQ,진간장 과,1,,,
PjMWHZ3ubsQ,황설탕,2,,,
PjMWHZ3ubsQ,맛술,2,,,
PjMWHZ3ubsQ,물 과,1,,,
PjMWHZ3ubsQ,간 마늘,1,,,
PjMWHZ3ubsQ,간 생강,2,,,
PjMWHZ3ubsQ,대파,2,,,
PjMWHZ3ubsQ,참기름,4,tbsp,60,
PjMWHZ3ubsQ,후추,1,g,1,
PjMWHZ3ubsQ,갈비찜재료,,,,
PjMWHZ3ubsQ,갈비,2,kg,2000,
PjMWHZ3ubsQ,대파 대,3,,,
PjMWHZ3ubsQ,새송이버섯,2,piece,2,
PjMWHZ3ubsQ,양파,2,piece,2,
PjMWHZ3ubsQ,청양고추,3,piece,3,
PjMWHZ3ubsQ,꽈리고추,5,piece,5,
PjMWHZ3ubsQ,홍고추,2,piece,2,
PjMWHZ3ubsQ,당근,1,piece,1,
PjMWHZ3ubsQ,무우,1,,,
PjMWHZ3ubsQ,표고버섯,2,piece,2,
DNj3YiaP42s,당면,250,g,250,
DNj3YiaP42s,시금치,150,g,150,
DNj3YiaP42s,돼지고기,2,,,
DNj3YiaP42s,건 목이버섯,1,,,
DNj3YiaP42s,양파,2,cup,400,
DNj3YiaP42s,대파,2,,,
DNj3YiaP42s,당근,2,,,
DNj3YiaP42s,진간장,4,tbsp,60,
DNj3YiaP42s,황설탕,2,tbsp,30,
DNj3YiaP42s,참기름,4,tbsp,60,
DNj3YiaP42s,간 마늘,1,,,
DNj3YiaP42s,식용유,4,tbsp,60,
DNj3YiaP42s,꽃소금,1,,,
DNj3YiaP42s,통깨,1,,,
DNj3YiaP42s,후추가루,1,g,1,
DNj3YiaP42s,캐러멜,1,g,1,
rrNfCVRFsvs,당면,250,g,250,
rrNfCVRFsvs,시금치,150,g,150,
rrNfCVRFsvs,돼지고기,2,,,
rrNfCVRFsvs,건 목이버섯,1,,,
rrNfCVRFsvs,양파,2,cup,400,
rrNfCVRFsvs,대파,2,,,
rrNfCVRFsvs,당근,2,,,
rrNfCVRFsvs,진간장,4,tbsp,60,
rrNfCVRFsvs,황설탕,2,tbsp,30,
rrNfCVRFsvs,참기름,4,tbsp,60,
rrNfCVRFsvs,간 마늘,1,tbsp,15,
rrNfCVRFsvs,식용유,4,tbsp,60,
rrNfCVRFsvs,꽃소금,1,,,
rrNfCVRFsvs,통깨,1,,,
rrNfCVRFsvs,후춧가루,1,g,1,
rrNfCVRFsvs,노두유,1,tbsp,15,
rrNfCVRFsvs,당근,,,,
rrNfCVRFsvs,대파,,,,
rrNfCVRFsvs,목이버섯,,,,
rrNfCVRFsvs,삶은 당면에 간마늘,10,,,
rrNfCVRFsvs,설탕,,,,
rrNfCVRFsvs,간장,,,,
rrNfCVRFsvs,데쳐서 만드는 법,,,,
rrNfCVRFsvs,양파,,,,
rrNfCVRFsvs,삶은 당면에 간 마늘,9,,,
rrNfCVRFsvs,황설탕,,,,
rrNfCVRFsvs,진간장,,,,
rrNfCVRFsvs,잡채밥,,,,
rrNfCVRFsvs,대파,2,tbsp,30,
rrNfCVRFsvs,식용유,1,tbsp,15,
rrNfCVRFsvs,잡채,,,,
rrNfCVRFsvs,참기름,,,,약간
rrNfCVRFsvs,밥 공기,1,,,
rrNfCVRFsvs,달걀,1,piece,1,
OgMi1KTPzJY,스테이크 재료,,,,
OgMi1KTPzJY,닭 다리살,400,g,400,
OgMi1KTPzJY,소금,2,g,2,
OgMi1KTPzJY,후추,2,g,2,
OgMi1KTPzJY,마늘,11,piece,11,
OgMi1KTPzJY,감자,1,piece,1,
OgMi1KTPzJY,양파,1,piece,1,
OgMi1KTPzJY,버터,1.5,tbsp,22.5,
OgMi1KTPzJY,스테이크소스 재료,,,,
OgMi1KTPzJY,버터,1,tbsp,15,
OgMi1KTPzJY,간 마늘,1,,,
OgMi1KTPzJY,간장,1,,,
OgMi1KTPzJY,식초,3,tbsp,45,
OgMi1KTPzJY,설탕,1,,,
OgMi1KTPzJY,후추,,,,약간
HI8DlDs1gko,만능 양념장 재료,,,,
HI8DlDs1gko,고추장,1,cup,200,
HI8DlDs1gko,황설탕,1,cup,200,
HI8DlDs1gko,굵은고춧가루,1,cup,200,
HI8DlDs1gko,맛술,1,cup,200,
HI8DlDs1gko,진간장,1,cup,200,
HI8DlDs1gko,간 마늘,1,cup,200,
HI8DlDs1gko,닭갈비 재료,,,,
HI8DlDs1gko,닭 다리살,350,g,350,
HI8DlDs1gko,만능양념장,1,cup,200,
HI8DlDs1gko,감자,1,,,
HI8DlDs1gko,양파,1,,,
HI8DlDs1gko,청양고추,1,piece,1,
HI8DlDs1gko,꽈리고추,3,piece,3,
HI8DlDs1gko,대파,1,cup,200,
HI8DlDs1gko,양배추,1,cup,200,
HI8DlDs1gko,마늘,15,piece,15,
HI8DlDs1gko,참기름,2,tbsp,30,
HI8DlDs1gko,깨소금,1,tbsp,15,
HI8DlDs1gko,우동사리,1,piece,1,
HI8DlDs1gko,후추,,,,약간
6jCf19GzNcY,고등어케밥,,,,
6jCf19GzNcY,고등어통조림 캔,1,,,
6jCf19GzNcY,바게트,1,piece,1,
6jCf19GzNcY,양상추,3,cup,600,
6jCf19GzNcY,양파,2,cup,400,
6jCf19GzNcY,식용유,1,,,
6jCf19GzNcY,밀가루,,,,적당량
6jCf19GzNcY,타르타르소스,,,,
6jCf19GzNcY,양파,1,tbsp,15,
6jCf19GzNcY,삶은달걀,2,,,
6jCf19GzNcY,마요네즈,1,,,
6jCf19GzNcY,단무지,1,,,
6jCf19GzNcY,황설탕,1,tbsp,15,
6jCf19GzNcY,식초,2,tbsp,30,
6jCf19GzNcY,레몬즙,1,tbsp,15,
6jCf19GzNcY,후추,1,g,1,
6jCf19GzNcY,소금,1,g,1,
fD4wD3GTJq4,식빵 장,1,,,
fD4wD3GTJq4,체더슬라이스치즈 장,2,,,
fD4wD3GTJq4,딸기잼,,,,적당량
fD4wD3GTJq4,설탕,,,,약간
C3W_z8TTCDw,족발덮밥 재료,,,,
C3W_z8TTCDw,족발,3,cup,600,
C3W_z8TTCDw,간장,1,,,
C3W_z8TTCDw,황설탕,1,,,
C3W_z8TTCDw,양파,1,cup,200,
C3W_z8TTCDw,삶은달걀,3,piece,3,
C3W_z8TTCDw,덮밥 소스 재료,,,,
C3W_z8TTCDw,양파,1,,,
C3W_z8TTCDw,깐마늘,2,piece,2,
C3W_z8TTCDw,홍고추,1,piece,1,
C3W_z8TTCDw,청양고추,1,piece,1,
C3W_z8TTCDw,액젓,2,tbsp,30,
C3W_z8TTCDw,설탕,3,tbsp,45,
C3W_z8TTCDw,식초,2,tbsp,30,
1vfJqpklDSI,사과,4,piece,4,
1vfJqpklDSI,레몬쥬스,1,,,
1vfJqpklDSI,황설탕 과,1,,,
1vfJqpklDSI,시나몬 가루,1,,,
1vfJqpklDSI,식빵,1,piece,1,
1vfJqpklDSI,스틱버터,1,,,
1vfJqpklDSI,사과조림,1,tbsp,15,
1vfJqpklDSI,달걀,1,piece,1,
1vfJqpklDSI,우유,1,,,
1vfJqpklDSI,소금,1,,,꼬집
fdW2duLTBLU,애호박,380,g,380,
fdW2duLTBLU,건새우,30,g,30,
fdW2duLTBLU,청양고추,20,g,20,
fdW2duLTBLU,소금  g,1,tsp,5,
fdW2duLTBLU,전분가루,60,g,60,
fdW2duLTBLU,식용유,50,g,50,
jVH2k4yNi4o,사과파이,,,,
jVH2k4yNi4o,사과조림,1,cup,200,
jVH2k4yNi4o,중력분 과,1,,,
jVH2k4yNi4o,황설탕,1,,,
jVH2k4yNi4o,달걀,1,piece,1,
jVH2k4yNi4o,우유,1,,,
jVH2k4yNi4o,꽃소금,1,,,
jVH2k4yNi4o,베이킹파우더,1,tbsp,15,
jVH2k4yNi4o,스틱버터,1,,,
jVH2k4yNi4o,스틱버터,,,,적당량
jVH2k4yNi4o,토핑,,,,
jVH2k4yNi4o,바닐라아이스크림,,,,적당량
jVH2k4yNi4o,시나몬가루,,,,적당량
jVH2k4yNi4o,또띠아 장,1,,,
jVH2k4yNi4o,모짜렐라치즈,1,cup,200,
jVH2k4yNi4o,고르곤졸라치즈,,,,적당량
jVH2k4yNi4o,파슬리가루,,,,적당량
dXN1dlsYdJI,고운고춧가루,1,,,
dXN1dlsYdJI,황설탕,2,tbsp,30,
dXN1dlsYdJI,간마늘,1,tbsp,15,
dXN1dlsYdJI,식초,1,,,
dXN1dlsYdJI,꽃소금,2,tbsp,30,
dXN1dlsYdJI,대파,1,cup,200,
dXN1dlsYdJI,깨소금,1,tbsp,15,
dXN1dlsYdJI,고운 고춧가루,1,,,
dXN1dlsYdJI,멸치액젓,1,,,
dXN1dlsYdJI,꽃소금,,,,적당량
kR77WlHRZrs,밥 공기,1,,,
kR77WlHRZrs,대파,1,,,
kR77WlHRZrs,달걀,2,piece,2,
kR77WlHRZrs,식용유,4,tbsp,60,
kR77WlHRZrs,진간장,1,,,
kR77WlHRZrs,맛소금,1,g,1,
NGjk_1KQGmI,밥 공기,1,,,
NGjk_1KQGmI,달걀,2,piece,2,
NGjk_1KQGmI,대파,1,,,
NGjk_1KQGmI,당근,1,,,
NGjk_1KQGmI,양파,1,,,
NGjk_1KQGmI,진간장,1,tbsp,15,
NGjk_1KQGmI,식용유,4,tbsp,60,
NGjk_1KQGmI,참기름,1,,,
NGjk_1KQGmI,맛소금,1,g,1,
NGjk_1KQGmI,삼겹살,100,g,100,
NGjk_1KQGmI,식용유,1,tbsp,15,
NGjk_1KQGmI,달걀,1,piece,1,
iIL1QMXCoDM,사과조림,1,cup,200,
iIL1QMXCoDM,황설탕,1,,,
iIL1QMXCoDM,초콜릿,1,piece,1,
iIL1QMXCoDM,중력분,3,,,
iIL1QMXCoDM,달걀,1,piece,1,
iIL1QMXCoDM,스틱버터,1,,,
iIL1QMXCoDM,스틱버터,,,,적당량
iIL1QMXCoDM,홍차티백,2,piece,2,
iIL1QMXCoDM,사과조림 과,1,,,
iIL1QMXCoDM,황설탕 과,1,,,
z-XcuZL80Lc,식빵 장,1,,,
z-XcuZL80Lc,황설탕,1,tbsp,15,
z-XcuZL80Lc,마가린,,,,적당량
z-XcuZL80Lc,식빵 장,2,,,
z-XcuZL80Lc,달걀,2,piece,2,
z-XcuZL80Lc,대파,1,,,
z-XcuZL80Lc,슬라이스치즈 장,1,,,
z-XcuZL80Lc,꽃소금,,,,적당량
z-XcuZL80Lc,황설탕,2,tbsp,30,
z-XcuZL80Lc,양배추,1,,,
z-XcuZL80Lc,당근,1,,,
z-XcuZL80Lc,슬라이스햄 장,2,,,
z-XcuZL80Lc,슬라이스치즈 장,2,,,
10fl2mebYHs,준비,,,,
10fl2mebYHs,김 팩,1,,,
10fl2mebYHs,시금치 단,1,,,
10fl2mebYHs,달걀,10,piece,10,
10fl2mebYHs,당근,1,piece,1,
10fl2mebYHs,맛소금,1,tsp,5,
10fl2mebYHs,참기름,2,tbsp,30,
10fl2mebYHs,맛소금,,,,적당량
10fl2mebYHs,황설탕,,,,적당량
10fl2mebYHs,참기름,,,,적당량
10fl2mebYHs,식용유,,,,적당량
10fl2mebYHs,단무지 절임,,,,
10fl2mebYHs,통 단무지 팩,1,,,
10fl2mebYHs,치자 단무지 팩,1,,,
10fl2mebYHs,반달 단무지 팩,1,,,
10fl2mebYHs,황설탕,2,,,
10fl2mebYHs,양조식초,2,,,
10fl2mebYHs,정수물,2,,,
10fl2mebYHs,준비 법,,,,
10fl2mebYHs,달걀은 맛소금,4,,,
10fl2mebYHs,밥에 맛소금,5,,,
10fl2mebYHs,단무지 절임용 황설탕,6,,,
10fl2mebYHs,양조식초,,,,
10fl2mebYHs,스탠다드김밥 만드는 법,,,,
10fl2mebYHs,김 장,1,,,
10fl2mebYHs,김밥용 밥,150,g,150,
10fl2mebYHs,시금치 줄,2,,,
10fl2mebYHs,당근채,,,,적당량
10fl2mebYHs,달걀지단 줄,1,,,
10fl2mebYHs,게맛살 줄,1,,,
10fl2mebYHs,우엉조림 줄,1,,,
10fl2mebYHs,단무지 줄,1,,,
10fl2mebYHs,달걀,1,piece,1,
10fl2mebYHs,프랑크소시지,1,piece,1,
S9MQlzjgf7k,삼겹살,,,,
S9MQlzjgf7k,항정살,,,,
bvH5jROsmG4,집에서 삼겹살,,,,
bvH5jROsmG4,목살,,,,
KoBx7EEBohM,양조식초,3,cup,600,
KoBx7EEBohM,정수물,3,cup,600,
KoBx7EEBohM,설탕,2,cup,400,
KoBx7EEBohM,꽃소금,1,,,
KoBx7EEBohM,고운고춧가루,1,,,
KoBx7EEBohM,된장,1,tbsp,15,
KoBx7EEBohM,물 와,2,,,
KoBx7EEBohM,양파,1,,,
KoBx7EEBohM,애호박,1,,,
KoBx7EEBohM,청양고추,3,piece,3,
KoBx7EEBohM,대파 과,1,,,
KoBx7EEBohM,두부,1,,,
KoBx7EEBohM,간마늘,1,,,
KoBx7EEBohM,오이고추,6,piece,6,
KoBx7EEBohM,된장 과,1,,,
KoBx7EEBohM,깨소금 과,1,,,
KoBx7EEBohM,올리고당,1,tbsp,15,
KoBx7EEBohM,참기름,1,,,
KoBx7EEBohM,로메인,1,,,
KoBx7EEBohM,마요네즈,4,tbsp,60,
KoBx7EEBohM,식초,1,,,
KoBx7EEBohM,레몬즙,1,tbsp,15,
KoBx7EEBohM,멸치액젓,1,tbsp,15,
KoBx7EEBohM,설탕 과,1,,,
KoBx7EEBohM,후춧가루,,,,적당량
KoBx7EEBohM,파마산치즈가루,,,,적당량
KoBx7EEBohM,그라나파다노치즈,,,,적당량
KoBx7EEBohM,고추장,2,tbsp,30,
KoBx7EEBohM,설탕,1,tbsp,15,
KoBx7EEBohM,식초,1,tbsp,15,
KoBx7EEBohM,맛술,1,tbsp,15,
KoBx7EEBohM,참기름,,,,적당량
KoBx7EEBohM,파채,,,,적당량
jeBMJGNgZ34,김 장,1,,,
jeBMJGNgZ34,베이컨 줄,2,,,
jeBMJGNgZ34,단무지 줄,1,,,
jeBMJGNgZ34,우엉조림 줄,1,,,
jeBMJGNgZ34,청양고추,1,,,
jeBMJGNgZ34,당근채,,,,적당량
jeBMJGNgZ34,시금치 줄,1,,,
jeBMJGNgZ34,마요네즈,,,,적당량
jeBMJGNgZ34,돼지고기,1,,,
jeBMJGNgZ34,황설탕,1,tbsp,15,
jeBMJGNgZ34,진간장,2,tbsp,30,
jeBMJGNgZ34,달걀 줄,1,,,
jeBMJGNgZ34,마요네즈,3,tbsp,45,
jeBMJGNgZ34,게맛살,5,piece,5,
jeBMJGNgZ34,원형단무지,4,piece,4,
jeBMJGNgZ34,깻잎 장,2,,,
jeBMJGNgZ34,참기름,,,,적당량
jeBMJGNgZ34,무말랭이,1,cup,200,
jeBMJGNgZ34,황설탕,2,tbsp,30,
jeBMJGNgZ34,간마늘,1,tbsp,15,
jeBMJGNgZ34,물엿,1,tbsp,15,
jeBMJGNgZ34,식용유,1,tbsp,15,
jeBMJGNgZ34,물 과,1,,,
jeBMJGNgZ34,구운어묵 장,1,,,
Lz0tPtrMQmQ,통조림골뱅이 캔,1,,,
Lz0tPtrMQmQ,양파,1,,,
Lz0tPtrMQmQ,당근,1,,,
Lz0tPtrMQmQ,오이,1,,,
Lz0tPtrMQmQ,양배추,2,,,
Lz0tPtrMQmQ,대파,2,,,
Lz0tPtrMQmQ,청양고추,2,piece,2,
Lz0tPtrMQmQ,북어채,1,cup,200,
Lz0tPtrMQmQ,양념장 재료,,,,
Lz0tPtrMQmQ,고추장,1,,,
Lz0tPtrMQmQ,황설탕,1,,,
Lz0tPtrMQmQ,식초,1,,,
Lz0tPtrMQmQ,굵은고춧가루,1,,,
Lz0tPtrMQmQ,고운고춧가루,1,,,
Lz0tPtrMQmQ,참기름,1,tbsp,15,
Lz0tPtrMQmQ,깨소금,1,,,
BqxpjY7TJ8g,두부 과,1,,,
BqxpjY7TJ8g,간 마늘,1,,,
BqxpjY7TJ8g,쪽파,1,tbsp,15,
BqxpjY7TJ8g,대파,1,tbsp,15,
BqxpjY7TJ8g,간 돼지고기,1,,,
BqxpjY7TJ8g,전분가루,1,,,
BqxpjY7TJ8g,만능양념장,1,,,
BqxpjY7TJ8g,된장,1,tbsp,15,
BqxpjY7TJ8g,식용유,2,tbsp,30,
BqxpjY7TJ8g,참기름,1,tbsp,15,
5eQ1rf642QI,김치,1,cup,200,
5eQ1rf642QI,물 반,,cup,,
5eQ1rf642QI,양파,1,,,
5eQ1rf642QI,당근,1,,,
5eQ1rf642QI,청양고추,1,piece,1,
5eQ1rf642QI,홍고추,1,piece,1,
5eQ1rf642QI,대파,1,,,
5eQ1rf642QI,삼겹살,1,cup,200,
5eQ1rf642QI,황설탕,1,,,
5eQ1rf642QI,간마늘,1,tbsp,15,
5eQ1rf642QI,굵은고춧가루,1.5,tbsp,22.5,
5eQ1rf642QI,참기름,2,tbsp,30,
5eQ1rf642QI,깨소금,1,,,
5eQ1rf642QI,진간장,3,tbsp,45,
5eQ1rf642QI,두부 모,1,,,
K55CPyYTUJI,배추김치,,,,
K55CPyYTUJI,절인배추,12,kg,12000,
K55CPyYTUJI,찹쌀가루,100,g,100,
K55CPyYTUJI,굵은고춧가루,750,g,750,
K55CPyYTUJI,다진마늘,500,g,500,
K55CPyYTUJI,새우젓,350,g,350,
K55CPyYTUJI,다진생강,25,g,25,
K55CPyYTUJI,멸치액젓,500,g,500,
K55CPyYTUJI,꽃소금,75,g,75,
K55CPyYTUJI,설탕,200,g,200,
K55CPyYTUJI,쪽파,700,g,700,
K55CPyYTUJI,홍갓,500,g,500,
K55CPyYTUJI,청갓,700,g,700,
K55CPyYTUJI,알타리무청 줄기,6,,,
K55CPyYTUJI,당근,1,,,
K55CPyYTUJI,미나리,200,g,200,
K55CPyYTUJI,배추 절이기,,,,
K55CPyYTUJI,배추 포기,3,,,
K55CPyYTUJI,천일염,3,cup,600,
K55CPyYTUJI,천일염,,,,적당량
K55CPyYTUJI,이북식 김치,,,,
K55CPyYTUJI,천일염,1,,,
K55CPyYTUJI,김치속,,,,적당량
K55CPyYTUJI,절인배추 과,1,,,
K55CPyYTUJI,포기,2,,,
K55CPyYTUJI,막김치,,,,
K55CPyYTUJI,배추,1,,,
K55CPyYTUJI,소금물,2,cup,400,
K55CPyYTUJI,배추김치 만드는 법,,,,
K55CPyYTUJI,채 썬 무에 꽃소금,6,,,
K55CPyYTUJI,멸치 액젓,,,,
K55CPyYTUJI,무청,8,,,
K55CPyYTUJI,불린 고춧가루,,,,
K55CPyYTUJI,간 마늘,,,,
K55CPyYTUJI,한 생강,,,,
K55CPyYTUJI,배추 절이는 법,,,,
K55CPyYTUJI,이북식 김치 만드는 법,,,,
K55CPyYTUJI,큰 볼에 물,1,,,
K55CPyYTUJI,막김치 만드는 법,,,,
K55CPyYTUJI,무는 한 입 크기로 잘라 천일염,,,,
3Sokx1SQHR0,표고불린물,1.8,l,1800,
3Sokx1SQHR0,불린표고,230,g,230,
3Sokx1SQHR0,대파,2,cup,400,
3Sokx1SQHR0,양파,1.5,cup,300,
3Sokx1SQHR0,돼지고기,1,cup,200,
3Sokx1SQHR0,밥 공기,1,,,
3Sokx1SQHR0,식용유,1,,,
3Sokx1SQHR0,참기름,2,tbsp,30,
3Sokx1SQHR0,고춧가루,1,,,
3Sokx1SQHR0,국간장,1,,,
3Sokx1SQHR0,간마늘,2,tbsp,30,
3Sokx1SQHR0,새우젓,2,tbsp,30,
3Sokx1SQHR0,꽃소금,1,,,
3Sokx1SQHR0,후추,,,,약간
2HZO-YNHFPk,치킨반죽,,,,
2HZO-YNHFPk,토막닭 마리,1,,,
2HZO-YNHFPk,우유,1,cup,200,
2HZO-YNHFPk,튀김가루,1,cup,200,
2HZO-YNHFPk,맛소금,1,,,
2HZO-YNHFPk,후추,1,,,
2HZO-YNHFPk,식용유,1.8,l,1800,
2HZO-YNHFPk,양념치킨소스,,,,
2HZO-YNHFPk,물엿,4,,,
2HZO-YNHFPk,케찹,1,,,
2HZO-YNHFPk,고추장,1,,,
2HZO-YNHFPk,진간장,3.5,tbsp,52.5,
2HZO-YNHFPk,간마늘,1,,,
2HZO-YNHFPk,고운고춧가루,3,tbsp,45,
2HZO-YNHFPk,황설탕,1,,,
gUYeEasWU58,동태 마리,1,,,
gUYeEasWU58,이리,1,cup,200,
gUYeEasWU58,두부,2,,,
gUYeEasWU58,대파 대,1,,,
gUYeEasWU58,청양고추,3,piece,3,
gUYeEasWU58,홍고추,2,piece,2,
gUYeEasWU58,무우,1,,,
gUYeEasWU58,쑥갓,,,,적당량
gUYeEasWU58,양념장 재료,,,,
gUYeEasWU58,간마늘,2,tbsp,30,
gUYeEasWU58,간생강,1,,,
gUYeEasWU58,새우젓,1.5,tbsp,22.5,
gUYeEasWU58,국간장,8,tbsp,120,
gUYeEasWU58,굵은고춧가루,3,tbsp,45,
gUYeEasWU58,고추장,2,tbsp,30,
gUYeEasWU58,된장,1,tbsp,15,
FI6iypOkNUg,디포리,2,,,
FI6iypOkNUg,육수용멸치 과,1,,,
FI6iypOkNUg,절단다시마 장,5,,,
FI6iypOkNUg,양파,1,,,
FI6iypOkNUg,대파 대,1,,,
FI6iypOkNUg,맛술,1,,,
FI6iypOkNUg,국간장,3,tbsp,45,
FI6iypOkNUg,꽃소금,,,,적당량
FI6iypOkNUg,청양고추,1,piece,1,
FI6iypOkNUg,홍고추,1,piece,1,
FI6iypOkNUg,정수물,1,tbsp,15,
FI6iypOkNUg,간마늘,1,tbsp,15,
FI6iypOkNUg,굵은고춧가루,1,tbsp,15,
FI6iypOkNUg,황설탕,1,,,
FI6iypOkNUg,깨소금,3,tbsp,45,
FI6iypOkNUg,진간장,1,,,
FI6iypOkNUg,참기름,2,tbsp,30,
FI6iypOkNUg,건소면,100,g,100,
FI6iypOkNUg,멸치육수,500,ml,500,
FI6iypOkNUg,통단무지,1,,,
FI6iypOkNUg,부추,20,g,20,
FI6iypOkNUg,양념장,,,,적당량
FI6iypOkNUg,김가루,,,,적당량
FI6iypOkNUg,깨소금,,,,적당량
FI6iypOkNUg,후춧가루,,,,적당량
FI6iypOkNUg,애호박,1,,,
FI6iypOkNUg,표고버섯,1,,,
FI6iypOkNUg,당근,1,,,
FI6iypOkNUg,달걀,1,piece,1,
FI6iypOkNUg,육수건더기,,,,
FI6iypOkNUg,황설탕,2,,,
FI6iypOkNUg,꽃소금,1,tbsp,15,
FI6iypOkNUg,진간장 과,1,,,
FI6iypOkNUg,간마늘,2,tbsp,30,
FI6iypOkNUg,달걀,18,piece,18,
bMLfohWNsvQ,진간장,1,,,
bMLfohWNsvQ,굴소스,1,,,
bMLfohWNsvQ,물엿,1,,,
bMLfohWNsvQ,노두유,2,g,2,
bMLfohWNsvQ,물 과,1,,,
bMLfohWNsvQ,전분가루,1,tbsp,15,
bMLfohWNsvQ,꽃소금,1,,,
bMLfohWNsvQ,새송이버섯,2,piece,2,
bMLfohWNsvQ,식용유,2,tbsp,30,
bMLfohWNsvQ,대파,1,,,
bMLfohWNsvQ,돈등심,1,,,
bMLfohWNsvQ,건고추,,,,적당량
bMLfohWNsvQ,숙주,250,g,250,
bMLfohWNsvQ,식초,1,tbsp,15,
bMLfohWNsvQ,꽈리고추,30,piece,30,
bMLfohWNsvQ,청양고추,2,piece,2,
bMLfohWNsvQ,사천고추,,,,적당량
bMLfohWNsvQ,돼지고기,1,,,
bMLfohWNsvQ,양상추,1,,,
bMLfohWNsvQ,대파,1,tbsp,15,
bMLfohWNsvQ,참기름,,,,적당량
bMLfohWNsvQ,식용유,4,tbsp,60,
bMLfohWNsvQ,밥 공기,1,,,
bMLfohWNsvQ,대파,4,tbsp,60,
bMLfohWNsvQ,달걀,2,piece,2,
bMLfohWNsvQ,돼지목살,1,cup,200,
bMLfohWNsvQ,셀러리,1,cup,200,
bMLfohWNsvQ,식용유,1,tbsp,15,
bMLfohWNsvQ,대파,2,tbsp,30,
bMLfohWNsvQ,후추,,,,적당량
bMLfohWNsvQ,마늘쫑,1,cup,200,
bMLfohWNsvQ,돼지고기,1,cup,200,
bMLfohWNsvQ,사천고추,3,g,3,
bMLfohWNsvQ,공심채,100,g,100,
bMLfohWNsvQ,홍고추,1,piece,1,
j0-_vTbLALM,버터 과,1,,,
j0-_vTbLALM,양파,1,,,
j0-_vTbLALM,우유,2,cup,400,
j0-_vTbLALM,감자,1,piece,1,
j0-_vTbLALM,소금,1,,,
j0-_vTbLALM,설탕,1,,,
j0-_vTbLALM,파슬리,,,,적당량
j0-_vTbLALM,후추,,,,적당량
j0-_vTbLALM,크루통 재료,,,,
j0-_vTbLALM,식빵,1,,,
j0-_vTbLALM,버터,1,tbsp,15,
vG07DHeNH9c,무 과,1,,,
vG07DHeNH9c,소양지,1,cup,200,
vG07DHeNH9c,양파,1,,,
vG07DHeNH9c,참기름,1,tbsp,15,
vG07DHeNH9c,식용유,1,tbsp,15,
vG07DHeNH9c,대파,1,,,
vG07DHeNH9c,간마늘,1,tbsp,15,
vG07DHeNH9c,국간장,2,tbsp,30,
vG07DHeNH9c,멸치액젓,2,tbsp,30,
vG07DHeNH9c,꽃소금,1,,,
vG07DHeNH9c,후춧가루,,,,적당량
vG07DHeNH9c,불고기용소고기,2,,,
vG07DHeNH9c,양송이버섯,3,piece,3,
vG07DHeNH9c,달걀,1,piece,1,
wpUsg7f-F4o,감자,2,piece,2,
wpUsg7f-F4o,양파,1,,,
wpUsg7f-F4o,대파,1,cup,200,
wpUsg7f-F4o,청양고추,3,piece,3,
wpUsg7f-F4o,통조림햄 캔,1,,,
wpUsg7f-F4o,간마늘,1,tbsp,15,
wpUsg7f-F4o,된장,1,,,
wpUsg7f-F4o,고추장,1,tbsp,15,
wpUsg7f-F4o,굵은고춧가루,2,tbsp,30,
wpUsg7f-F4o,황설탕,1,tbsp,15,
wpUsg7f-F4o,진간장,4,tbsp,60,
GsnwEVsotdU,양파,2,cup,400,
GsnwEVsotdU,간마늘,1,tbsp,15,
GsnwEVsotdU,꽃소금,1,,,
GsnwEVsotdU,스틱버터,1,,,
GsnwEVsotdU,식용유,2,tbsp,30,
GsnwEVsotdU,스테이크,,,,
GsnwEVsotdU,간소고기 과,1,,,
GsnwEVsotdU,간돼지고기,2,cup,400,
GsnwEVsotdU,달걀,2,piece,2,
GsnwEVsotdU,달걀,1,piece,1,
GsnwEVsotdU,빵가루,2,cup,400,
GsnwEVsotdU,우스터소스,4,tbsp,60,
GsnwEVsotdU,케첩 과,1,,,
GsnwEVsotdU,모짜렐라치즈,2,tbsp,30,
GsnwEVsotdU,파슬리가루,,,,적당량
GsnwEVsotdU,식용유,,,,적당량
GsnwEVsotdU,스테이크소스,,,,
GsnwEVsotdU,새송이버섯,1,piece,1,
GsnwEVsotdU,양파,1,piece,1,
GsnwEVsotdU,진간장,2,tbsp,30,
GsnwEVsotdU,황설탕,4,tbsp,60,
GsnwEVsotdU,케첩,4,tbsp,60,
GsnwEVsotdU,후추,,,,적당량
t63aSsdvZKs,홍합,700,g,700,
t63aSsdvZKs,양파,1,piece,1,
t63aSsdvZKs,대파 대,1,,,
t63aSsdvZKs,청양고추,3,piece,3,
t63aSsdvZKs,홍고추,1,piece,1,
t63aSsdvZKs,풋고추,1,piece,1,
t63aSsdvZKs,소금,1,tbsp,15,
t63aSsdvZKs,식초,2,tbsp,30,
SZp5fTHZnmc,만두소,,,,
SZp5fTHZnmc,두부,1,,,
SZp5fTHZnmc,부추,1,cup,200,
SZp5fTHZnmc,대파,1,cup,200,
SZp5fTHZnmc,간마늘,1,tbsp,15,
SZp5fTHZnmc,배추,1,cup,200,
SZp5fTHZnmc,간생강,1,,,
SZp5fTHZnmc,간돼지고기,2,cup,400,
SZp5fTHZnmc,돼지지방,1,,,
SZp5fTHZnmc,당면,100,g,100,
SZp5fTHZnmc,숙주,250,g,250,
SZp5fTHZnmc,만두피,40,,,
SZp5fTHZnmc,만두소 양념,,,,
SZp5fTHZnmc,진간장,3,tbsp,45,
SZp5fTHZnmc,꽃소금,1,,,
SZp5fTHZnmc,황설탕,1,,,
SZp5fTHZnmc,참기름,2,tbsp,30,
SZp5fTHZnmc,후추,,,,적당량
HChukhwE1do,닭 염지,,,,
HChukhwE1do,토막닭 마리,1,,,
HChukhwE1do,맛소금,1,tbsp,15,
HChukhwE1do,후추,,,,적당량
HChukhwE1do,양념장,,,,
HChukhwE1do,진간장,6,tbsp,90,
HChukhwE1do,황설탕,2.5,tbsp,37.5,
HChukhwE1do,물엿,2,tbsp,30,
HChukhwE1do,맛술,2,tbsp,30,
HChukhwE1do,간마늘,2,tbsp,30,
HChukhwE1do,청양고추,10,piece,10,
HChukhwE1do,노두유,1,,,
HChukhwE1do,사천고추,5,g,5,
HChukhwE1do,치킨,,,,
HChukhwE1do,튀김가루 과,1,,,
HChukhwE1do,튀김가루,,,,적당량
HChukhwE1do,물 과,1,,,
HChukhwE1do,식용유,1.8,l,1800,
HChukhwE1do,불린떡국떡,1,cup,200,
dKD_C-1XklE,육수,,,,
dKD_C-1XklE,양파,1,,,
dKD_C-1XklE,멸치가루,2,tbsp,30,
dKD_C-1XklE,다시마,1,,,
dKD_C-1XklE,가다랑어포,1,cup,200,
dKD_C-1XklE,진간장,1,,,
dKD_C-1XklE,맛술,1,,,
dKD_C-1XklE,간마늘,2,tbsp,30,
dKD_C-1XklE,어묵전골,,,,
dKD_C-1XklE,모둠어묵,700,g,700,
dKD_C-1XklE,사각어묵,300,g,300,
dKD_C-1XklE,쑥갓,50,g,50,
dKD_C-1XklE,새송이버섯,1,,,
dKD_C-1XklE,메추리알,1,cup,200,
dKD_C-1XklE,가래떡 줄,1,,,
dKD_C-1XklE,표고버섯,2,piece,2,
dKD_C-1XklE,홍고추,1,piece,1,
dKD_C-1XklE,청양고추,3,piece,3,
dKD_C-1XklE,대파 대,1,,,
dKD_C-1XklE,멸치육수,1.5,l,1500,
dKD_C-1XklE,후춧가루,,,,적당량
dKD_C-1XklE,양념간장,,,,
dKD_C-1XklE,진간장,3,tbsp,45,
dKD_C-1XklE,연겨자,,,,적당량
dKD_C-1XklE,대파,,,,적당량
dKD_C-1XklE,청양고추,,,,적당량
j9NXZh0gX3w,신김치,1,,,
j9NXZh0gX3w,포기,4,,,
j9NXZh0gX3w,고등어 통조림 캔,1,,,
j9NXZh0gX3w,양파,1,,,
j9NXZh0gX3w,청양고추,3,piece,3,
j9NXZh0gX3w,대파,2,,,
j9NXZh0gX3w,굵은고춧가루,4,tbsp,60,
j9NXZh0gX3w,고운고춧가루,2,tbsp,30,
j9NXZh0gX3w,간마늘,2,tbsp,30,
j9NXZh0gX3w,된장,2,tbsp,30,
j9NXZh0gX3w,황설탕,1,tbsp,15,
j9NXZh0gX3w,간생강,1,,,
j9NXZh0gX3w,진간장,2,tbsp,30,
j9NXZh0gX3w,참기름,2,tbsp,30,
HIma0ha9F-I,고추기름,,,,
HIma0ha9F-I,대파,1,,,
HIma0ha9F-I,식용유,3,tbsp,45,
HIma0ha9F-I,굵은고춧가루,3,tbsp,45,
HIma0ha9F-I,참기름,,,,적당량
HIma0ha9F-I,편육냉채동준 버전,,,,
HIma0ha9F-I,편육,200,g,200,
HIma0ha9F-I,대파,2,,,
HIma0ha9F-I,식초,3,tbsp,45,
HIma0ha9F-I,황설탕,3,tbsp,45,
HIma0ha9F-I,마늘,4,piece,4,
HIma0ha9F-I,편육냉채업그레이드 버전,,,,
HIma0ha9F-I,편육,100,g,100,
HIma0ha9F-I,연겨자,1,,,
HIma0ha9F-I,파채,150,g,150,
HIma0ha9F-I,오이,1,,,
HIma0ha9F-I,당근,1,,,
HIma0ha9F-I,고추기름,,,,적당량
HIma0ha9F-I,닭 다리 살 응용버전,,,,
HIma0ha9F-I,닭다리살,1,piece,1,
HIma0ha9F-I,맛소금,,,,적당량
HIma0ha9F-I,후춧가루,,,,적당량
GpEiUb20IFo,떡갈비 패티,,,,
GpEiUb20IFo,양지다짐육 과,1,,,
GpEiUb20IFo,목심다짐육 과,1,,,
GpEiUb20IFo,진간장,4,tbsp,60,
GpEiUb20IFo,황설탕,5,tbsp,75,
GpEiUb20IFo,감자전분,2,tbsp,30,
GpEiUb20IFo,간마늘,2,tbsp,30,
GpEiUb20IFo,후추,1,,,
GpEiUb20IFo,참기름,3,tbsp,45,
GpEiUb20IFo,식용유,,,,적당량
GpEiUb20IFo,버거 인분,1,,,
GpEiUb20IFo,햄버거빵,1,piece,1,
GpEiUb20IFo,상추 장,3,,,
GpEiUb20IFo,양파,1,,,
GpEiUb20IFo,체다슬라이스치즈 장,1,,,
GpEiUb20IFo,떡갈비패티,3,piece,3,
GpEiUb20IFo,스틱버터,1,,,
GpEiUb20IFo,케첩,,,,적당량
GpEiUb20IFo,마요네즈,,,,적당량
fEYJSPSGaLI,중화제육소스,,,,
fEYJSPSGaLI,식용유,5,tbsp,75,
fEYJSPSGaLI,간돼지고기,1,cup,200,
fEYJSPSGaLI,대파,1,,,
fEYJSPSGaLI,간마늘,1,tbsp,15,
fEYJSPSGaLI,진간장,1,tbsp,15,
fEYJSPSGaLI,황설탕 과,1,,,
fEYJSPSGaLI,굵은고춧가루,1,tbsp,15,
fEYJSPSGaLI,고운고춧가루,1,tbsp,15,
fEYJSPSGaLI,된장,1,tbsp,15,
fEYJSPSGaLI,고추장,4,tbsp,60,
fEYJSPSGaLI,꽃소금,1,,,
fEYJSPSGaLI,후춧가루,,,,적당량
fEYJSPSGaLI,중화제육면,,,,
fEYJSPSGaLI,식용유,2,tbsp,30,
fEYJSPSGaLI,양파,1,,,
fEYJSPSGaLI,양배추,2,,,
fEYJSPSGaLI,애호박,2,,,
fEYJSPSGaLI,칼국수면,150,g,150,
tD8ApzPsDx8,시금치,250,g,250,
tD8ApzPsDx8,꽃소금,1,,,
tD8ApzPsDx8,간 마늘,1,tbsp,15,
tD8ApzPsDx8,조선간장국간장,2,tbsp,30,
tD8ApzPsDx8,참기름,2,tbsp,30,
tD8ApzPsDx8,깨소금,2,tbsp,30,
37-BCf85bHk,LA갈비,1,kg,1000,
37-BCf85bHk,진간장,1,cup,200,
37-BCf85bHk,황설탕,1,,,
37-BCf85bHk,맛술,1,,,
37-BCf85bHk,간마늘,1,,,
37-BCf85bHk,간생강,1,,,
37-BCf85bHk,대파,1,cup,200,
37-BCf85bHk,참기름,2,tbsp,30,
37-BCf85bHk,정수물,3,cup,600,
37-BCf85bHk,후춧가루,,,,적당량
2vrJR3ZpRf0,도라지,250,g,250,
2vrJR3ZpRf0,대파,1,,,
2vrJR3ZpRf0,간 마늘,1,tbsp,15,
2vrJR3ZpRf0,참기름,3,tbsp,45,
2vrJR3ZpRf0,꽃소금,1,,,
2vrJR3ZpRf0,꽃소금 과,1,,,
2vrJR3ZpRf0,깨소금,2,tbsp,30,
2vrJR3ZpRf0,쌀뜨물,2,,,
At-u3lwsFtk,떡만둣국,,,,
At-u3lwsFtk,참기름,2,tbsp,30,
At-u3lwsFtk,식용유,1,tbsp,15,
At-u3lwsFtk,떡국 떡,4,cup,800,
At-u3lwsFtk,만두,8,piece,8,
At-u3lwsFtk,소 양지,1,cup,200,
At-u3lwsFtk,대파,1,cup,200,
At-u3lwsFtk,꽃소금,1,tbsp,15,
At-u3lwsFtk,간 마늘,1,tbsp,15,
At-u3lwsFtk,멸치액젓,2,tbsp,30,
At-u3lwsFtk,국간장,3,tbsp,45,
At-u3lwsFtk,달걀,2,piece,2,
At-u3lwsFtk,후춧가루,,,,적당량
At-u3lwsFtk,김가루,,,,적당량
At-u3lwsFtk,지단,,,,
At-u3lwsFtk,식용유,,,,적당량
JmiW-dD1RqM,불린고사리,250,g,250,
JmiW-dD1RqM,대파,1,,,
JmiW-dD1RqM,들기름,3,tbsp,45,
JmiW-dD1RqM,간마늘,1,tbsp,15,
JmiW-dD1RqM,국간장,2,tbsp,30,
JmiW-dD1RqM,황설탕,1,,,
JmiW-dD1RqM,꽃소금,1,,,
JmiW-dD1RqM,갈은 깨,1,tbsp,15,
JmiW-dD1RqM,쌀뜨물,1,cup,200,
JmiW-dD1RqM,깨소금,,,,적당량
2sUjx8PE_vg,돼지고기,1,cup,200,
2sUjx8PE_vg,대파,2,,,
2sUjx8PE_vg,양파,1,,,
2sUjx8PE_vg,양배추,1,,,
2sUjx8PE_vg,당근,1,,,
2sUjx8PE_vg,애호박,1,,,
2sUjx8PE_vg,라면,1,piece,1,
2sUjx8PE_vg,달걀,1,piece,1,
2sUjx8PE_vg,고운고춧가루,1,tbsp,15,
2sUjx8PE_vg,굵은고춧가루,1,tbsp,15,
2sUjx8PE_vg,꽃소금,1,,,
2sUjx8PE_vg,진간장,1,tbsp,15,
2sUjx8PE_vg,식용유,2,tbsp,30,
2sUjx8PE_vg,후춧가루,,,,적당량
kfGi3rTct8c,찜닭,,,,
kfGi3rTct8c,찜닭소스,,,,
kfGi3rTct8c,진간장,2,,,
kfGi3rTct8c,맛술,1,,,
kfGi3rTct8c,황설탕,1,,,
kfGi3rTct8c,간생강,1,,,
kfGi3rTct8c,간마늘,2,tbsp,30,
kfGi3rTct8c,대파,1,cup,200,
kfGi3rTct8c,참기름,3,tbsp,45,
kfGi3rTct8c,토막닭 마리,1,,,
kfGi3rTct8c,캬라멜,1,,,
kfGi3rTct8c,감자,1,,,
kfGi3rTct8c,당근,1,,,
kfGi3rTct8c,고구마,1,piece,1,
kfGi3rTct8c,대파,1,,,
kfGi3rTct8c,새송이버섯,1,piece,1,
kfGi3rTct8c,표고버섯,2,piece,2,
kfGi3rTct8c,청양고추,3,piece,3,
kfGi3rTct8c,홍고추,2,piece,2,
kfGi3rTct8c,건홍고추,3,piece,3,
kfGi3rTct8c,당면,100,g,100,
kfGi3rTct8c,찜닭소스 전량,,,,
WneiVYnZgHo,마늘돼지고기튀김,,,,
WneiVYnZgHo,돼지고기등심,500,g,500,
WneiVYnZgHo,튀김가루 과,1,,,
WneiVYnZgHo,식용유,3,tbsp,45,
WneiVYnZgHo,식용유,1.8,l,1800,
WneiVYnZgHo,깐마늘,1,,,
WneiVYnZgHo,진간장,1,tbsp,15,
WneiVYnZgHo,후춧가루,1,g,1,
WneiVYnZgHo,맛소금,1,g,1,
WneiVYnZgHo,탕수육소스,,,,
WneiVYnZgHo,황설탕,6,tbsp,90,
WneiVYnZgHo,식초,4,tbsp,60,
WneiVYnZgHo,진간장,2,tbsp,30,
WneiVYnZgHo,간생강,1,,,
WneiVYnZgHo,오이,30,g,30,
WneiVYnZgHo,당근,30,g,30,
WneiVYnZgHo,양파,30,g,30,
WneiVYnZgHo,물 과,1,,,
WneiVYnZgHo,전분가루,1,tbsp,15,
F3C8-uEMixU,고기튀김,,,,
F3C8-uEMixU,돼지고기,100,g,100,
F3C8-uEMixU,튀김가루,1,cup,200,
F3C8-uEMixU,맛소금,,,,적당량
F3C8-uEMixU,후춧가루,,,,적당량
F3C8-uEMixU,마늘소스,,,,
F3C8-uEMixU,마요네즈,3,,,
F3C8-uEMixU,식초,2,tbsp,30,
F3C8-uEMixU,황설탕,3,tbsp,45,
F3C8-uEMixU,깐마늘,1,,,
F3C8-uEMixU,햄버거 인분,1,,,
F3C8-uEMixU,햄버거빵,1,piece,1,
F3C8-uEMixU,고기튀김 장,2,,,
F3C8-uEMixU,마늘소스,3,tbsp,45,
F3C8-uEMixU,토마토,,,,적당량
F3C8-uEMixU,양상추,,,,적당량
F3C8-uEMixU,양파,,,,적당량
udirCMIxs_c,참기름,2,tbsp,30,
udirCMIxs_c,식용유,2,tbsp,30,
udirCMIxs_c,고추장,4,tbsp,60,
udirCMIxs_c,굵은고춧가루,1,tbsp,15,
udirCMIxs_c,국간장,3,tbsp,45,
udirCMIxs_c,감자,1,piece,1,
udirCMIxs_c,대패 삼겹살 줌,3,,,
udirCMIxs_c,대파,2,,,
udirCMIxs_c,멸치 액젓,1,tbsp,15,
udirCMIxs_c,간마늘,2,tbsp,30,
udirCMIxs_c,느타리 버섯,2,cup,400,
udirCMIxs_c,양파,1,,,
udirCMIxs_c,청양고추,2,piece,2,
udirCMIxs_c,후춧가루,1,,,
t4Es8mwdYlE,쌀떡,4,cup,800,
t4Es8mwdYlE,밀가루떡,4,cup,800,
t4Es8mwdYlE,사각어묵 장,4,,,
t4Es8mwdYlE,양배추,2,cup,400,
t4Es8mwdYlE,대파,3,cup,600,
t4Es8mwdYlE,삶은달걀,3,piece,3,
t4Es8mwdYlE,양념장,,,,
t4Es8mwdYlE,고추장,1,,,
t4Es8mwdYlE,진간장,1,,,
t4Es8mwdYlE,고운고춧가루,1,,,
t4Es8mwdYlE,굵은고춧가루,1,,,
t4Es8mwdYlE,황설탕,1,,,
HSPOnMZNoY4,만두피,150,g,150,
HSPOnMZNoY4,식용유,1,l,1000,
HSPOnMZNoY4,황설탕,2,tbsp,30,
HSPOnMZNoY4,계핏가루,1,,,
h7NFHq9QeeU,훈연멸치육수,,,,
h7NFHq9QeeU,훈연멸치,1,cup,200,
h7NFHq9QeeU,양파,1,,,
h7NFHq9QeeU,대파 대,1,,,
h7NFHq9QeeU,다시마 장,2,,,
h7NFHq9QeeU,가락국수,,,,
h7NFHq9QeeU,육수,1.25,l,1250,
h7NFHq9QeeU,진간장,8,tbsp,120,
h7NFHq9QeeU,국간장,4,tbsp,60,
h7NFHq9QeeU,맛술,4,tbsp,60,
h7NFHq9QeeU,황설탕,1,tbsp,15,
h7NFHq9QeeU,꽃소금,,,,적당량
h7NFHq9QeeU,가락국수면,4,piece,4,
h7NFHq9QeeU,대파,,,,적당량
h7NFHq9QeeU,유부,,,,적당량
h7NFHq9QeeU,매화어묵,,,,적당량
h7NFHq9QeeU,맛살,,,,적당량
h7NFHq9QeeU,쑥갓,,,,적당량
h7NFHq9QeeU,불린미역,,,,적당량
h7NFHq9QeeU,고춧가루,,,,적당량
h7NFHq9QeeU,후추,,,,적당량
7ThPQ-Wiw0Q,당근,400,g,400,
7ThPQ-Wiw0Q,습식쌀가루,2,,,
7ThPQ-Wiw0Q,꽃소금,,,,적당량
7ThPQ-Wiw0Q,통단팥,,,,적당량
zikhPxKgyJI,불고기,,,,
zikhPxKgyJI,소고기목심,2,cup,400,
zikhPxKgyJI,양파,1,,,
zikhPxKgyJI,대파,1,,,
zikhPxKgyJI,황설탕,2,tbsp,30,
zikhPxKgyJI,물엿,1,tbsp,15,
zikhPxKgyJI,맛술,1,tbsp,15,
zikhPxKgyJI,간마늘,1,tbsp,15,
zikhPxKgyJI,진간장,4,tbsp,60,
zikhPxKgyJI,참기름,3,tbsp,45,
zikhPxKgyJI,마요네즈소스,,,,
zikhPxKgyJI,마요네즈,1,,,
zikhPxKgyJI,단무지 줄,2,,,
zikhPxKgyJI,청양고추,2,piece,2,
zikhPxKgyJI,불고기버거,,,,
zikhPxKgyJI,핫도그빵,1,piece,1,
zikhPxKgyJI,불고기,,,,적당량
zikhPxKgyJI,마요네즈소스,,,,적당량
zikhPxKgyJI,케첩,,,,적당량
zikhPxKgyJI,모짜렐라슬라이스치즈 장,1,,,
HIz6eyE80V4,밤 소스,,,,
HIz6eyE80V4,깐 밤,1,,,
HIz6eyE80V4,밤 라면,,,,
HIz6eyE80V4,물 와,2,,,
HIz6eyE80V4,라면,1,piece,1,
HIz6eyE80V4,밤소스,1,,,
HIz6eyE80V4,간 돼지고기,1,,,
HIz6eyE80V4,달걀,1,piece,1,
HIz6eyE80V4,양파,1,,,
HIz6eyE80V4,대파,1,,,
HIz6eyE80V4,식용유,2,tbsp,30,
HIz6eyE80V4,진간장,1,tbsp,15,
HIz6eyE80V4,참기름,1,tbsp,15,
5iRPP3nqCJE,돼지고기 덮밥,,,,
5iRPP3nqCJE,뒷다리살,500,g,500,
5iRPP3nqCJE,진간장,1,,,
5iRPP3nqCJE,황설탕,1,,,
5iRPP3nqCJE,굴소스,1,,,
5iRPP3nqCJE,양파,1,cup,200,
5iRPP3nqCJE,삶은달걀,,,,
5iRPP3nqCJE,노두유,1,,,
5iRPP3nqCJE,깻잎 장,3,,,
5iRPP3nqCJE,덮밥소스,,,,
5iRPP3nqCJE,양파,,cup,,
5iRPP3nqCJE,깐마늘,2,piece,2,
5iRPP3nqCJE,홍고추,1,piece,1,
5iRPP3nqCJE,청양고추,1,piece,1,
5iRPP3nqCJE,멸치액젓,2,tbsp,30,
5iRPP3nqCJE,황설탕,2,tbsp,30,
5iRPP3nqCJE,식초,2,tbsp,30,
G2kylWhMw5s,수제비 반죽,,,,
G2kylWhMw5s,밀가루,300,g,300,
G2kylWhMw5s,꽃소금,2,g,2,
G2kylWhMw5s,김치 수제비,,,,
G2kylWhMw5s,멸치가루,4,tbsp,60,
G2kylWhMw5s,간마늘,1,tbsp,15,
G2kylWhMw5s,신김치,1,,,
G2kylWhMw5s,포기,4,,,
G2kylWhMw5s,고춧가루,1,tbsp,15,
G2kylWhMw5s,국간장,3,tbsp,45,
G2kylWhMw5s,멸치액젓,3,tbsp,45,
G2kylWhMw5s,애호박,1,,,
G2kylWhMw5s,양파,1,,,
G2kylWhMw5s,청양고추,3,piece,3,
G2kylWhMw5s,대파,1,cup,200,
G2kylWhMw5s,꽃소금,,,,적당량
hEBT2uGjy6o,생밤,3,cup,600,
hEBT2uGjy6o,생밤,,,,적당량
hEBT2uGjy6o,물 와,4,,,
hEBT2uGjy6o,쌀가루,4,tbsp,60,
hEBT2uGjy6o,꽃소금,,,,적당량
nAfB4wPN0f4,달걀,5,piece,5,
nAfB4wPN0f4,식초,1,tbsp,15,
nAfB4wPN0f4,꽃소금,1,tbsp,15,
nAfB4wPN0f4,달걀 삶는 법,,,,
NNZ5jI_RQjI,삶은 달걀,,,,적당량
NNZ5jI_RQjI,식용유,5,tbsp,75,
NNZ5jI_RQjI,양파,1,piece,1,
NNZ5jI_RQjI,만능양파,1,,,
NNZ5jI_RQjI,카레가루봉지,1,,,
NNZ5jI_RQjI,고운고춧가루,1,tbsp,15,
NNZ5jI_RQjI,큐민가루,1,tbsp,15,
NNZ5jI_RQjI,후춧가루,,,,적당량
NNZ5jI_RQjI,파슬리가루,,,,적당량
3OwIXlvjjyk,튀김,,,,
3OwIXlvjjyk,식용유,1.8,l,1800,
3OwIXlvjjyk,돈등심,500,g,500,
3OwIXlvjjyk,감자전분,2,cup,400,
3OwIXlvjjyk,물 과큰술,1,cup,200,
3OwIXlvjjyk,달걀물,2,tbsp,30,
3OwIXlvjjyk,맛소금,,,,적당량
3OwIXlvjjyk,후춧가루,,,,적당량
3OwIXlvjjyk,소스,,,,
3OwIXlvjjyk,식용유,2,tbsp,30,
3OwIXlvjjyk,간생강,1,,,
3OwIXlvjjyk,진간장,2,tbsp,30,
3OwIXlvjjyk,설탕,5,tbsp,75,
3OwIXlvjjyk,식초,5,tbsp,75,
3OwIXlvjjyk,대파,,,,적당량
3OwIXlvjjyk,당근,,,,적당량
3OwIXlvjjyk,레몬,,,,적당량
ffuakdFmuh4,된장,1,,,
ffuakdFmuh4,물 약,4,cup,800,
ffuakdFmuh4,간마늘,1,,,
ffuakdFmuh4,육수용멸치 마리,10,,,
ffuakdFmuh4,애호박,1,,,
ffuakdFmuh4,양파,1,,,
ffuakdFmuh4,느타리버섯,1,cup,200,
ffuakdFmuh4,대파,2,,,
ffuakdFmuh4,청양고추,2,piece,2,
ffuakdFmuh4,홍고추,1,,,
ffuakdFmuh4,두부,1,,,
FnihBW52Ux8,달래간장,,,,
FnihBW52Ux8,간돼지고기,2,,,
FnihBW52Ux8,진간장,1,,,
FnihBW52Ux8,황설탕과,1,,,
FnihBW52Ux8,간마늘,1,tbsp,15,
FnihBW52Ux8,굵은고춧가루,1,,,
FnihBW52Ux8,고운고춧가루,1,,,
FnihBW52Ux8,청양고추,1,piece,1,
FnihBW52Ux8,깨소금,,tbsp,,
FnihBW52Ux8,참기름,1,tbsp,15,
FnihBW52Ux8,달래,1,cup,200,
FnihBW52Ux8,밤밥,,,,
FnihBW52Ux8,생밤,,,,적당량
FnihBW52Ux8,콩나물밥,,,,
FnihBW52Ux8,콩나물,100,g,100,
zRg4nxIv3j8,소스,,,,
zRg4nxIv3j8,진간장,2,tbsp,30,
zRg4nxIv3j8,식초,2,,,
zRg4nxIv3j8,황설탕,1,tbsp,15,
zRg4nxIv3j8,식용유,3,tbsp,45,
zRg4nxIv3j8,양배추,,cup,,
zRg4nxIv3j8,양파,1,,,
zRg4nxIv3j8,당근,20,g,20,
zRg4nxIv3j8,돼지고기,50,g,50,
zRg4nxIv3j8,대파,30,g,30,
zRg4nxIv3j8,우동면,1,piece,1,
zRg4nxIv3j8,훈연멸치가루,,,,적당량
zRg4nxIv3j8,쪽파,,,,적당량
zRg4nxIv3j8,마요네즈,,,,적당량
_l_cJyxNkhc,고추기름,,,,
_l_cJyxNkhc,굵은고춧가루,3,tbsp,45,
_l_cJyxNkhc,식용유,1,,,
_l_cJyxNkhc,대파,1,,,
_l_cJyxNkhc,참기름,1,tbsp,15,
_l_cJyxNkhc,마요네즈,3,tbsp,45,
_l_cJyxNkhc,식초,1,tbsp,15,
_l_cJyxNkhc,황설탕 과,1,,,
_l_cJyxNkhc,꽃소금,,,,한꼬집
_l_cJyxNkhc,간마늘,1,tbsp,15,
_l_cJyxNkhc,고추냉이,2,,,
_l_cJyxNkhc,무침 재료,,,,
_l_cJyxNkhc,닭다리살,1,piece,1,
_l_cJyxNkhc,후춧가루,,,,적당량
_l_cJyxNkhc,맛소금,,,,적당량
_l_cJyxNkhc,양파,20,g,20,
_l_cJyxNkhc,파채,100,g,100,
xecKUiZBCtM,오징어채,200,g,200,
xecKUiZBCtM,고추장,1,,,
xecKUiZBCtM,고운고춧가루,1,,,
xecKUiZBCtM,참기름,3,tbsp,45,
xecKUiZBCtM,물엿,1,,,
xecKUiZBCtM,황설탕,1,,,
xecKUiZBCtM,마요네즈,1,,,
xecKUiZBCtM,통깨,3,g,3,
IasQ3XURCTI,닭근위,1,cup,200,
IasQ3XURCTI,마늘,2,,,
IasQ3XURCTI,식용유,1,cup,200,
IasQ3XURCTI,맛소금,,,,적당량
IasQ3XURCTI,후추,,,,적당량
IasQ3XURCTI,참기름,,tbsp,,
4TnaTTg1R_Q,기본 버전,,,,
4TnaTTg1R_Q,바지락,500,g,500,
4TnaTTg1R_Q,사천고추,,,,적당량
4TnaTTg1R_Q,대파,,cup,,
4TnaTTg1R_Q,마늘,4,piece,4,
4TnaTTg1R_Q,식용유,1,,,
4TnaTTg1R_Q,막걸리 응용 버전,,,,
4TnaTTg1R_Q,막걸리,1,cup,200,
4TnaTTg1R_Q,버터,2,tbsp,30,
4TnaTTg1R_Q,꽃소금,,,,적당량
4TnaTTg1R_Q,대파,,,,적당량
4TnaTTg1R_Q,청하 응용 버전,,,,
4TnaTTg1R_Q,청주,1,cup,200,
4TnaTTg1R_Q,양념소스,,,,
4TnaTTg1R_Q,황설탕,1,,,
4TnaTTg1R_Q,식초,2,tbsp,30,
4TnaTTg1R_Q,진간장,,,,적당량
RVfSeUZ8XkY,돼지고기전지,1,kg,1000,
RVfSeUZ8XkY,신김치,1.3,kg,1300,
RVfSeUZ8XkY,양파,1,,,
RVfSeUZ8XkY,대파,1,cup,200,
RVfSeUZ8XkY,청양고추,3,piece,3,
RVfSeUZ8XkY,황설탕,3,tbsp,45,
RVfSeUZ8XkY,국간장,2,tbsp,30,
RVfSeUZ8XkY,된장,1,tbsp,15,
RVfSeUZ8XkY,간마늘,1,tbsp,15,
RVfSeUZ8XkY,굵은고춧가루,2,tbsp,30,
xsTFsunt6-8,소고기,1,,,
xsTFsunt6-8,자른미역,1,,,
xsTFsunt6-8,참기름,2,tbsp,30,
xsTFsunt6-8,국간장,3,tbsp,45,
xsTFsunt6-8,물 약,7,cup,1400,
xsTFsunt6-8,다진마늘,2,,,
xsTFsunt6-8,멸치액젓 과,1,,,
81gLJ5kRu4Y,시금치,200,g,200,
81gLJ5kRu4Y,청양고추,3,piece,3,
81gLJ5kRu4Y,굵은고춧가루,1,,,
81gLJ5kRu4Y,마늘,3,piece,3,
81gLJ5kRu4Y,참기름,2,tbsp,30,
81gLJ5kRu4Y,깨소금,1,tbsp,15,
81gLJ5kRu4Y,맛소금 과,1,,,
81gLJ5kRu4Y,후춧가루,,,,적당량
eIo2BaE6LxI,김치,1,cup,200,
eIo2BaE6LxI,소시지,2,piece,2,
eIo2BaE6LxI,대파,1,,,
eIo2BaE6LxI,식용유,3,tbsp,45,
eIo2BaE6LxI,진간장,1,,,
eIo2BaE6LxI,고운고춧가루,1,,,
eIo2BaE6LxI,설탕,1,,,
eIo2BaE6LxI,즉석밥,1,piece,1,
eIo2BaE6LxI,달걀,1,piece,1,
eIo2BaE6LxI,김가루,,,,적당량
eIo2BaE6LxI,깨소금,,,,적당량
XU5Jv4e7DKw,시금치,150,g,150,
XU5Jv4e7DKw,간돼지고기 과,1,,,
XU5Jv4e7DKw,식용유,,cup,,
XU5Jv4e7DKw,청양고추,4,piece,4,
XU5Jv4e7DKw,홍고추,1,piece,1,
XU5Jv4e7DKw,마늘 알,4,,,
XU5Jv4e7DKw,설탕 과,1,,,
XU5Jv4e7DKw,굴 소스,1,tbsp,15,
XU5Jv4e7DKw,멸치 액젓,1,tbsp,15,
XU5Jv4e7DKw,진간장,1,,,
XU5Jv4e7DKw,노두유,1,tbsp,15,
XU5Jv4e7DKw,달걀,1,piece,1,
XU5Jv4e7DKw,밥 공기,1,,,
bLprteo75gY,바지락,100,g,100,
bLprteo75gY,라면 봉지,1,,,
bLprteo75gY,달걀,1,piece,1,
bLprteo75gY,대파,,cup,,
bLprteo75gY,건미역,1,tbsp,15,
bLprteo75gY,청양고추,2,piece,2,
bLprteo75gY,물 과,3,,,
bLprteo75gY,멸치액젓,1,,,
bLprteo75gY,굵은고춧가루,1,,,
bLprteo75gY,된장,1,,,
wfm951HEpGU,부추전,,,,
wfm951HEpGU,부추,200,g,200,
wfm951HEpGU,당근,1,,,
wfm951HEpGU,청양고추,4,piece,4,
wfm951HEpGU,부침가루 과,1,,,
wfm951HEpGU,물 과,1,,,
wfm951HEpGU,멸치액젓,1,tbsp,15,
wfm951HEpGU,건새우,1,,,
wfm951HEpGU,식용유,3,tbsp,45,
wfm951HEpGU,간마늘,1,tbsp,15,
wfm951HEpGU,초간장,,,,
wfm951HEpGU,진간장,1,tbsp,15,
wfm951HEpGU,식초,1,tbsp,15,
wfm951HEpGU,황설탕,1,,,
8l9H8FlhiOo,홍합탕,,,,
8l9H8FlhiOo,홍합,500,g,500,
8l9H8FlhiOo,청양고추,3,piece,3,
8l9H8FlhiOo,대파,1,,,
8l9H8FlhiOo,식초,1,,,
8l9H8FlhiOo,맛소금,,,,적당량
8l9H8FlhiOo,홍합와인탕,,,,
8l9H8FlhiOo,완숙 토마토,2,piece,2,
8l9H8FlhiOo,양파,1,,,
8l9H8FlhiOo,마늘 알,5,,,
8l9H8FlhiOo,식용유,1,,,
8l9H8FlhiOo,화이트 와인,4,,,
8l9H8FlhiOo,버터,1,,,
JV5pUbCiy1s,시금치,300,g,300,
JV5pUbCiy1s,베이컨,90,g,90,
JV5pUbCiy1s,마늘,3,piece,3,
JV5pUbCiy1s,식용유,3,tbsp,45,
JV5pUbCiy1s,맛소금,,,,적당량
pTvMsM2v1tg,토마토,250,g,250,
pTvMsM2v1tg,달걀,4,piece,4,
pTvMsM2v1tg,식용유,1,,,
pTvMsM2v1tg,대파,1,,,
pTvMsM2v1tg,진간장,1,tbsp,15,
pTvMsM2v1tg,굴소스,1,tbsp,15,
pTvMsM2v1tg,꽃소금,,,,적당량
pTvMsM2v1tg,후춧가루,,,,적당량
pTvMsM2v1tg,참기름,1,,,
wDVYtePSF_Q,홍합,300,g,300,
wDVYtePSF_Q,라면 봉지,1,,,
wDVYtePSF_Q,달걀,1,piece,1,
wDVYtePSF_Q,된장,1,,,
wDVYtePSF_Q,대파,1,,,
wDVYtePSF_Q,청양고추,2,piece,2,
TKFpBXl2w-A,도시락까지 없는 게 없죠,,,,
FQPtD59Imqo,기본버전,,,,
FQPtD59Imqo,마요네즈,2,,,
FQPtD59Imqo,설탕,1,tbsp,15,
FQPtD59Imqo,식초,2,tbsp,30,
FQPtD59Imqo,청양고추,3,piece,3,
FQPtD59Imqo,진간장,1,tbsp,15,
FQPtD59Imqo,쪽파,,,,적당량
FQPtD59Imqo,간장버전,,,,
FQPtD59Imqo,고추냉이버전,,,,
FQPtD59Imqo,고추냉이,1,,,
lqCzPHUu-3E,라면,1,piece,1,
lqCzPHUu-3E,초고추장,,,,적당량
lqCzPHUu-3E,설탕,,,,적당량
Xhv99PA2OEI,알새우칩 과자 봉지,1,,,
Xhv99PA2OEI,후레쉬콘 샐러드,,,,적당량
Xhv99PA2OEI,크래미아 마카로니샐러드,,,,적당량
Xhv99PA2OEI,파슬리가루,,,,적당량
sw2YbfPbHk0,닭갈비 도시락,1,piece,1,
sw2YbfPbHk0,식용유,2,tbsp,30,
sw2YbfPbHk0,모차렐라치즈 봉,1,,,
sw2YbfPbHk0,김가루,,,,적당량
sw2YbfPbHk0,돼지고기 덮밥 도시락,1,piece,1,
b0VqL4-dSPM,양배추,1,,,
b0VqL4-dSPM,슬라이스 햄,50,g,50,
b0VqL4-dSPM,당근,50,g,50,
b0VqL4-dSPM,식초,1,tbsp,15,
b0VqL4-dSPM,설탕,1,tbsp,15,
b0VqL4-dSPM,마요네즈,5,tbsp,75,
b0VqL4-dSPM,꽃소금,1,tbsp,15,
b0VqL4-dSPM,생크림,2,,,
b0VqL4-dSPM,후춧가루,,,,적당량
IGikNAE92Ls,간장불고기 김밥,,,,
IGikNAE92Ls,식용유,2,tbsp,30,
IGikNAE92Ls,땡초크랩마요 김밥,,,,
iNh_bXmYfgw,소스,,,,
iNh_bXmYfgw,진간장,2,tbsp,30,
iNh_bXmYfgw,황설탕,2,tbsp,30,
iNh_bXmYfgw,케찹,4,tbsp,60,
iNh_bXmYfgw,식초,1,tbsp,15,
iNh_bXmYfgw,간생강,1,,,
iNh_bXmYfgw,비엔나소시지,250,g,250,
iNh_bXmYfgw,식용유,3,tbsp,45,
iNh_bXmYfgw,마늘,10,piece,10,
iNh_bXmYfgw,양파,1,,,
iNh_bXmYfgw,양송이,2,piece,2,
iNh_bXmYfgw,파프리카,1,,,
iNh_bXmYfgw,당근,1,,,
iNh_bXmYfgw,후춧가루,,,,적당량
iNh_bXmYfgw,깨소금,,,,적당량
sRQxVQ5-NNA,무절임,,,,
sRQxVQ5-NNA,꽃소금,2,,,
sRQxVQ5-NNA,설탕,2,,,
sRQxVQ5-NNA,밀가루풀,,,,
sRQxVQ5-NNA,밀가루,3,tbsp,45,
sRQxVQ5-NNA,깍두기양념,,,,
sRQxVQ5-NNA,대파,2,cup,400,
sRQxVQ5-NNA,멸치액젓,,cup,,
sRQxVQ5-NNA,꽃소금,,cup,,
sRQxVQ5-NNA,새우젓,2,,,
sRQxVQ5-NNA,간마늘,1,cup,200,
sRQxVQ5-NNA,간생강,,cup,,
sRQxVQ5-NNA,설탕,1,cup,200,
sRQxVQ5-NNA,고운고춧가루 과,1,,,
sRQxVQ5-NNA,굵은고춧가루 과,1,,,
j7s9VRsrm9o,삼겹살,300,g,300,
j7s9VRsrm9o,통마늘 알,8,,,
j7s9VRsrm9o,청양고추,3,piece,3,
j7s9VRsrm9o,대파 대,2,,,
j7s9VRsrm9o,진간장,3,tbsp,45,
j7s9VRsrm9o,설탕,1.5,tbsp,22.5,
j7s9VRsrm9o,굵은 고춧가루,1,tbsp,15,
j7s9VRsrm9o,고운 고춧가루,1,tbsp,15,
j7s9VRsrm9o,참기름,1,,,
j7s9VRsrm9o,맛소금,,,,적당량
j7s9VRsrm9o,후춧가루,,,,적당량
j7s9VRsrm9o,깨소금,,,,적당량
j7s9VRsrm9o,쌈 재료,,,,
j7s9VRsrm9o,쌈 채소,,,,적당량
j7s9VRsrm9o,쌈장,,,,적당량
lH360TWUjSU,소 불고기용,400,g,400,
lH360TWUjSU,대파 대,6,,,
lH360TWUjSU,식용유,1,,,
lH360TWUjSU,참기름,1,,,
lH360TWUjSU,당면,100,g,100,
lH360TWUjSU,다시마 장,10,,,
lH360TWUjSU,간 마늘,2,tbsp,30,
lH360TWUjSU,국간장,4,tbsp,60,
lH360TWUjSU,후춧가루,,,,적당량
lH360TWUjSU,꽃소금,1,tbsp,15,
lH360TWUjSU,멸치 액젓,3,tbsp,45,
lH360TWUjSU,매운 양념 재료,,,,
lH360TWUjSU,굵은 고춧가루,2.5,tbsp,37.5,
lH360TWUjSU,고운 고춧가루,1,tbsp,15,
lH360TWUjSU,국간장,2,tbsp,30,
lH360TWUjSU,간 마늘,1,tbsp,15,
lH360TWUjSU,청양고추,3,piece,3,
4WEhZLQ37Fk,감자,2,piece,2,
4WEhZLQ37Fk,소시지,1,,,
4WEhZLQ37Fk,달걀,3,piece,3,
4WEhZLQ37Fk,식용유,1,,,
4WEhZLQ37Fk,꽃소금,2,,,
4WEhZLQ37Fk,후춧가루,,,,적당량
4WEhZLQ37Fk,파슬리가루,,,,적당량
4WEhZLQ37Fk,케첩,,,,적당량
XKohdaL45K8,밥 공기,1,,,
XKohdaL45K8,우목심,1,,,
XKohdaL45K8,대파,1,,,
XKohdaL45K8,깍두기,1,cup,200,
XKohdaL45K8,김치국물,1,,,
XKohdaL45K8,고추장,2,,,
XKohdaL45K8,참기름,1,,,
XKohdaL45K8,진간장,1,tbsp,15,
XKohdaL45K8,황설탕,1,,,
XKohdaL45K8,식용유,3,tbsp,45,
XKohdaL45K8,식용유,,,,적당량
XKohdaL45K8,달걀,1,piece,1,
XKohdaL45K8,맛소금,,,,적당량
XKohdaL45K8,깨소금,,,,적당량
xNUvkgONOOM,장아찌소스,,,,
xNUvkgONOOM,진간장,2,cup,400,
xNUvkgONOOM,식초 과,1,,,
xNUvkgONOOM,설탕 과,1,,,
xNUvkgONOOM,방울토마토 장아찌,,,,
xNUvkgONOOM,방울토마토,,,,
xNUvkgONOOM,시금치 장아찌,,,,
xNUvkgONOOM,시금치,,,,
xNUvkgONOOM,오이장아찌,,,,
xNUvkgONOOM,오이,,,,
__EQyG0qFuE,중면,100,g,100,
__EQyG0qFuE,장아찌소스,1,,,
__EQyG0qFuE,김치,1,,,
__EQyG0qFuE,불린미역,1,,,
__EQyG0qFuE,단무지,1,,,
__EQyG0qFuE,청양고추,1,piece,1,
__EQyG0qFuE,대파,,,,적당량
__EQyG0qFuE,깨소금,,,,적당량
6AmBDFIJRE8,순대,400,g,400,
6AmBDFIJRE8,양파,1,,,
6AmBDFIJRE8,대파 대,1,,,
6AmBDFIJRE8,새송이,1,,,
6AmBDFIJRE8,당근,1,,,
6AmBDFIJRE8,통마늘 알,10,,,
6AmBDFIJRE8,양배추,1,,,
6AmBDFIJRE8,깻잎 장,10,,,
6AmBDFIJRE8,청양고추,3,piece,3,
6AmBDFIJRE8,들기름,1,,,
6AmBDFIJRE8,식용유,1,,,
6AmBDFIJRE8,설탕,1,,,
6AmBDFIJRE8,소금,1,,,
6AmBDFIJRE8,들깻가루 과,1,,,
6AmBDFIJRE8,불린 당면,50,g,50,
6AmBDFIJRE8,후춧가루,,,,적당량
6AmBDFIJRE8,깨소금,,,,적당량
6AmBDFIJRE8,소스 재료,,,,
6AmBDFIJRE8,초고추장,4,tbsp,60,
6AmBDFIJRE8,간 마늘,1,tbsp,15,
6AmBDFIJRE8,들기름,1,tbsp,15,
6AmBDFIJRE8,된장,2,,,
NvoCWyO0Vfg,김 장,5,,,
NvoCWyO0Vfg,진간장,2,tbsp,30,
NvoCWyO0Vfg,황설탕,2,tbsp,30,
NvoCWyO0Vfg,진라면,1,piece,1,
NvoCWyO0Vfg,깨소금,1,tbsp,15,
NvoCWyO0Vfg,들기름,3,tbsp,45,
NvoCWyO0Vfg,대파,1,,,
NvoCWyO0Vfg,청양고추,2,piece,2,
rgKIUQgzhbs,모닝빵,,,,
rgKIUQgzhbs,핫도그빵,,,,
rgKIUQgzhbs,달걀,3,piece,3,
rgKIUQgzhbs,카레가루,4,tbsp,60,
rgKIUQgzhbs,스틱버터,1,,,
rgKIUQgzhbs,양파,1,piece,1,
rgKIUQgzhbs,양배추,,,,적당량
rgKIUQgzhbs,식용유,,,,적당량
7S9VN54ldnU,다진 돼지고기,2,cup,400,
7S9VN54ldnU,대파 대,1,,,
7S9VN54ldnU,양파,2,piece,2,
7S9VN54ldnU,춘장,1,piece,1,
7S9VN54ldnU,식용유,4,,,
7S9VN54ldnU,간생강,1,,,
7S9VN54ldnU,설탕,3,,,
7S9VN54ldnU,굴 소스,1,,,
7S9VN54ldnU,진간장,1,,,
7S9VN54ldnU,어묵 장,2,,,
7S9VN54ldnU,대파,1,,,
7S9VN54ldnU,물 과,1,,,
7S9VN54ldnU,만능짜장소스,1,,,
7S9VN54ldnU,고추장,2,,,
7S9VN54ldnU,설탕,1,tbsp,15,
7S9VN54ldnU,삶은 달걀,,,,
#NAME?,고구마생채 비빔밥,,,,
#NAME?,고구마,1,piece,1,
#NAME?,대파,1,,,
#NAME?,멸치액젓,2,tbsp,30,
#NAME?,간마늘 과,1,,,
#NAME?,고운고춧가루,2,tbsp,30,
#NAME?,굵은고춧가루,2,tbsp,30,
#NAME?,설탕,3,tbsp,45,
#NAME?,식초,1,,,
#NAME?,꽃소금,1,g,1,
#NAME?,깨소금,1,tbsp,15,
#NAME?,참기름,2,tbsp,30,
#NAME?,밥 공기,1,,,
#NAME?,물고추장,,,,
#NAME?,고추장,3,tbsp,45,
#NAME?,물 과,1,,,
_O4tvQtZDiU,달걀,2,piece,2,
_O4tvQtZDiU,대파,1,,,
_O4tvQtZDiU,만능짜장소스,2,tbsp,30,
_O4tvQtZDiU,식용유,2,tbsp,30,
_O4tvQtZDiU,밥 공기,1,,,
aXJgN_JjYDg,고구마,2,piece,2,
aXJgN_JjYDg,식용유,1,,,
aXJgN_JjYDg,설탕,1,,,
aXJgN_JjYDg,튀김용 식용유,,,,적당량
AlK2Gl6kHZI,소스,,,,
AlK2Gl6kHZI,밀가루,1,tbsp,15,
AlK2Gl6kHZI,식용유,2,tbsp,30,
AlK2Gl6kHZI,케첩,2,tbsp,30,
AlK2Gl6kHZI,간장,2,tbsp,30,
AlK2Gl6kHZI,황설탕,1.5,tbsp,22.5,
AlK2Gl6kHZI,식초,1,tbsp,15,
AlK2Gl6kHZI,양파,1,,,
AlK2Gl6kHZI,당근,,cup,,
AlK2Gl6kHZI,밥 공기,1,,,
AlK2Gl6kHZI,간장,1,tbsp,15,
AlK2Gl6kHZI,미림,2,tbsp,30,
AlK2Gl6kHZI,후추,,,,
AlK2Gl6kHZI,달걀옷,,,,
AlK2Gl6kHZI,달걀,3,piece,3,
AlK2Gl6kHZI,식용유,,,,적당량
kj2ZupQ7fts,달걀,2,piece,2,
kj2ZupQ7fts,통조림 햄 약,1,,,
kj2ZupQ7fts,신 김치,1,,,
kj2ZupQ7fts,식용유,3,tbsp,45,
kj2ZupQ7fts,밥 공기,1,,,
kj2ZupQ7fts,황설탕,1,,,
kj2ZupQ7fts,진간장 약,1,,,
kj2ZupQ7fts,쪽파,,,,약간
kj2ZupQ7fts,마요네즈,,,,적당량
9OYciHKmgus,튀긴 두부 버전,,,,
9OYciHKmgus,두부반모,1,,,
9OYciHKmgus,올리브오일,3,tbsp,45,
9OYciHKmgus,장아찌소스,3,tbsp,45,
9OYciHKmgus,양상추,1,,,
9OYciHKmgus,치커리 줄,3,,,
9OYciHKmgus,어린잎채소,,,,적당량
9OYciHKmgus,방울토마토,4,piece,4,
9OYciHKmgus,블랙올리브,3,piece,3,
9OYciHKmgus,후춧가루,,,,적당량
9OYciHKmgus,감자전분,,,,적당량
9OYciHKmgus,식용유,,,,적당량
9OYciHKmgus,으깬 두부 버전,,,,
jBdQ65yHB_U,칵테일새우  사이즈,26,,,
jBdQ65yHB_U,마리,30,,,
jBdQ65yHB_U,통마늘,15,piece,15,
jBdQ65yHB_U,양송이버섯,4,piece,4,
jBdQ65yHB_U,방울토마토,6,piece,6,
jBdQ65yHB_U,베트남 고추,5,piece,5,
jBdQ65yHB_U,올리브유,1,cup,200,
jBdQ65yHB_U,맛소금 약,1,,,
jBdQ65yHB_U,후춧가루,,,,약간
jBdQ65yHB_U,파슬리가루,,,,약간
jBdQ65yHB_U,바게트 or 식빵,,,,적당량
T7YJviWhquo,달걀,6,piece,6,
T7YJviWhquo,당근,1,,,
T7YJviWhquo,대파,1,,,
T7YJviWhquo,꽃소금,1,,,
T7YJviWhquo,황설탕,,,,약간
T7YJviWhquo,식용유,3,tbsp,45,
1smKGJS_9p0,달걀,6,piece,6,
1smKGJS_9p0,해물육교자,5,piece,5,
1smKGJS_9p0,꽃소금,,,,약간
1smKGJS_9p0,황설탕,,,,약간
1smKGJS_9p0,식용유,3,tbsp,45,
FN02e4DYvpA,열무,300,g,300,
FN02e4DYvpA,식용유,1,,,
FN02e4DYvpA,대파 약,4,,,
FN02e4DYvpA,양파 약,1,,,
FN02e4DYvpA,간 마늘 약,2,tbsp,30,
FN02e4DYvpA,간 돼지고기 약,1,cup,200,
FN02e4DYvpA,황설탕,5,,,
FN02e4DYvpA,진간장 약과,1,,,
FN02e4DYvpA,재래식 된장 약와,2,,,
FN02e4DYvpA,고추장 약,3,,,
FN02e4DYvpA,홍고추 약과,1,,,
FN02e4DYvpA,청양고추 약,2,piece,2,
FN02e4DYvpA,굵은 고춧가루,1,tbsp,15,
FN02e4DYvpA,고운 고춧가루,1,,,
FN02e4DYvpA,참기름,2,tbsp,30,
FN02e4DYvpA,간 깨,2,,,
FN02e4DYvpA,밥 공기,2,,,
du9q1BldDHU,닭다리살,100,g,100,
du9q1BldDHU,달걀,1,piece,1,
du9q1BldDHU,양파 약,1,,,
du9q1BldDHU,대파,1,,,
du9q1BldDHU,진간장,3,tbsp,45,
du9q1BldDHU,황설탕 과,1,,,
du9q1BldDHU,맛술,1,tbsp,15,
du9q1BldDHU,밥 공기,1,,,
du9q1BldDHU,훈연멸치가루,,,,적당량
du9q1BldDHU,식용유,,,,적당량
QFTBQF5l0Ro,고구마,300,g,300,
QFTBQF5l0Ro,달걀,1,piece,1,
QFTBQF5l0Ro,양파 약,1,,,
QFTBQF5l0Ro,베이컨 장,4,,,
QFTBQF5l0Ro,피망,1,,,
QFTBQF5l0Ro,통조림 옥수수,4,tbsp,60,
QFTBQF5l0Ro,피자치즈,1,cup,200,
QFTBQF5l0Ro,식용유,3,tbsp,45,
QFTBQF5l0Ro,설탕,1,tbsp,15,
QFTBQF5l0Ro,맛소금,,,,적당량
JKZqaFpJHn0,신김치,1,cup,200,
JKZqaFpJHn0,오트밀 봉지,2,,,
JKZqaFpJHn0,물 와,2,,,
JKZqaFpJHn0,국간장,1,tbsp,15,
JKZqaFpJHn0,통조림참치,1,,,
JKZqaFpJHn0,꽃소금,,,,적당량
JKZqaFpJHn0,참기름,,,,적당량
JKZqaFpJHn0,깨소금,,,,적당량
zS_o6psOt9g,프라이팬 버전,,,,
zS_o6psOt9g,옥수수통조림 캔,1,,,
zS_o6psOt9g,양파,1,,,
zS_o6psOt9g,황설탕,1,tbsp,15,
zS_o6psOt9g,마요네즈,4,tbsp,60,
zS_o6psOt9g,모짜렐라치즈,1,cup,200,
zS_o6psOt9g,스틱버터,1,tbsp,15,
zS_o6psOt9g,파슬리가루,,,,약간
zS_o6psOt9g,에어프라이어 버전,,,,
zS_o6psOt9g,양파 약,1,,,
zS_o6psOt9g,후춧가루,,,,약간
nj-DjQFEZb0,순두부 팩,1,,,
nj-DjQFEZb0,간 돼지고기,2,,,
nj-DjQFEZb0,양파 약,1,,,
nj-DjQFEZb0,대파 약,1,,,
nj-DjQFEZb0,청양고추,2,piece,2,
nj-DjQFEZb0,쪽파,2,tbsp,30,
nj-DjQFEZb0,바지락,10,piece,10,
nj-DjQFEZb0,간마늘,1,tbsp,15,
nj-DjQFEZb0,황설탕,1,,,
nj-DjQFEZb0,고운고춧가루,1,tbsp,15,
nj-DjQFEZb0,참기름,3,tbsp,45,
nj-DjQFEZb0,꽃소금 약,1,,,
nj-DjQFEZb0,진간장,2,tbsp,30,
nj-DjQFEZb0,달걀,2,piece,2,
nj-DjQFEZb0,후춧가루,,,,약간
YXMxnHx7yZQ,달걀샌드위치,,,,
YXMxnHx7yZQ,달걀,6,piece,6,
YXMxnHx7yZQ,식빵 장,4,,,
YXMxnHx7yZQ,슬라이스치즈 장,2,,,
YXMxnHx7yZQ,베이컨 장,3,,,
YXMxnHx7yZQ,스틱버터,,,,적당량
YXMxnHx7yZQ,마요소스,,,,적당량
YXMxnHx7yZQ,쓰리라차마요소스,,,,적당량
YXMxnHx7yZQ,마요소스,,,,
YXMxnHx7yZQ,마요네즈,1,,,
YXMxnHx7yZQ,황설탕,1,tbsp,15,
YXMxnHx7yZQ,쓰리라차마요소스,,,,
YXMxnHx7yZQ,고운고춧가루,1,,,
YXMxnHx7yZQ,식초 약와,2,,,
iij0bMkadEw,다시마 육수,,,,
iij0bMkadEw,건 다시마,54,g,54,
iij0bMkadEw,다시마 칼국수,,,,
iij0bMkadEw,다시마 육수 약,6,cup,1200,
iij0bMkadEw,칼국수 면,225,g,225,
iij0bMkadEw,멸치가루,3,,,
iij0bMkadEw,국간장,1,tbsp,15,
iij0bMkadEw,꽃소금 약,1,,,
iij0bMkadEw,돼지 호박 약,1,,,
iij0bMkadEw,당근 약,1,,,
iij0bMkadEw,감자 약,1,,,
iij0bMkadEw,양파 약,1,,,
iij0bMkadEw,대파,2,,,
iij0bMkadEw,청양고추,2,piece,2,
iij0bMkadEw,불린 다시마 채,80,g,80,
iij0bMkadEw,깨소금,,,,약간
iij0bMkadEw,후춧가루,,,,약간
nFCahVPrnD0,식용유,1,tbsp,15,
nFCahVPrnD0,손질한 국멸치 마리,3,,,
nFCahVPrnD0,재래식 된장,3,tbsp,45,
nFCahVPrnD0,간 마늘,3,,,
nFCahVPrnD0,황설탕,1,,,
nFCahVPrnD0,굵은 고춧가루,1,,,
nFCahVPrnD0,쌀뜨물,3,,,
nFCahVPrnD0,대파,1,,,
nFCahVPrnD0,양파,1,,,
nFCahVPrnD0,청양고추,1,piece,1,
iWWQBoS3SL4,비빔국수,,,,
iWWQBoS3SL4,소면,200,g,200,
iWWQBoS3SL4,깨소금,6,tbsp,90,
iWWQBoS3SL4,양념장,,,,적당량
iWWQBoS3SL4,참기름,,,,적당량
iWWQBoS3SL4,양념장,,,,
iWWQBoS3SL4,고추장 약,1,,,
iWWQBoS3SL4,양조식초 약,4,tbsp,60,
iWWQBoS3SL4,황설탕,3,tbsp,45,
iWWQBoS3SL4,진간장,1,tbsp,15,
iWWQBoS3SL4,고운고춧가루,1,,,
iWWQBoS3SL4,간마늘,1,tbsp,15,
Eino3yP-Wk0,두부 모,1,,,
Eino3yP-Wk0,새우젓,1,tbsp,15,
Eino3yP-Wk0,굵은 고춧가루,2,tbsp,30,
Eino3yP-Wk0,진간장,2,tbsp,30,
Eino3yP-Wk0,황설탕,1,,,
Eino3yP-Wk0,정수 물,1,cup,200,
Eino3yP-Wk0,간 마늘,1,,,
Eino3yP-Wk0,간 생강,,,,약간
Eino3yP-Wk0,대파,1,cup,200,
Eino3yP-Wk0,청양고추,1,piece,1,
Eino3yP-Wk0,들기름,1,tbsp,15,
eeiqjyYgPew,토막 닭고기 마리,1,,,
eeiqjyYgPew,대파 대,2,,,
eeiqjyYgPew,청양고추,3,piece,3,
eeiqjyYgPew,홍고추,2,piece,2,
eeiqjyYgPew,새송이버섯,2,piece,2,
eeiqjyYgPew,표고버섯,2,piece,2,
eeiqjyYgPew,당근,1,,,
eeiqjyYgPew,양파,1,piece,1,
eeiqjyYgPew,감자,2,piece,2,
eeiqjyYgPew,간 마늘,1,tbsp,15,
eeiqjyYgPew,굵은 고춧가루,1,,,
eeiqjyYgPew,고운 고춧가루,1,tbsp,15,
eeiqjyYgPew,진간장,4,,,
eeiqjyYgPew,황설탕,3,tbsp,45,
eeiqjyYgPew,후춧가루,,,,약간
eZzBMCZYEfc,돼지고기모둠찜,,,,
eZzBMCZYEfc,돼지고기 후지 슬라이스,260,g,260,
eZzBMCZYEfc,숙주 약 과,1,,,
eZzBMCZYEfc,양파 약,1,,,
eZzBMCZYEfc,표고버섯,2,piece,2,
eZzBMCZYEfc,고구마 약,1,,,
eZzBMCZYEfc,당근 약,1,,,
eZzBMCZYEfc,청경채 송이,3,,,
eZzBMCZYEfc,쪽파,1,,,
eZzBMCZYEfc,양념장,,,,
eZzBMCZYEfc,진간장,4,tbsp,60,
eZzBMCZYEfc,환만식초 와,2,,,
eZzBMCZYEfc,황설탕,1,tbsp,15,
eZzBMCZYEfc,청양고추 약 과,1,,,
eZzBMCZYEfc,간 마늘,2,,,
eZzBMCZYEfc,굵은 고춧가루,1,,,
47OIcvpqxlo,신김치 약,2,cup,400,
47OIcvpqxlo,황설탕,1,,,
47OIcvpqxlo,물 과,1,,,
47OIcvpqxlo,부침가루,2,cup,400,
47OIcvpqxlo,청양고추,2,piece,2,
47OIcvpqxlo,대파,2,,,
47OIcvpqxlo,소시지,2,piece,2,
47OIcvpqxlo,고운고춧가루,1,tbsp,15,
47OIcvpqxlo,식용유,,,,적당량
yI67M3IS4GI,통조림 옥수수 캔,1,,,
yI67M3IS4GI,옥수수전분가루 약,7,tbsp,105,
yI67M3IS4GI,꽃소금,1,,,
yI67M3IS4GI,식용유 약,6,tbsp,90,
yI67M3IS4GI,연유,4,tbsp,60,
yI67M3IS4GI,파마산 치즈,,,,적당량
yI67M3IS4GI,고춧가루,,,,적당량
xexAbSUQzSw,불린 미역 과,1,,,
xexAbSUQzSw,건 미역,2,cup,400,
xexAbSUQzSw,양파,1,,,
xexAbSUQzSw,청양고추,2,piece,2,
xexAbSUQzSw,홍고추,1,piece,1,
xexAbSUQzSw,간 마늘,1,tbsp,15,
xexAbSUQzSw,양조식초,1,,,
xexAbSUQzSw,황설탕 와,2,,,
xexAbSUQzSw,액젓,2,tbsp,30,
xexAbSUQzSw,국간장,6,tbsp,90,
xexAbSUQzSw,얼음,20,piece,20,
bZWlQXGywRc,고추장파프리카무침,,,,
bZWlQXGywRc,노랑파프리카,120,g,120,
bZWlQXGywRc,빨강파프리카,120,g,120,
bZWlQXGywRc,대파 약,1,,,
bZWlQXGywRc,고추장 약,2,tbsp,30,
bZWlQXGywRc,통깨 약과,1,,,
bZWlQXGywRc,황설탕,2,,,
bZWlQXGywRc,굵은고춧가루,1,tbsp,15,
bZWlQXGywRc,간마늘,4,,,
bZWlQXGywRc,참기름,2,tbsp,30,
bZWlQXGywRc,된장파프리카무침,,,,
bZWlQXGywRc,된장 과,1,,,
bZWlQXGywRc,황설탕 약,2,,,
bZWlQXGywRc,굵은고춧가루,3,,,
bZWlQXGywRc,참기름 약,2,tbsp,30,
zfMHTfJ3Ih0,식용유 약,5,tbsp,75,
zfMHTfJ3Ih0,간 돼지고기 약,1,,,
zfMHTfJ3Ih0,당근 약,1,,,
zfMHTfJ3Ih0,양파 약,1,,,
zfMHTfJ3Ih0,감자 약,1,,,
zfMHTfJ3Ih0,돼지호박,1,,,
zfMHTfJ3Ih0,우유 약,3,cup,600,
zfMHTfJ3Ih0,카레가루,10,tbsp,150,
zfMHTfJ3Ih0,굵은고춧가루 약,1,,,
zfMHTfJ3Ih0,밥 약 공기,3,,,
zfMHTfJ3Ih0,쪽파,,,,약간
kzYgtXDcGQ4,닭 육수 재료,,,,
kzYgtXDcGQ4,닭 마리,1,,,
kzYgtXDcGQ4,양파,125,g,125,
kzYgtXDcGQ4,대파 대,1,,,
kzYgtXDcGQ4,닭곰탕 재료,,,,
kzYgtXDcGQ4,삶은 닭 마리,1,,,
kzYgtXDcGQ4,대파,8,tbsp,120,
kzYgtXDcGQ4,밥 공기,4,,,
kzYgtXDcGQ4,꽃소금,1,tbsp,15,
kzYgtXDcGQ4,후춧가루,,,,약간
guc9-PYM7ak,양념장 재료,,,,
guc9-PYM7ak,대파,1,,,
guc9-PYM7ak,황설탕,1,tbsp,15,
guc9-PYM7ak,굵은 고춧가루,1,,,
guc9-PYM7ak,고추장 약,1,,,
guc9-PYM7ak,분말스프,1,piece,1,
guc9-PYM7ak,참기름,1,tbsp,15,
guc9-PYM7ak,식용유,1,tbsp,15,
guc9-PYM7ak,비빔라면 재료,,,,
guc9-PYM7ak,라면사리,1,piece,1,
guc9-PYM7ak,건더기 스프,1,piece,1,
guc9-PYM7ak,사각어묵 장,1,,,
guc9-PYM7ak,새송이버섯,1,piece,1,
guc9-PYM7ak,통깨,,,,약간
PjQfWuNHZlo,수박,500,g,500,
PjQfWuNHZlo,설탕,5,tbsp,75,
PjQfWuNHZlo,얼음,,,,적당량
PjQfWuNHZlo,탄산수,1,,,
R0xWJ4c8wR4,닭칼국수,,,,
R0xWJ4c8wR4,토막 닭,1,,,
R0xWJ4c8wR4,마리,3,,,
R0xWJ4c8wR4,칼국수 면,300,g,300,
R0xWJ4c8wR4,식용유,1,tbsp,15,
R0xWJ4c8wR4,감자,1,,,
R0xWJ4c8wR4,새송이버섯,1,piece,1,
R0xWJ4c8wR4,양파,1,,,
R0xWJ4c8wR4,대파 대,1,,,
R0xWJ4c8wR4,물 약,10,cup,2000,
R0xWJ4c8wR4,액젓,3,tbsp,45,
R0xWJ4c8wR4,꽃소금,1,,,
R0xWJ4c8wR4,간 마늘 과,1,,,
R0xWJ4c8wR4,후춧가루,,,,적당량
R0xWJ4c8wR4,양념간장,,,,
R0xWJ4c8wR4,대파,1,,,
R0xWJ4c8wR4,청양고추,2,piece,2,
R0xWJ4c8wR4,간 마늘,1,tbsp,15,
R0xWJ4c8wR4,진간장,8,tbsp,120,
R0xWJ4c8wR4,굵은 고춧가루 과,1,,,
R0xWJ4c8wR4,참기름,1,,,
R0xWJ4c8wR4,만드는 법,2,tbsp,30,
R0xWJ4c8wR4,감자,3,,,
R0xWJ4c8wR4,새송이,1,piece,1,
R0xWJ4c8wR4,를 채 썰어 준비하고,2,piece,2,
R0xWJ4c8wR4,감자,,,,
R0xWJ4c8wR4,칼국수 양념간장,,,,
R0xWJ4c8wR4,닭고기 찍어 먹는 소스,,,,
M8RXmDJ3W-s,식용유 약,3,tbsp,45,
M8RXmDJ3W-s,돼지고기 후지,200,g,200,
M8RXmDJ3W-s,진간장,4,tbsp,60,
M8RXmDJ3W-s,정수물,10,cup,2000,
M8RXmDJ3W-s,무 약,1,,,
M8RXmDJ3W-s,간 생강,1,,,
M8RXmDJ3W-s,맛소금 약,1,,,
M8RXmDJ3W-s,대파 약,1,cup,200,
M8RXmDJ3W-s,후춧가루,,,,약간
4SEy2py0W_w,골뱅이 캔,1,,,
4SEy2py0W_w,파채 약과,1,,,
4SEy2py0W_w,황태채,1,cup,200,
4SEy2py0W_w,황설탕 과,1,,,
4SEy2py0W_w,양조식초 약와,2,,,
4SEy2py0W_w,굵은 고춧가루,1,,,
4SEy2py0W_w,간 마늘,1,tbsp,15,
4SEy2py0W_w,꽃소금,1,g,1,
wAktJuv7REY,수박,1,,,
wAktJuv7REY,후르츠칵테일,1,,,
wAktJuv7REY,흰우유 약와,2,,,
wAktJuv7REY,사이다 캔,1,,,
wAktJuv7REY,황설탕,4,tbsp,60,
wAktJuv7REY,얼음,,,,적당량
qI1LRerUWXQ,수박,1,,,
qI1LRerUWXQ,오이 약,1,,,
qI1LRerUWXQ,정수 물 와,2,,,
qI1LRerUWXQ,황설탕 와,4,,,
qI1LRerUWXQ,환만식초 와,4,,,
qI1LRerUWXQ,진간장 과,1,,,
qI1LRerUWXQ,꽃소금,,,,약간
qI1LRerUWXQ,얼음,,,,적당량
6e-IbuuD6ZU,순한맛라면,1,piece,1,
6e-IbuuD6ZU,대파 약,1,,,
6e-IbuuD6ZU,정수물 과,1,,,
6e-IbuuD6ZU,황설탕,1,tbsp,15,
6e-IbuuD6ZU,고추장,1,tbsp,15,
3-xgRrEX-sQ,소고기,60,g,60,
3-xgRrEX-sQ,두부 약,1,,,
3-xgRrEX-sQ,돼지 호박 약,1,,,
3-xgRrEX-sQ,무 약,1,,,
3-xgRrEX-sQ,양파 약,1,,,
3-xgRrEX-sQ,대파 약,1,,,
3-xgRrEX-sQ,청양고추,2,piece,2,
3-xgRrEX-sQ,홍고추,1,piece,1,
3-xgRrEX-sQ,된장,3,tbsp,45,
3-xgRrEX-sQ,굵은 고춧가루,1,,,
3-xgRrEX-sQ,간 마늘,1,,,
ak5PBQQfPVI,라면,1,piece,1,
ak5PBQQfPVI,정수물,3,cup,600,
ak5PBQQfPVI,달걀,3,piece,3,
ak5PBQQfPVI,참기름,1,tbsp,15,
ak5PBQQfPVI,대파흰부분 약,1,,,
ak5PBQQfPVI,청양고추,1,piece,1,
qWbHSOplcvY,돼지고기,1,cup,200,
qWbHSOplcvY,신김치,3,cup,600,
qWbHSOplcvY,청양고추,2,piece,2,
qWbHSOplcvY,대파 약,2,,,
qWbHSOplcvY,간 마늘,1,tbsp,15,
qWbHSOplcvY,굵은 고춧가루,1,tbsp,15,
qWbHSOplcvY,고운 고춧가루,,tbsp,,
qWbHSOplcvY,국간장,1,tbsp,15,
qWbHSOplcvY,새우젓,1,tbsp,15,
HwtpISNf3wU,새우젓 약,2,,,
HwtpISNf3wU,들기름,2,tbsp,30,
HwtpISNf3wU,간마늘,1,,,
HwtpISNf3wU,정수물 약,3,cup,600,
HwtpISNf3wU,대파 약,1,,,
HwtpISNf3wU,청양고추,2,piece,2,
2y4Jvvmj7LY,디포리 마리,3,,,
2y4Jvvmj7LY,국물용 멸치 마리,15,,,
2y4Jvvmj7LY,물 약 와,5,,,
2y4Jvvmj7LY,양파 약,1,,,
2y4Jvvmj7LY,대파 대,1,,,
2y4Jvvmj7LY,조각 다시마 장,15,,,
2y4Jvvmj7LY,진간장,2,cup,400,
2y4Jvvmj7LY,황설탕,1,cup,200,
2y4Jvvmj7LY,맛술,1,,,
2y4Jvvmj7LY,가다랑어 포,1,cup,200,
2y4Jvvmj7LY,훈연 멸치 마리,20,,,
2y4Jvvmj7LY,메밀면,100,g,100,
2y4Jvvmj7LY,쪽파,,,,적당량
2y4Jvvmj7LY,연와사비,,,,적당량
2y4Jvvmj7LY,정수물,2,,,
VNw-hUTboNs,찰옥수수,6,piece,6,
VNw-hUTboNs,물 약과,16,,,
VNw-hUTboNs,꽃소금 과,1,,,
VNw-hUTboNs,황설탕,3,tbsp,45,
VNw-hUTboNs,뉴슈가,3,tbsp,45,
3p4xH_IZhH4,삶은달걀,20,piece,20,
3p4xH_IZhH4,마늘,20,piece,20,
3p4xH_IZhH4,꽈리고추 약,16,piece,16,
3p4xH_IZhH4,청양고추,4,piece,4,
3p4xH_IZhH4,물 약와,5,,,
3p4xH_IZhH4,진간장 과,1,,,
3p4xH_IZhH4,황설탕 약,2,,,
3p4xH_IZhH4,물엿 약,1,,,
9YlFFVisCBY,삶은 옥수수,2,piece,2,
9YlFFVisCBY,마요네즈,5,tbsp,75,
9YlFFVisCBY,황설탕,2,tbsp,30,
9YlFFVisCBY,파마산 치즈가루,,,,적당량
9YlFFVisCBY,고운 고춧가루,,,,적당량
UArNVpF7PIY,통식빵,1,,,
UArNVpF7PIY,물엿 약,1,,,
UArNVpF7PIY,황설탕,1,,,
UArNVpF7PIY,스틱버터,1,,,
UArNVpF7PIY,바닐라아이스크림,,,,적당량
UArNVpF7PIY,생크림,,,,적당량
vcb0uw4HIJA,간단버전,,,,
vcb0uw4HIJA,분홍소시지,,,,적당량
vcb0uw4HIJA,꽃소금,,,,적당량
vcb0uw4HIJA,식용유,,,,적당량
vcb0uw4HIJA,달걀물버전,,,,
vcb0uw4HIJA,분홍소시지 조각,7,,,
vcb0uw4HIJA,부침가루,2,tbsp,30,
vcb0uw4HIJA,달걀,1,piece,1,
vcb0uw4HIJA,한판버전,,,,
vcb0uw4HIJA,식용유,3,tbsp,45,
vcb0uw4HIJA,대파,1,tbsp,15,
vcb0uw4HIJA,꽃소금,1,,,꼬집
CQZyh-OszCo,대파,1,,,
CQZyh-OszCo,굵은 고춧가루,1,tbsp,15,
CQZyh-OszCo,고운 고춧가루,1,,,
CQZyh-OszCo,황설탕 과,1,,,
CQZyh-OszCo,참기름,1,tbsp,15,
CQZyh-OszCo,진간장 과,1,,,
CQZyh-OszCo,식용유,3,tbsp,45,
CQZyh-OszCo,깨소금,,,,적당량
dxuntkET42M,반죽재료,,,,
dxuntkET42M,참치 캔,1,,,
dxuntkET42M,양파 참치캔 or,1,cup,200,
dxuntkET42M,대파,1,,,
dxuntkET42M,참치캔 or,2,piece,2,
dxuntkET42M,청양고추,1,,,
dxuntkET42M,달걀,2,piece,2,
dxuntkET42M,간 마늘,2,,,
dxuntkET42M,부침가루,4,tbsp,60,
dxuntkET42M,소스 재료,,,,
dxuntkET42M,황설탕,1,tbsp,15,
dxuntkET42M,케찹,2,tbsp,30,
dxuntkET42M,진간장,1,tbsp,15,
dxuntkET42M,정수물 약,1,,,
dxuntkET42M,참치 함박스테이크  분량 재료,1,piece,1,
dxuntkET42M,반죽 참치캔,1,,,
dxuntkET42M,식용유,5,tbsp,75,
dxuntkET42M,버터,1,tbsp,15,
dxuntkET42M,달걀프라이용 재료,,,,
dxuntkET42M,달걀,1,piece,1,
dxuntkET42M,식용유,3,tbsp,45,
iGhOobaQHso,양념장,,,,
iGhOobaQHso,진간장,4,tbsp,60,
iGhOobaQHso,맛술,4,tbsp,60,
iGhOobaQHso,황설탕 와,2,,,
iGhOobaQHso,굵은 고춧가루 약,2,tbsp,30,
iGhOobaQHso,고추장 와,2,,,
iGhOobaQHso,간마늘 과,1,,,
iGhOobaQHso,통깨,1,,,
iGhOobaQHso,대패삼겹살,280,g,280,
iGhOobaQHso,콩나물,300,g,300,
iGhOobaQHso,대파 과,1,,,
iGhOobaQHso,양파,3,,,
iGhOobaQHso,청양고추,1,piece,1,
iGhOobaQHso,깻잎 장,4,,,
iGhOobaQHso,양념장 전량,,,,
iGhOobaQHso,깨소금,,,,적당량
0bnFoRQebq0,면 삶기,,,,
0bnFoRQebq0,정수물 과,8,,,
0bnFoRQebq0,스파게티면,90,g,90,
0bnFoRQebq0,꽃소금,1,tbsp,15,
0bnFoRQebq0,올리브유,,,,약간
0bnFoRQebq0,베이컨크림파스타,,,,
0bnFoRQebq0,베이컨 줄,2,,,
0bnFoRQebq0,양파,1,,,
0bnFoRQebq0,양송이 버섯 과,1,,,
0bnFoRQebq0,밀가루,1,,,
0bnFoRQebq0,우유 팩,1,,,
0bnFoRQebq0,버터 약,1,tbsp,15,
0bnFoRQebq0,올리브유,2,tbsp,30,
0bnFoRQebq0,파르메산 치즈,2,tbsp,30,
0bnFoRQebq0,꽃소금,1,,,
0bnFoRQebq0,삶은스파게티면 전량,,,,
0bnFoRQebq0,후춧가루,,,,적당량
0bnFoRQebq0,파슬리가루,,,,적당량
jN_inaLf9Zo,소고기,2,cup,400,
jN_inaLf9Zo,달걀,2,piece,2,
jN_inaLf9Zo,불린 당면,2,cup,400,
jN_inaLf9Zo,대파 약 와,2,,,
jN_inaLf9Zo,느타리버섯,2,cup,400,
jN_inaLf9Zo,표고버섯,2,cup,400,
jN_inaLf9Zo,숙주,4,cup,800,
jN_inaLf9Zo,간 생강,,,,약간
jN_inaLf9Zo,간 마늘 과,1,tbsp,15,
jN_inaLf9Zo,굵은 고춧가루,3,tbsp,45,
jN_inaLf9Zo,국간장,1,,,
jN_inaLf9Zo,꽃소금,1,,,
jN_inaLf9Zo,후춧가루,,,,약간
jN_inaLf9Zo,참기름,6,tbsp,90,
jN_inaLf9Zo,식용유,2,tbsp,30,
f0hg6R84f78,밥 공기,2,,,
f0hg6R84f78,통마늘,7,piece,7,
f0hg6R84f78,간 마늘,1,tbsp,15,
f0hg6R84f78,스틱버터,1,tbsp,15,
f0hg6R84f78,맛소금,1,,,
f0hg6R84f78,진간장,2,tbsp,30,
f0hg6R84f78,식용유,5,tbsp,75,
_qnLV46GSr4,동그랑땡 반죽,,,,
_qnLV46GSr4,간 돼지고기 약,2,cup,400,
_qnLV46GSr4,간 돼지고기 지방 약,1,cup,200,
_qnLV46GSr4,간 마늘,1,tbsp,15,
_qnLV46GSr4,진간장,3,tbsp,45,
_qnLV46GSr4,황설탕,1,tbsp,15,
_qnLV46GSr4,대파 과,1,,,
_qnLV46GSr4,청양고추,6,piece,6,
_qnLV46GSr4,당근,,,,적당량
_qnLV46GSr4,참기름,1,tbsp,15,
_qnLV46GSr4,꽃소금,,,,약간
_qnLV46GSr4,후추가루,,,,약간
_qnLV46GSr4,부침용 재료,,,,
_qnLV46GSr4,계란,2,piece,2,
_qnLV46GSr4,식용유,,,,적당량
v32NjYn5pSc,소 갈비찜 재료,,,,
v32NjYn5pSc,소갈비,2,kg,2000,
v32NjYn5pSc,소갈비 데침용 물,,,,적당량
v32NjYn5pSc,당근,,piece,,
v32NjYn5pSc,새송이버섯,1,piece,1,
v32NjYn5pSc,표고버섯,6,piece,6,
v32NjYn5pSc,청양고추,3,piece,3,
v32NjYn5pSc,꽈리고추,5,piece,5,
v32NjYn5pSc,홍고추,2,piece,2,
v32NjYn5pSc,대파 대,2,,,
v32NjYn5pSc,양파,1,piece,1,
v32NjYn5pSc,양념장 재료,,,,
v32NjYn5pSc,대파,,cup,,
v32NjYn5pSc,간 생강,,tbsp,,
v32NjYn5pSc,간 마늘,2,tbsp,30,
v32NjYn5pSc,진간장,1,cup,200,
v32NjYn5pSc,황설탕,,cup,,
v32NjYn5pSc,맛술,,cup,,
v32NjYn5pSc,참기름,4,tbsp,60,
#NAME?,라면,1,piece,1,
#NAME?,우유,2,cup,400,
#NAME?,대파,,cup,,
#NAME?,청양고추,2,piece,2,
#NAME?,굵은 고춧가루,,tbsp,,
_PqfXhZGuBI,해보니까 또띠아보단 빵,,,,
CVtdTM6gJTY,라면 봉지,1,,,
CVtdTM6gJTY,라면수프,,,,적당량
CVtdTM6gJTY,마요네즈,3,tbsp,45,
CVtdTM6gJTY,황설탕,2,tbsp,30,
nVzwOOJLt24,양념장 재료,,,,
nVzwOOJLt24,황설탕 와,2,,,
nVzwOOJLt24,물엿,1,tbsp,15,
nVzwOOJLt24,간 마늘,1,tbsp,15,
nVzwOOJLt24,진간장,5,tbsp,75,
nVzwOOJLt24,후춧가루,,,,약간
nVzwOOJLt24,참기름,3,tbsp,45,
nVzwOOJLt24,소불고기 재료,,,,
nVzwOOJLt24,소고기 불고기용,500,g,500,
nVzwOOJLt24,양파,3,,,
nVzwOOJLt24,표고버섯,2,piece,2,
nVzwOOJLt24,대파 약대,1,,,
nVzwOOJLt24,홍고추,1,piece,1,
nVzwOOJLt24,통깨,,,,약간
G25SAhShmQw,고구마 약,2,piece,2,
G25SAhShmQw,황설탕,4,tbsp,60,
G25SAhShmQw,버터,,piece,,
G25SAhShmQw,우유,500,ml,500,
G25SAhShmQw,계피가루,,,,약간
N82hJpl5cMM,감자전 재료,,,,
N82hJpl5cMM,감자,2,,,
N82hJpl5cMM,꽃소금,,,,약간
N82hJpl5cMM,식용유,4,tbsp,60,
N82hJpl5cMM,청양고추,,,,적당량
N82hJpl5cMM,양념장 재료,,,,
N82hJpl5cMM,청양고추,1,piece,1,
N82hJpl5cMM,진간장,3,tbsp,45,
N82hJpl5cMM,식초,1,tbsp,15,
0CL9U_Se8Gs,오징어 마리,1,,,
0CL9U_Se8Gs,양파,,piece,,
0CL9U_Se8Gs,대파 대,,,,
0CL9U_Se8Gs,당근,1,,,
0CL9U_Se8Gs,청양고추,2,piece,2,
0CL9U_Se8Gs,홍고추,1,piece,1,
0CL9U_Se8Gs,양배추,1,,,
0CL9U_Se8Gs,식용유 과,1,,,
0CL9U_Se8Gs,양념장 재료,,,,
0CL9U_Se8Gs,황설탕,1,tbsp,15,
0CL9U_Se8Gs,간 마늘,,tbsp,,
0CL9U_Se8Gs,고추장,1,tbsp,15,
0CL9U_Se8Gs,굵은 고춧가루 과,1,,,
0CL9U_Se8Gs,진간장,2,tbsp,30,
0CL9U_Se8Gs,참기름,1,tbsp,15,
0CL9U_Se8Gs,통깨,,tbsp,,
0CL9U_Se8Gs,덮밥용 재료,,,,
0CL9U_Se8Gs,밥 공기,1,,,
0CL9U_Se8Gs,달걀,1,piece,1,
0CL9U_Se8Gs,식용유,,,,적당량
0CL9U_Se8Gs,고추장,,,,적당량
0CL9U_Se8Gs,참기름,,,,적당량
0CL9U_Se8Gs,대파는 삼등분하여,5,,,
0CL9U_Se8Gs,대파,2,,,
0CL9U_Se8Gs,당근은 두께 cm 정도,0.4,,,
0CL9U_Se8Gs,야채 손질 시 두께,,,,
0CL9U_Se8Gs,진간장,12,,,
0CL9U_Se8Gs,간 마늘,,,,
0CL9U_Se8Gs,굵은 고춧가루,,,,
0CL9U_Se8Gs,양배추,,,,
0CL9U_Se8Gs,양파,,,,
0CL9U_Se8Gs,홍고추,,,,
0CL9U_Se8Gs,청양고추,,,,
0CL9U_Se8Gs,오징어덮밥 만드는 법,,,,
#NAME?,기본 버전,,,,
#NAME?,식빵 장,3,,,
#NAME?,달걀,2,piece,2,
#NAME?,꽃소금,2,,,꼬집
#NAME?,사과잼 기본형,,,,적당량
#NAME?,샌드위치형,3,tbsp,45,
#NAME?,식용유,,,,적당량
#NAME?,버터,,,,적당량
#NAME?,계핏가루,,,,적당량
#NAME?,연유,,,,적당량
#NAME?,우유 버전,,,,
#NAME?,우유 약,2,,,
#NAME?,황설탕,1,tbsp,15,
#NAME?,사과잼,,,,적당량
IO6AeSPfJ0Y,전복 마리,2,,,
IO6AeSPfJ0Y,당근,,,,약간
IO6AeSPfJ0Y,정수물,600,ml,600,
IO6AeSPfJ0Y,참기름 약,2,tbsp,30,
IO6AeSPfJ0Y,맛소금 약,1,,,
IO6AeSPfJ0Y,달걀 흰자,1,piece,1,
IO6AeSPfJ0Y,인분 세팅 재료,1,,,
IO6AeSPfJ0Y,전복죽,,,,적당량
IO6AeSPfJ0Y,달걀 노른자,1,piece,1,
IO6AeSPfJ0Y,간깨,,,,약간
IO6AeSPfJ0Y,참기름,,,,약간
IO6AeSPfJ0Y,후추가루,,,,약간
Om6W3JBfmFU,대패삼겹살 팩,1,,,
Om6W3JBfmFU,파 채 팩,1,,,
Om6W3JBfmFU,양배추,1,,,
Om6W3JBfmFU,통마늘,2,,,
Om6W3JBfmFU,대패삼겹살 간장 소스,,,,
Om6W3JBfmFU,진간장,,cup,,
Om6W3JBfmFU,정수물 약,,cup,,
Om6W3JBfmFU,맛술 약,,cup,,
Om6W3JBfmFU,황설탕,1,tbsp,15,
Om6W3JBfmFU,파채무침 초고추장 소스,,,,
Om6W3JBfmFU,굵은 고춧가루,5,tbsp,75,
Om6W3JBfmFU,식초,4,tbsp,60,
Om6W3JBfmFU,고추장 과,1,,,
Om6W3JBfmFU,정수물,3,tbsp,45,
Om6W3JBfmFU,황설탕 과,1,,,
Om6W3JBfmFU,참기름,2,tbsp,30,
Om6W3JBfmFU,밥 공기,2,,,
Om6W3JBfmFU,대패삼겹살 두루치기,,,,적당량
Om6W3JBfmFU,김치,,,,적당량
Om6W3JBfmFU,김가루,,,,적당량
Om6W3JBfmFU,참기름,,,,약간
dUANwQmPhU4,사각얼음 약,13,piece,13,
dUANwQmPhU4,레몬,1,piece,1,
dUANwQmPhU4,깻잎 약장,7,,,
dUANwQmPhU4,소주,1,,,
dUANwQmPhU4,스프라이트 캔,1,,,
dUANwQmPhU4,황설탕,2,tbsp,30,
_TGhAtAqrLk,만두전골 재료,,,,
_TGhAtAqrLk,냉동만두 봉지개입,1,,,
_TGhAtAqrLk,양파,1,,,
_TGhAtAqrLk,알배추 장,3,,,
_TGhAtAqrLk,대파 대,1,,,
_TGhAtAqrLk,표고버섯,2,piece,2,
_TGhAtAqrLk,청양고추,2,piece,2,
_TGhAtAqrLk,홍고추,1,piece,1,
_TGhAtAqrLk,달걀,1,piece,1,
_TGhAtAqrLk,만두전골 양념재료,,,,
_TGhAtAqrLk,물 약와,5,,,
_TGhAtAqrLk,국간장,3,tbsp,45,
_TGhAtAqrLk,간마늘,1,tbsp,15,
_TGhAtAqrLk,꽃소금,1,,,
_TGhAtAqrLk,후추가루,,,,약간
rGAt5QS2ueU,돼지고기 뒷다리살 수육 재료 약 인분,3,,,
rGAt5QS2ueU,인 가족 분량,4,,,
rGAt5QS2ueU,돼지고기 뒷다리살 덩어리,600,g,600,
rGAt5QS2ueU,껍질양파 약,1,,,
rGAt5QS2ueU,대파 파란 부분,1,,,
rGAt5QS2ueU,재래식 된장 약,3,tbsp,45,
rGAt5QS2ueU,통마늘,6,piece,6,
rGAt5QS2ueU,인스턴트 커피,,,,약간
rGAt5QS2ueU,새우젓 무침 재료,,,,
rGAt5QS2ueU,새우젓,1,cup,200,
rGAt5QS2ueU,간 마늘 과,1,,,
rGAt5QS2ueU,황설탕 과,1,,,
rGAt5QS2ueU,쪽파 약과,1,,,
rGAt5QS2ueU,맛술 약과,1,,,
rGAt5QS2ueU,참기름,2,tbsp,30,
rGAt5QS2ueU,청양고추,1,piece,1,
rGAt5QS2ueU,홍고추,1,piece,1,
rGAt5QS2ueU,굵은 고춧가루,1,,,
rGAt5QS2ueU,통깨 약,1,,,
rGAt5QS2ueU,냄비에 돼지고기,5,,,
rGAt5QS2ueU,양파,,,,
rGAt5QS2ueU,대파,,,,
rGAt5QS2ueU,새우젓 무침 만드는 법,,,,
rGAt5QS2ueU,청양고추,1,,,
rGAt5QS2ueU,볼에 청양고추,3,,,
rGAt5QS2ueU,홍고추,,,,
rGAt5QS2ueU,쪽파,,,,
rGAt5QS2ueU,새우젓,,,,
rGAt5QS2ueU,황설탕,,,,
rGAt5QS2ueU,간 마늘,,,,
rGAt5QS2ueU,굵은 고춧가루,,,,
rGAt5QS2ueU,맛술,,,,
wyCV_de0CDY,약  분량,5,piece,5,
wyCV_de0CDY,떡갈비 재료,,,,
wyCV_de0CDY,간 소고기,600,g,600,
wyCV_de0CDY,소고기 불고기용,600,g,600,
wyCV_de0CDY,대파 과,1,,,
wyCV_de0CDY,황설탕 와,5,,,
wyCV_de0CDY,간 마늘,3,tbsp,45,
wyCV_de0CDY,진간장 약,5,tbsp,75,
wyCV_de0CDY,참기름,4,tbsp,60,
wyCV_de0CDY,맛술 와,2,,,
wyCV_de0CDY,후춧가루,,,,약간
wyCV_de0CDY,떡갈비 소스 재료,,,,
wyCV_de0CDY,물 약,1,,,
wyCV_de0CDY,케첩 과,1,,,
wyCV_de0CDY,우스터 소스,3,tbsp,45,
wyCV_de0CDY,버터,,piece,,
wyCV_de0CDY,황설탕,1,,,
wyCV_de0CDY,떡갈비 덮밥 재료,,,,
wyCV_de0CDY,밥 인분,1,,,
wyCV_de0CDY,식용유,,,,적당량
wyCV_de0CDY,달걀,1,piece,1,
wyCV_de0CDY,떡갈비 만드는 법,,,,
wyCV_de0CDY,불고기용 소고기를 가로,2,,,
wyCV_de0CDY,볼에 간 소고기,3,,,
wyCV_de0CDY,불고기용 소고기,,,,
wyCV_de0CDY,황설탕,4,,,
wyCV_de0CDY,맛술,,,,
wyCV_de0CDY,후춧가루,,,,
wyCV_de0CDY,우스터 소스,,,,
wyCV_de0CDY,케첩,,,,
wyCV_de0CDY,떡갈비 덮밥 만드는 법,,,,
wyCV_de0CDY,팬에 남은 소스에 버터,3,,,
iO0xX0AyS8M,토막 닭 팩,1,,,
iO0xX0AyS8M,대파 과,1,,,
iO0xX0AyS8M,꽈리고추 약,20,piece,20,
iO0xX0AyS8M,통마늘 약,30,piece,30,
iO0xX0AyS8M,식용유,,cup,,
iO0xX0AyS8M,건 고추 약,4,piece,4,
iO0xX0AyS8M,양념 재료,,,,
iO0xX0AyS8M,물 약,2,cup,400,
iO0xX0AyS8M,진간장 약,2,,,
iO0xX0AyS8M,황설탕 와,2,,,
iO0xX0AyS8M,간 마늘,1,tbsp,15,
iO0xX0AyS8M,노두유,1,tbsp,15,
iO0xX0AyS8M,후추가루,,,,약간
wPxuQdfYErk,고기쌈장 재료,,,,
wPxuQdfYErk,간 돼지고기,1,cup,200,
wPxuQdfYErk,양파,1,cup,200,
wPxuQdfYErk,대파,3,,,
wPxuQdfYErk,돼지호박,2,,,
wPxuQdfYErk,당근,,cup,,
wPxuQdfYErk,청양고추 약,2,,,
wPxuQdfYErk,표고버섯 약,,cup,,
wPxuQdfYErk,양념 재료,,,,
wPxuQdfYErk,식용유 약,2,,,
wPxuQdfYErk,된장,5,tbsp,75,
wPxuQdfYErk,고추장,3,tbsp,45,
wPxuQdfYErk,맛술,,cup,,
wPxuQdfYErk,간 마늘,2,tbsp,30,
wPxuQdfYErk,굵은 고춧가루 약,3,tbsp,45,
wPxuQdfYErk,진간장,2,tbsp,30,
wPxuQdfYErk,황설탕 약,1,tbsp,15,
wPxuQdfYErk,참기름,2,tbsp,30,
7cCAlN06WPc,찹스테이크,,,,
7cCAlN06WPc,안심,300,g,300,
7cCAlN06WPc,양파,1,,,
7cCAlN06WPc,파프리카,1,piece,1,
7cCAlN06WPc,피망,1,,,
7cCAlN06WPc,양송이 버섯,3,piece,3,
7cCAlN06WPc,식용유,1,,,
7cCAlN06WPc,당근,,,,약간
7cCAlN06WPc,스틱버터,1,,,
7cCAlN06WPc,통마늘,3,piece,3,
7cCAlN06WPc,밀가루,1,tbsp,15,
7cCAlN06WPc,맛소금,,,,약간
7cCAlN06WPc,후춧가루,,,,약간
7cCAlN06WPc,파슬리 가루,,,,약간
7cCAlN06WPc,소스,,,,
7cCAlN06WPc,케첩,3,tbsp,45,
7cCAlN06WPc,황설탕 과,1,,,
7cCAlN06WPc,우스터,2,tbsp,30,
7cCAlN06WPc,식초,1,tbsp,15,
7cCAlN06WPc,찹 스테이크,,,,
7cCAlN06WPc,스테이크 소스,2,tbsp,30,
rTAWqq4I3JA,라면 봉지,1,,,
rTAWqq4I3JA,물 과,3,,,
rTAWqq4I3JA,콩나물 약과,1,,,
rTAWqq4I3JA,대파 약,1,,,
rTAWqq4I3JA,황태채,1,cup,200,
rTAWqq4I3JA,새우젓,1,tbsp,15,
rTAWqq4I3JA,청양고추,1,piece,1,
rTAWqq4I3JA,식용유,1,tbsp,15,
rTAWqq4I3JA,참기름,1,tbsp,15,
rTAWqq4I3JA,간 마늘 약,1,,,
rTAWqq4I3JA,홍고추,1,,,
rTAWqq4I3JA,달걀,1,piece,1,
ohihzV6Z85k,면 삶기,,,,
ohihzV6Z85k,정수물 약,6,cup,1200,
ohihzV6Z85k,파스타면,100,g,100,
ohihzV6Z85k,꽃소금,1,,,
ohihzV6Z85k,알리오올리오,,,,
ohihzV6Z85k,면수 약,1,,,
ohihzV6Z85k,올리브유 약,1,,,
ohihzV6Z85k,간 마늘,2,tbsp,30,
ohihzV6Z85k,통마늘 약,4,piece,4,
ohihzV6Z85k,쪽파,,,,약간
ohihzV6Z85k,페퍼론치노,5,piece,5,
ohihzV6Z85k,삶은 파스타면 전량,,,,
ohihzV6Z85k,꽃소금,,,,약간
ohihzV6Z85k,파마산치즈가루,,,,약간
kD9Qg139l9g,생굴 봉지,2,,,
kD9Qg139l9g,정수물,1,,,
kD9Qg139l9g,튀김가루 약,1,,,
kD9Qg139l9g,식용유 약,1,,,
kD9Qg139l9g,대파 약,1,,,
kD9Qg139l9g,달걀,1,piece,1,
kD9Qg139l9g,스리라차 소스,,,,
VTnPfw9h-3k,탕수육고기,100,g,100,
VTnPfw9h-3k,신 김치 약,3,,,
VTnPfw9h-3k,양파,1,,,
VTnPfw9h-3k,맛술 약,1,,,
VTnPfw9h-3k,대파 약,1,,,
VTnPfw9h-3k,진간장 약,1,,,
VTnPfw9h-3k,황설탕 약,2,tbsp,30,
VTnPfw9h-3k,간 생강,,,,약간
VTnPfw9h-3k,절단 다시마 장,1,,,
VTnPfw9h-3k,달걀,1,piece,1,
12e93a8T2nU,대파 대,2,,,
12e93a8T2nU,물 약,1,cup,200,
12e93a8T2nU,간 돼지고기,2,,,
12e93a8T2nU,부침가루 약,1,cup,200,
12e93a8T2nU,식용유 약,1,,,
12e93a8T2nU,간 마늘 약,2,,,
12e93a8T2nU,홍고추,1,piece,1,
12e93a8T2nU,청양고추,1,piece,1,
12e93a8T2nU,맛소금,,,,약간
12e93a8T2nU,달걀,2,piece,2,
12e93a8T2nU,후춧가루,,,,약간
wezbeu4-C2s,청국장,1,,,
wezbeu4-C2s,신 김치 약,,cup,,
wezbeu4-C2s,두부 약,1,,,
wezbeu4-C2s,양파 약,,cup,,
wezbeu4-C2s,대파 대,,,,
wezbeu4-C2s,된장,1,tbsp,15,
wezbeu4-C2s,국멸치,,cup,,
wezbeu4-C2s,청양고추,1,piece,1,
wezbeu4-C2s,홍고추,1,piece,1,
wezbeu4-C2s,간 마늘,1,,,
wM9hbmwCpdc,우유 팩,1,,,
wM9hbmwCpdc,베이컨 장,4,,,
wM9hbmwCpdc,양파 약,,piece,,
wM9hbmwCpdc,식용유,1,tbsp,15,
wM9hbmwCpdc,슬라이스 체다치즈 장,2,,,
wM9hbmwCpdc,후추가루,,,,약간
2T7BfP1sx9g,인분 양,3,,,
2T7BfP1sx9g,돼지고기 후지,500,g,500,
2T7BfP1sx9g,갈아만든 배 약,1,,,
2T7BfP1sx9g,대파 약,1,,,
2T7BfP1sx9g,진간장 와,2,,,
2T7BfP1sx9g,맛술 와,2,,,
2T7BfP1sx9g,황설탕 과,1,,,
2T7BfP1sx9g,간 마늘,1,tbsp,15,
2T7BfP1sx9g,참기름 과,1,,,
2T7BfP1sx9g,노두유 약,1,tbsp,15,
2T7BfP1sx9g,간 생강,,,,약간
2T7BfP1sx9g,후추가루,,,,약간
JBgLd7TqB7U,약  분량,24,piece,24,
JBgLd7TqB7U,신 김치,2,cup,400,
JBgLd7TqB7U,간 돼지고기,1,cup,200,
JBgLd7TqB7U,불린당면,2,cup,400,
JBgLd7TqB7U,부추,1,cup,200,
JBgLd7TqB7U,대파,1,cup,200,
JBgLd7TqB7U,껍질 있는 들깨가루,,cup,,
JBgLd7TqB7U,간 마늘,1,tbsp,15,
JBgLd7TqB7U,굵은 고춧가루,2,tbsp,30,
JBgLd7TqB7U,굴소스,1,tbsp,15,
JBgLd7TqB7U,참기름,2,tbsp,30,
JBgLd7TqB7U,황설탕,1,tbsp,15,
JBgLd7TqB7U,진간장,1,tbsp,15,
JBgLd7TqB7U,만두피 장,24,,,
aGpsvAb8GyY,명절 앞둔 지금,,,,
SBKRrJRCFu8,인분 기준,4,,,
SBKRrJRCFu8,갈비탕,,,,
SBKRrJRCFu8,소갈비,900,g,900,
SBKRrJRCFu8,무 약,1,,,
SBKRrJRCFu8,대파 대,1,,,
SBKRrJRCFu8,국간장 약,1,,,
SBKRrJRCFu8,간 마늘,1,tbsp,15,
SBKRrJRCFu8,다시마 약조각,1,,,
SBKRrJRCFu8,꽃소금,,,,적당량
SBKRrJRCFu8,갈비탕 고명,,,,
SBKRrJRCFu8,건당면,80,g,80,
SBKRrJRCFu8,대파,,,,적당량
SBKRrJRCFu8,후춧가루,,,,약간
Bt0PPGfItZw,물 약,1,,,
Bt0PPGfItZw,소고기 불고기용 약,1,,,
Bt0PPGfItZw,양파 약,1,,,
Bt0PPGfItZw,청피망 약,1,,,
Bt0PPGfItZw,당근,1,,,
Bt0PPGfItZw,표고버섯 과,1,,,
Bt0PPGfItZw,대파 대,,,,
Bt0PPGfItZw,진간장 와,2,,,
Bt0PPGfItZw,황설탕,2,tbsp,30,
Bt0PPGfItZw,간 마늘,,tbsp,,
Bt0PPGfItZw,참기름,1,tbsp,15,
Bt0PPGfItZw,후춧가루,,,,약간
Bt0PPGfItZw,통깨,,,,약간
rqbhm9hpvp8,모차렐라 치즈,1,cup,200,
rqbhm9hpvp8,대파 약,1,,,
rqbhm9hpvp8,식용유,2,tbsp,30,
rqbhm9hpvp8,라면,1,piece,1,
rqbhm9hpvp8,슬라이스 체다치즈 장,1,,,
mo8ogr40m4o,얇은 사각어묵 장,6,,,
mo8ogr40m4o,감자,1,piece,1,
mo8ogr40m4o,물 약,2,,,
mo8ogr40m4o,양파,1,,,
mo8ogr40m4o,봉어묵,6,piece,6,
mo8ogr40m4o,대파,1,,,
mo8ogr40m4o,진간장,5,tbsp,75,
mo8ogr40m4o,청양고추,2,piece,2,
mo8ogr40m4o,간 마늘,1,tbsp,15,
mo8ogr40m4o,식용유,2,tbsp,30,
mo8ogr40m4o,참기름,2,tbsp,30,
mo8ogr40m4o,황설탕,1,tbsp,15,
mo8ogr40m4o,고운 고춧가루 과,1,,,
mo8ogr40m4o,통깨,,,,약간
_m_HiEJukX4,파 채,4,cup,800,
_m_HiEJukX4,양배추 약,2,cup,400,
_m_HiEJukX4,식초 와,4,,,
_m_HiEJukX4,고추장 약 과,1,,,
_m_HiEJukX4,굵은 고춧가루,3,tbsp,45,
_m_HiEJukX4,간 마늘 과,1,,,
_m_HiEJukX4,황설탕 과,1,,,
_m_HiEJukX4,참기름,2,tbsp,30,
_m_HiEJukX4,통깨 약,2,tbsp,30,
X8VEvBHHOjQ,달걀물,,,,
X8VEvBHHOjQ,우유,1,,,
X8VEvBHHOjQ,달걀,1,piece,1,
X8VEvBHHOjQ,맛소금,,,,약간
X8VEvBHHOjQ,샌드위치,,,,
X8VEvBHHOjQ,식빵 장,3,,,
X8VEvBHHOjQ,체다치즈슬라이스 장,4,,,
X8VEvBHHOjQ,딸기잼,3,tbsp,45,
X8VEvBHHOjQ,슬라이스햄 장,4,,,
X8VEvBHHOjQ,식용유,3,tbsp,45,
gJDxWPoMHgo,소스,,,,
gJDxWPoMHgo,황설탕 약 과,1,,,
gJDxWPoMHgo,식초 약 와,2,,,
gJDxWPoMHgo,진간장 약,1,tbsp,15,
gJDxWPoMHgo,멸치액젓 약 과,1,,,
gJDxWPoMHgo,팟타이,,,,
gJDxWPoMHgo,숙주 약 과,1,,,
gJDxWPoMHgo,양파 약,1,,,
gJDxWPoMHgo,식용유,1,,,
gJDxWPoMHgo,부추 약,1,cup,200,
gJDxWPoMHgo,칵테일 새우 마리,8,,,
gJDxWPoMHgo,건 새우,2,,,
gJDxWPoMHgo,통마늘,4,piece,4,
gJDxWPoMHgo,땅콩 분태 약,1,,,
gJDxWPoMHgo,청양고추,1,piece,1,
gJDxWPoMHgo,홍고추,1,piece,1,
gJDxWPoMHgo,달걀,2,piece,2,
8uwmFQH614M,부대찌,,piece,,
8uwmFQH614M,통조림햄 캔,1,,,
8uwmFQH614M,대파 과,1,,,
8uwmFQH614M,소시지,2,piece,2,
8uwmFQH614M,양파,1,,,
8uwmFQH614M,신김치 약,1,,,
8uwmFQH614M,베이크드빈스 과,1,,,
8uwmFQH614M,체다슬라이스치즈 장,1,,,
8uwmFQH614M,양념장,,,,
8uwmFQH614M,간마늘,1,tbsp,15,
8uwmFQH614M,굵은 고춧가루,2,tbsp,30,
8uwmFQH614M,고추장 약,1,,,
8uwmFQH614M,된장 약,1,,,
8uwmFQH614M,국간장 약,1,tbsp,15,
8uwmFQH614M,후춧가루,,,,약간
8uwmFQH614M,추가재료,,,,
8uwmFQH614M,라면,1,piece,1,
8uwmFQH614M,정수물,1,cup,200,
Gq9S0dJ3wHg,육수,,,,
Gq9S0dJ3wHg,물 약,6,cup,1200,
Gq9S0dJ3wHg,애호박,1,,,
Gq9S0dJ3wHg,양파,1,,,
Gq9S0dJ3wHg,표고버섯,2,piece,2,
Gq9S0dJ3wHg,당근,1,,,
Gq9S0dJ3wHg,국간장 약,1,,,
Gq9S0dJ3wHg,꽃소금,1,,,
Gq9S0dJ3wHg,달걀,1,piece,1,
Gq9S0dJ3wHg,양념간장,,,,
Gq9S0dJ3wHg,진간장 약,1,,,
Gq9S0dJ3wHg,대파,1,,,
Gq9S0dJ3wHg,청양고추,2,piece,2,
Gq9S0dJ3wHg,간 마늘,1,,,
Gq9S0dJ3wHg,굵은 고춧가루,1,tbsp,15,
Gq9S0dJ3wHg,참기름,1,tbsp,15,
Gq9S0dJ3wHg,깨소금,1,tbsp,15,
Gq9S0dJ3wHg,황설탕,1,,,
Gq9S0dJ3wHg,인분 세팅,1,,,
Gq9S0dJ3wHg,물 약 와,5,,,
Gq9S0dJ3wHg,건소면,100,g,100,
Gq9S0dJ3wHg,육수,1,,,
Gq9S0dJ3wHg,양념간장 기호에 따라,,,,
Gq9S0dJ3wHg,후춧가루,,,,약간
mjLPNh11_xs,튜나샐러드,,,,
mjLPNh11_xs,통조림참치 캔,1,,,
mjLPNh11_xs,양파 약,1,,,
mjLPNh11_xs,마요네즈,2,tbsp,30,
mjLPNh11_xs,치킨무,8,piece,8,
mjLPNh11_xs,황설탕,1,,,
mjLPNh11_xs,꽃소금,,,,약간
mjLPNh11_xs,후춧가루,,,,약간
mjLPNh11_xs,튜나멜트토스트,,,,
mjLPNh11_xs,버터 약 와,2,,,
mjLPNh11_xs,식빵 장,2,,,
mjLPNh11_xs,슬라이스체다치즈 장,4,,,
mjLPNh11_xs,튜나샐러드,1,,,
UlsvKb-Bafs,만능겉절이양념,,,,
UlsvKb-Bafs,멸치액젓 약,1,,,
UlsvKb-Bafs,대파,1,,,
UlsvKb-Bafs,굵은 고춧가루,1,,,
UlsvKb-Bafs,황설탕,2,tbsp,30,
UlsvKb-Bafs,간마늘,1,tbsp,15,
UlsvKb-Bafs,깨소금,2,tbsp,30,
UlsvKb-Bafs,봄나물겉절이,,,,
UlsvKb-Bafs,봄동,,,,
UlsvKb-Bafs,미나리,,,,
UlsvKb-Bafs,참나물,,,,
UlsvKb-Bafs,만능겉절이양념,,,,적당량
UlsvKb-Bafs,참기름,,,,약간
ulXcb04zLiI,마요네즈,,,,
ulXcb04zLiI,달걀노른자 약,2,piece,2,
ulXcb04zLiI,식용유,1,,,
ulXcb04zLiI,레몬즙,1,tbsp,15,
ulXcb04zLiI,꽃소금,,,,약간
ulXcb04zLiI,황설탕,,,,약간
ulXcb04zLiI,후춧가루,,,,약간
ulXcb04zLiI,과일샐러드,,,,
ulXcb04zLiI,각종 과일,,,,적당량
ulXcb04zLiI,마요네즈,,,,적당량
ulXcb04zLiI,땅콩,,,,약간
ulXcb04zLiI,레몬즙,,,,약간
LTVxirHWvh8,뒷다리살카레,,,,
LTVxirHWvh8,돼지고기뒷다리살,300,g,300,
LTVxirHWvh8,양파,2,piece,2,
LTVxirHWvh8,카레가루 봉지,1,,,
LTVxirHWvh8,당근 약,1,,,
LTVxirHWvh8,케첩,2,tbsp,30,
LTVxirHWvh8,식용유 약,1,,,
LTVxirHWvh8,진간장,2,tbsp,30,
LTVxirHWvh8,버터 약,2,tbsp,30,
LTVxirHWvh8,인분세팅,1,,,
LTVxirHWvh8,밥 공기,1,,,
LTVxirHWvh8,뒷다리살카레,,,,적당량
5UVURwno_jA,새우튀김,,,,
5UVURwno_jA,식용유,,,,
5UVURwno_jA,새우,200,g,200,
5UVURwno_jA,튀김가루,1,cup,200,
5UVURwno_jA,크림소스,,,,
5UVURwno_jA,마요네즈,4,tbsp,60,
5UVURwno_jA,황설탕,2,tbsp,30,
5UVURwno_jA,식초,1,tbsp,15,
5UVURwno_jA,레몬즙,,,,약간
5UVURwno_jA,세팅,,,,
5UVURwno_jA,크림새우 전량,,,,
5UVURwno_jA,양상추,,,,약간
4QwUVgVoMSE,는 알리오 올리오와 비슷하고,,,,
4QwUVgVoMSE,느끼해지려고 할 때,,,,약간
4QwUVgVoMSE,아셨쥬,,,,
4QwUVgVoMSE,올리브유,1,,,
4QwUVgVoMSE,통마늘,10,piece,10,
4QwUVgVoMSE,건새우,1,,,
4QwUVgVoMSE,황설탕,1,,,
4QwUVgVoMSE,꽃소금,,,,약간
4QwUVgVoMSE,대파,1,,,
6hLnQ5c03L8,양념장,,,,
6hLnQ5c03L8,된장 와,4,,,
6hLnQ5c03L8,고추장,1,tbsp,15,
6hLnQ5c03L8,굵은 고춧가루,3,tbsp,45,
6hLnQ5c03L8,간마늘 와,2,,,
6hLnQ5c03L8,MSG 약,1,,,
6hLnQ5c03L8,감자탕,,,,
6hLnQ5c03L8,물 약,17,cup,3400,
6hLnQ5c03L8,돼지고기 뒷다리살,600,g,600,
6hLnQ5c03L8,감자,2,piece,2,
6hLnQ5c03L8,대파,3,piece,3,
6hLnQ5c03L8,양파,1,,,
6hLnQ5c03L8,깻잎 장,20,,,
6hLnQ5c03L8,들깻가루 약,4,tbsp,60,
6hLnQ5c03L8,청양고추,3,piece,3,
6hLnQ5c03L8,후춧가루,,,,약간
6hLnQ5c03L8,겨자소스 비율,,,,
6hLnQ5c03L8,물  식초  황설탕,1,,,
6hLnQ5c03L8,연겨자 개인 취향에 맞게,,,,
6hLnQ5c03L8,감자탕 만드는 법,,,,
6hLnQ5c03L8,고기를 충분히 삶아준 뒤,7,,,
6hLnQ5c03L8,굵은 고춧가루,8,,,
6hLnQ5c03L8,고추장,,,,
6hLnQ5c03L8,간 마늘,,,,
6hLnQ5c03L8,들깻가루,,,,
6hLnQ5c03L8,양파,9,,,
6hLnQ5c03L8,청양고추,,,,
6hLnQ5c03L8,겨자소스 만드는 법,,,,
6hLnQ5c03L8,소스 볼에 진간장,1,,,
6hLnQ5c03L8,식초,,,,
6hLnQ5c03L8,황설탕,,,,
M_69x0-_GkE,완전 쉬운 방법,,,,
4LoyQQq2pgA,소스,,,,
4LoyQQq2pgA,땅콩버터 과,3,,,
4LoyQQq2pgA,식초 약,1,,,
4LoyQQq2pgA,황설탕 와,2,,,
4LoyQQq2pgA,진간장 과,1,,,
4LoyQQq2pgA,통깨,2,tbsp,30,
4LoyQQq2pgA,그릇 세팅,1,,,
4LoyQQq2pgA,소스,1,,,
4LoyQQq2pgA,오이 약,1,,,
4LoyQQq2pgA,라면사리,1,piece,1,
4LoyQQq2pgA,고추기름 약,1,,,
4LoyQQq2pgA,간 마늘 약,1,,,
4LoyQQq2pgA,참기름,1,,,
4LoyQQq2pgA,통깨,,,,약간
SYaYH8bh4QY,라면,1,piece,1,
SYaYH8bh4QY,물 약,3,cup,600,
SYaYH8bh4QY,신김치 약,3,,,
SYaYH8bh4QY,굵은 고춧가루 약,1,,,
SYaYH8bh4QY,통깨,1,tbsp,15,
SYaYH8bh4QY,참기름 약,1,tbsp,15,
SYaYH8bh4QY,대파 약,1,,,
SYaYH8bh4QY,청양고추,1,piece,1,
M_G9MGGQdbs,양념장,,,,
M_G9MGGQdbs,고추장,1,,,
M_G9MGGQdbs,황설탕,1,,,
M_G9MGGQdbs,굵은 고춧가루,1,,,
M_G9MGGQdbs,맛술,1,,,
M_G9MGGQdbs,진간장,1,,,
M_G9MGGQdbs,간 마늘,1,,,
M_G9MGGQdbs,전분물,,,,
M_G9MGGQdbs,감자전분,1,,,
M_G9MGGQdbs,콩나물찜,,,,
M_G9MGGQdbs,콩나물,500,g,500,
M_G9MGGQdbs,떡국떡,1,cup,200,
M_G9MGGQdbs,대파 약 대,1,,,
M_G9MGGQdbs,양파 약,1,,,
M_G9MGGQdbs,사각어묵 장,1,,,
M_G9MGGQdbs,청양고추,2,piece,2,
M_G9MGGQdbs,참기름,1,tbsp,15,
M_G9MGGQdbs,후춧가루,,,,약간
M_G9MGGQdbs,통깨,,,,약간
IgTaHfnAbic,진미채전,,,,
IgTaHfnAbic,진미채 약,2,cup,400,
IgTaHfnAbic,부침가루,2,cup,400,
IgTaHfnAbic,청양고추,2,piece,2,
IgTaHfnAbic,식용유,,,,적당량
IgTaHfnAbic,양념장,,,,
IgTaHfnAbic,진간장,1,tbsp,15,
IgTaHfnAbic,식초,2,tbsp,30,
037o6vxm0es,돈가스,,,,
037o6vxm0es,돼지고기 등심 장,1,,,
037o6vxm0es,꽃소금,,,,약간
037o6vxm0es,후춧가루,,,,약간
037o6vxm0es,밀가루,,,,적당량
037o6vxm0es,달걀,2,piece,2,
037o6vxm0es,빵가루,,,,적당량
037o6vxm0es,튀김용 식용유,,,,적당량
037o6vxm0es,튀김가루,1,,,
037o6vxm0es,달걀,1,piece,1,
037o6vxm0es,돈가스 소스,,,,
037o6vxm0es,물 과,1,,,
037o6vxm0es,식용유,6,tbsp,90,
037o6vxm0es,케첩 약,1,,,
037o6vxm0es,황설탕,3,tbsp,45,
037o6vxm0es,진간장,3,tbsp,45,
037o6vxm0es,밀가루,2,tbsp,30,
037o6vxm0es,식초 약 과,1,,,
037o6vxm0es,접시 세팅 재료,1,,,
037o6vxm0es,양배추 채,,,,한줌
037o6vxm0es,마요네즈,,,,약간
037o6vxm0es,우스터소스,,,,약간
037o6vxm0es,단무지,,,,약간
037o6vxm0es,방울토마토,,,,약간
FbApByZGCXg,양념장,,,,
FbApByZGCXg,고추장 와,2,,,
FbApByZGCXg,황설탕,2,tbsp,30,
FbApByZGCXg,양조 식초 과,3,,,
FbApByZGCXg,간 마늘,1,,,
FbApByZGCXg,진간장,1,,,
FbApByZGCXg,참기름 약,1,,,
FbApByZGCXg,고운 고춧가루,1,,,
FbApByZGCXg,쫄면,,,,
FbApByZGCXg,물 약,6,cup,1200,
FbApByZGCXg,쫄면사리,1,piece,1,
FbApByZGCXg,양념장 전량,,,,
FbApByZGCXg,통깨,,,,약간
FbApByZGCXg,삶은 콩나물,,,,약간
FbApByZGCXg,불린미역,,,,약간
FbApByZGCXg,양배추 채,,,,약간
FbApByZGCXg,상추 채,,,,약간
FbApByZGCXg,당근 채,,,,약간
FbApByZGCXg,삶은달걀,1,,,
XtFqi5J2KqI,새우젓 페스토,,,,
XtFqi5J2KqI,식용유,1,,,
XtFqi5J2KqI,건새우,1,,,
XtFqi5J2KqI,새우젓,1,,,
XtFqi5J2KqI,새우젓 파스타,,,,
XtFqi5J2KqI,스파게티 면,100,g,100,
XtFqi5J2KqI,올리브오일,1,,,
XtFqi5J2KqI,통마늘,9,piece,9,
XtFqi5J2KqI,페퍼론치노,5,piece,5,
XtFqi5J2KqI,새우젓 페스토,2,tbsp,30,
XtFqi5J2KqI,면수,1,,,
EUdt9GjWj5c,간장버전,,,,
EUdt9GjWj5c,중멸치 약,1,cup,200,
EUdt9GjWj5c,청양고추,1,piece,1,
EUdt9GjWj5c,물엿,2,tbsp,30,
EUdt9GjWj5c,식용유,3,tbsp,45,
EUdt9GjWj5c,진간장,1,tbsp,15,
EUdt9GjWj5c,참기름,1,tbsp,15,
EUdt9GjWj5c,황설탕,1,,,
EUdt9GjWj5c,통깨,,,,약간
EUdt9GjWj5c,고추장버전,,,,
EUdt9GjWj5c,고추장,1,tbsp,15,
EUdt9GjWj5c,고운 고춧가루,1,,,
kMksKRBOpiA,고추장 약,1,,,
kMksKRBOpiA,토마토소스 약,3,,,
kMksKRBOpiA,간 마늘,1,tbsp,15,
kMksKRBOpiA,굵은 고춧가루 과,1,,,
kMksKRBOpiA,순대,320,g,320,
kMksKRBOpiA,모짜렐라치즈 봉지,2,,,
kMksKRBOpiA,깻잎 장,5,,,
kMksKRBOpiA,청양고추,2,piece,2,
kMksKRBOpiA,대파,1,,,
LwHQ_LE4b9I,진비빔면,1,piece,1,
LwHQ_LE4b9I,대파 약,1,,,
LwHQ_LE4b9I,달걀,1,piece,1,
LwHQ_LE4b9I,식용유,4,tbsp,60,
LwHQ_LE4b9I,멸치액젓,1,,,
CS2s_N37qjM,대패삼겹살,200,g,200,
CS2s_N37qjM,무 약,2,cup,400,
CS2s_N37qjM,재래식된장,3,tbsp,45,
CS2s_N37qjM,고추장,1,tbsp,15,
CS2s_N37qjM,물 약 과,3,,,
CS2s_N37qjM,황설탕,1,,,
CS2s_N37qjM,간 마늘,1,tbsp,15,
CS2s_N37qjM,대파 약,1,,,
CS2s_N37qjM,청양고추,3,piece,3,
CS2s_N37qjM,홍고추,1,piece,1,
NtsoIQQXGsA,양파,3,,,
NtsoIQQXGsA,대파 약,1,,,
NtsoIQQXGsA,식용유 약,1,,,
NtsoIQQXGsA,간 마늘 약 과,1,,,
NtsoIQQXGsA,다진소고기,1,,,
NtsoIQQXGsA,진간장 과,1,,,
NtsoIQQXGsA,황설탕 약,3,tbsp,45,
NtsoIQQXGsA,고추장,1,cup,200,
NtsoIQQXGsA,냉비빔라면,,,,
NtsoIQQXGsA,라면사리,1,piece,1,
NtsoIQQXGsA,간깨,1,,,
NtsoIQQXGsA,식초,1,tbsp,15,
qVtqpAfJNb4,라면,1,piece,1,
qVtqpAfJNb4,물 과,3,,,
qVtqpAfJNb4,얇은 사각어묵 장,2,,,
qVtqpAfJNb4,청양고추,2,piece,2,
qVtqpAfJNb4,콩나물 약 과,1,,,
qVtqpAfJNb4,대파 약,1,,,
qVtqpAfJNb4,국간장,1,tbsp,15,
qVtqpAfJNb4,마라소스 약,2,tbsp,30,
MCYhvB4q4r4,칼국수면,,,,
MCYhvB4q4r4,소고기 약,2,,,
MCYhvB4q4r4,감자 약,1,,,
MCYhvB4q4r4,양파 약,1,,,
MCYhvB4q4r4,표고버섯,1,,,
MCYhvB4q4r4,애호박,1,,,
MCYhvB4q4r4,대파,1,,,
MCYhvB4q4r4,청양고추,1,piece,1,
MCYhvB4q4r4,참기름,2,tbsp,30,
MCYhvB4q4r4,물 약 과,3,,,
MCYhvB4q4r4,간 마늘,1,,,
MCYhvB4q4r4,국간장,1,tbsp,15,
MCYhvB4q4r4,멸치액젓,1,tbsp,15,
MCYhvB4q4r4,후춧가루,,,,약간
tRf3oA4J1ok,밥 밑간하기,,,,
tRf3oA4J1ok,식초 약,1,,,
tRf3oA4J1ok,황설탕 약,1,,,
tRf3oA4J1ok,꽃소금,1,,,
tRf3oA4J1ok,게살버전,,,,
tRf3oA4J1ok,밑간 한 밥,450,g,450,
tRf3oA4J1ok,게살,6,piece,6,
tRf3oA4J1ok,마요네즈 약 와,4,,,
tRf3oA4J1ok,양파,1,,,
tRf3oA4J1ok,단무지 장,2,,,
tRf3oA4J1ok,황설탕,1,,,
tRf3oA4J1ok,김밥김 장,2,,,
tRf3oA4J1ok,달걀지단 줄,4,,,
tRf3oA4J1ok,오이 줄,2,,,
tRf3oA4J1ok,날치알,,,,약간
tRf3oA4J1ok,참치버전,,,,
tRf3oA4J1ok,통조림참치 캔,1,,,
tRf3oA4J1ok,고운 고춧가루,1,tbsp,15,
tRf3oA4J1ok,깻잎 장,4,,,
tRf3oA4J1ok,오이채,,,,약간
RH73tQvg33g,감자,2,,,
RH73tQvg33g,표고버섯,1,piece,1,
RH73tQvg33g,양파 약,1,,,
RH73tQvg33g,물 과,3,,,
RH73tQvg33g,칼국수면,,,,
RH73tQvg33g,간 마늘,1,,,
RH73tQvg33g,멸치액젓 약 과,1,,,
RH73tQvg33g,꽃소금,,,,약간
RH73tQvg33g,들깻가루 약,5,tbsp,75,
RH73tQvg33g,들기름,1,tbsp,15,
1Lc70M38LTk,토마토 과,1,,,
1Lc70M38LTk,감자 약,1,,,
1Lc70M38LTk,셀러리 약,1,,,
1Lc70M38LTk,양파,1,,,
1Lc70M38LTk,식용유 약,6,tbsp,90,
1Lc70M38LTk,돼지고기 뒷다리살,200,g,200,
1Lc70M38LTk,물 약,4,cup,800,
1Lc70M38LTk,토마토 주스 약,2,,,
1Lc70M38LTk,진간장 약 과,1,,,
1Lc70M38LTk,케첩 과,1,,,
1Lc70M38LTk,식초 약,1,tbsp,15,
1Lc70M38LTk,맛소금 약,1,,,
1Lc70M38LTk,버터,,,,약간
1Lc70M38LTk,후춧가루,,,,약간
1Lc70M38LTk,파슬리,,,,약간
1hZU9_OLcDU,셀러리,250,g,250,
1hZU9_OLcDU,돼지고기 뒷다리살,150,g,150,
1hZU9_OLcDU,대파 약,1,,,
1hZU9_OLcDU,식용유,6,tbsp,90,
1hZU9_OLcDU,간 마늘 약,2,tbsp,30,
1hZU9_OLcDU,진간장 약 과,1,,,
1hZU9_OLcDU,굴소스 약,1,tbsp,15,
C_PYoYG1fWY,깻잎 장,30,,,
C_PYoYG1fWY,대파 약,1,,,
C_PYoYG1fWY,홍고추,1,piece,1,
C_PYoYG1fWY,청양고추,2,piece,2,
C_PYoYG1fWY,양파,1,,,
C_PYoYG1fWY,당근,1,,,
C_PYoYG1fWY,황설탕 약,2,tbsp,30,
C_PYoYG1fWY,간 마늘 약,2,,,
C_PYoYG1fWY,진간장,4,tbsp,60,
C_PYoYG1fWY,멸치액젓 약,3,tbsp,45,
C_PYoYG1fWY,정수물 약,1,,,
C_PYoYG1fWY,굵은 고춧가루 약,3,tbsp,45,
C_PYoYG1fWY,간 깨 약 과,1,,,
oUvPWwmvoPM,양념장,,,,
oUvPWwmvoPM,진간장 약,4,tbsp,60,
oUvPWwmvoPM,간 마늘 약,2,tbsp,30,
oUvPWwmvoPM,굵은 고춧가루 과,3,,,
oUvPWwmvoPM,황설탕 과,1,,,
oUvPWwmvoPM,고추장 약,2,,,
oUvPWwmvoPM,후춧가루,,,,약간
oUvPWwmvoPM,순대,1,,,
oUvPWwmvoPM,양배추 약,4,cup,800,
oUvPWwmvoPM,양파 약,1,,,
oUvPWwmvoPM,대파 약,1,,,
oUvPWwmvoPM,들깻가루 약,3,tbsp,45,
oUvPWwmvoPM,깻잎 장,10,,,
oUvPWwmvoPM,식용유 약,3,tbsp,45,
oUvPWwmvoPM,청양고추,2,piece,2,
oUvPWwmvoPM,양념장 전량,,,,
JzyYs3lV2Gs,콩물,,,,
JzyYs3lV2Gs,정수 물 약 과,1,,,
JzyYs3lV2Gs,두부,1,,,
JzyYs3lV2Gs,땅콩버터 약,1,tbsp,15,
JzyYs3lV2Gs,통깨 약 와,2,,,
JzyYs3lV2Gs,황설탕 약,1,tbsp,15,
JzyYs3lV2Gs,꽃소금,1,,,
JzyYs3lV2Gs,콩국수,,,,
JzyYs3lV2Gs,소면,100,g,100,
JzyYs3lV2Gs,오이채,10,g,10,
JzyYs3lV2Gs,방울토마토,1,,,
JzyYs3lV2Gs,콩물 전량,,,,
JzyYs3lV2Gs,각 얼음,,,,약간
FdL13qXf4MA,물 약,11,cup,2200,
FdL13qXf4MA,닭가슴살 팩,1,,,
FdL13qXf4MA,대파 대,3,,,
FdL13qXf4MA,느타리버섯,2,cup,400,
FdL13qXf4MA,양파 약,1,,,
FdL13qXf4MA,숙주,1,cup,200,
FdL13qXf4MA,부추 약,2,,,
FdL13qXf4MA,국간장,1,,,
FdL13qXf4MA,굵은 고춧가루 약,1,,,
FdL13qXf4MA,간 마늘,1,tbsp,15,
FdL13qXf4MA,참기름,2,tbsp,30,
FdL13qXf4MA,식용유,1,tbsp,15,
FdL13qXf4MA,꽃소금,2,,,
FdL13qXf4MA,달걀,1,piece,1,
FdL13qXf4MA,후추가루,,,,약간
FdL13qXf4MA,간 생강,,,,약간
3gQwydGHIG8,물 약 와,2,,,
3gQwydGHIG8,감자,2,piece,2,
3gQwydGHIG8,양파,1,,,
3gQwydGHIG8,진간장 약,2,,,
3gQwydGHIG8,물엿 약,1,,,
3gQwydGHIG8,소고기,2,,,
3gQwydGHIG8,황설탕 약,4,tbsp,60,
3gQwydGHIG8,꽈리고추 약,4,piece,4,
3gQwydGHIG8,간마늘,1,,,
fVKaR66n9B4,사골국물 팩,3,,,
fVKaR66n9B4,두부 팩,1,,,
fVKaR66n9B4,북어채,2,cup,400,
fVKaR66n9B4,대파 약,1,,,
fVKaR66n9B4,간 마늘,1,tbsp,15,
fVKaR66n9B4,참기름 약 와,2,,,
fVKaR66n9B4,새우젓 약,1,,,
fVKaR66n9B4,달걀,1,piece,1,
fVKaR66n9B4,후춧가루,,,,약간
JxWbJX-UNwY,돼지고기 밑간,,,,
JxWbJX-UNwY,돼지고기 뒷다리살 덩어리,1,,,
JxWbJX-UNwY,맛소금 약,1,,,
JxWbJX-UNwY,후춧가루,,,,약간
JxWbJX-UNwY,식용유,3,tbsp,45,
JxWbJX-UNwY,돼지고기뒷다리살스테이크,,,,
JxWbJX-UNwY,밑간 한 돼지고기 전량,,,,
JxWbJX-UNwY,새송이버섯,1,piece,1,
JxWbJX-UNwY,양파 약,1,,,
JxWbJX-UNwY,마늘,6,piece,6,
JxWbJX-UNwY,정수물,2,,,
JxWbJX-UNwY,케첩,3,tbsp,45,
JxWbJX-UNwY,식용유,4,tbsp,60,
JxWbJX-UNwY,황설탕,2,tbsp,30,
JxWbJX-UNwY,버터 약,2,tbsp,30,
JxWbJX-UNwY,진간장,2,tbsp,30,
JxWbJX-UNwY,통후춧가루,,,,약간
JxWbJX-UNwY,파슬리가루,,,,약간
JxWbJX-UNwY,달걀프라이,,,,
JxWbJX-UNwY,달걀,1,piece,1,
JxWbJX-UNwY,식용유,,,,약간
1T4R8zNe1yA,간장 소불고기 고추장 돼지불고기,250,g,250,
8-Aad1W4Mq0,간장 소불고기 고추장 돼지불고기,250,g,250,
b2AXKI76rKI,냉동감자,200,g,200,
b2AXKI76rKI,식용유,1,,,
b2AXKI76rKI,마라소스 약 과,1,,,
b2AXKI76rKI,대파,1,,,
UEfoOmupTG8,전복 손질,,,,
UEfoOmupTG8,전복 마리,4,,,
UEfoOmupTG8,전복내장크림소스,,,,
UEfoOmupTG8,전복내장 전량,,,,
UEfoOmupTG8,우유 팩,1,,,
UEfoOmupTG8,양파,1,,,
UEfoOmupTG8,통마늘,5,piece,5,
UEfoOmupTG8,식용유,3,tbsp,45,
UEfoOmupTG8,맛소금,,,,약간
UEfoOmupTG8,전복내장크림파스타,,,,
UEfoOmupTG8,삶은스파게티면,160,g,160,
UEfoOmupTG8,버터 약,2,tbsp,30,
UEfoOmupTG8,파마산치즈가루 과,1,,,
UEfoOmupTG8,손질 전복살 전량,,,,
UEfoOmupTG8,전복 내장 크림소스 전량,,,,
UEfoOmupTG8,쪽파 줄,1,,,
gVw9OXujilo,전복 손질,,,,
gVw9OXujilo,전복 마리,5,,,
gVw9OXujilo,전복구이,,,,
gVw9OXujilo,데친 전복 마리,5,,,
gVw9OXujilo,통마늘,12,piece,12,
gVw9OXujilo,물 약,1,,,
gVw9OXujilo,진간장 약,2,tbsp,30,
gVw9OXujilo,식용유 과,1,,,
gVw9OXujilo,참기름 약 과,1,,,
gVw9OXujilo,황설탕,2,,,
N0imcLgooRI,공심채,200,g,200,
N0imcLgooRI,통마늘,5,piece,5,
N0imcLgooRI,식용유,3,tbsp,45,
N0imcLgooRI,굴소스 약 과,1,,,
N0imcLgooRI,진간장 약,1,,,
N0imcLgooRI,황설탕,1,,,
N0imcLgooRI,베트남 고추,3,piece,3,
9ljJ2Ybkaho,물 약,4,cup,800,
9ljJ2Ybkaho,재래식 된장 약,1,,,
9ljJ2Ybkaho,대파 대,1,,,
9ljJ2Ybkaho,다진 돼지고기 약,1,,,
9ljJ2Ybkaho,양파 약,1,,,
9ljJ2Ybkaho,굵은 고춧가루 약 과,1,,,
9ljJ2Ybkaho,간마늘 약,1,,,
9ljJ2Ybkaho,식용유 약,1,tbsp,15,
9ljJ2Ybkaho,라면,1,piece,1,
9ljJ2Ybkaho,달걀,1,piece,1,
B2s5seuBCn0,물 약 와,5,,,
B2s5seuBCn0,애호박,1,piece,1,
B2s5seuBCn0,돼지고기 앞다리살 약 과,1,,,
B2s5seuBCn0,양파,1,,,
B2s5seuBCn0,대파 약,1,,,
B2s5seuBCn0,고추장 약 과,1,,,
B2s5seuBCn0,간마늘,1,tbsp,15,
B2s5seuBCn0,새우젓,1,tbsp,15,
B2s5seuBCn0,굵은 고춧가루 와,2,,,
B2s5seuBCn0,표고버섯 약,1,piece,1,
B2s5seuBCn0,식용유,2,tbsp,30,
B2s5seuBCn0,청양고추,1,piece,1,
B2s5seuBCn0,국간장 약,1,tbsp,15,
B2s5seuBCn0,꽃소금 약,1,,,
B2s5seuBCn0,후추가루,,,,약간
Z5-6wbdbgA4,밥 밑간,,,,
Z5-6wbdbgA4,밥 약,7,cup,1400,
Z5-6wbdbgA4,맛소금 약,1,,,
Z5-6wbdbgA4,참기름 약 와,2,,,
Z5-6wbdbgA4,유부조림,,,,
Z5-6wbdbgA4,유부채 약,3,cup,600,
Z5-6wbdbgA4,물 약,1,,,
Z5-6wbdbgA4,황설탕 약,2,tbsp,30,
Z5-6wbdbgA4,진간장 약 와,2,,,
Z5-6wbdbgA4,식용유,1,tbsp,15,
Z5-6wbdbgA4,유부김밥,,,,
Z5-6wbdbgA4,밑간한 밥 약 와,2,,,
Z5-6wbdbgA4,유부조림 과,1,,,
Z5-6wbdbgA4,김밥김 장,2,,,
Z5-6wbdbgA4,김밥 단무지 줄,2,,,
Z5-6wbdbgA4,참기름,,,,약간
Z5-6wbdbgA4,유부달걀김밥,,,,
Z5-6wbdbgA4,유부조림,2,,,
Z5-6wbdbgA4,식용유,2,tbsp,30,
Z5-6wbdbgA4,황설탕,1,,,
Z5-6wbdbgA4,달걀,2,piece,2,
Z5-6wbdbgA4,맛소금,,,,약간
tCe6B6U8wHw,단무지 팩,1,,,
tCe6B6U8wHw,대파 약,2,,,
tCe6B6U8wHw,간 깨 약,1,tbsp,15,
tCe6B6U8wHw,간 마늘,1,,,
tCe6B6U8wHw,굵은 고춧가루 약,1,,,
tCe6B6U8wHw,참기름 약,1,,,
MTF3kcG6mmI,칼국수면,1,piece,1,
MTF3kcG6mmI,애호박,1,,,
MTF3kcG6mmI,다진 돼지고기,1,,,
MTF3kcG6mmI,양파 약,1,,,
MTF3kcG6mmI,감자 약,1,,,
MTF3kcG6mmI,대파 약,1,,,
MTF3kcG6mmI,고추장,1,tbsp,15,
MTF3kcG6mmI,청양고추,1,piece,1,
MTF3kcG6mmI,재래식된장,1,,,
MTF3kcG6mmI,간 마늘,1,,,
MTF3kcG6mmI,식용유,1,tbsp,15,
MTF3kcG6mmI,국간장,1,,,
MTF3kcG6mmI,굵은 고춧가루,1,,,
MTF3kcG6mmI,고운 고춧가루,1,,,
MTF3kcG6mmI,꽃소금,1,,,
MTF3kcG6mmI,간 깨,1,,,
MTF3kcG6mmI,김가루,,,,약간
Js2p5JPj3XQ,볼카츠,,,,
Js2p5JPj3XQ,다진 돼지고기,2,cup,400,
Js2p5JPj3XQ,양파 약,1,,,
Js2p5JPj3XQ,빵가루 약,1,,,
Js2p5JPj3XQ,맛소금 약,1,,,
Js2p5JPj3XQ,달걀물 약,1,,,
Js2p5JPj3XQ,후춧가루,,,,약간
Js2p5JPj3XQ,튀김용 식용유,,,,적당량
Js2p5JPj3XQ,튀김옷,,,,
Js2p5JPj3XQ,밀가루 약,1,,,
Js2p5JPj3XQ,달걀 약,2,piece,2,
Js2p5JPj3XQ,습식 빵가루 약,3,cup,600,
mZ2C8gEw8Vk,물 약,3,cup,600,
mZ2C8gEw8Vk,손질갈치 토막,4,,,
mZ2C8gEw8Vk,무 약,1,,,
mZ2C8gEw8Vk,대파 대,1,,,
mZ2C8gEw8Vk,국간장,1,,,
mZ2C8gEw8Vk,굵은 고춧가루 약,1,,,
mZ2C8gEw8Vk,물엿,2,tbsp,30,
mZ2C8gEw8Vk,청양고추 약,3,piece,3,
mZ2C8gEw8Vk,간 마늘 약,1,tbsp,15,
mZ2C8gEw8Vk,맛술,2,tbsp,30,
mZ2C8gEw8Vk,고추장 약,1,tbsp,15,
mZ2C8gEw8Vk,황설탕 약,1,tbsp,15,
mZ2C8gEw8Vk,꽃소금,1,,,
lDr6lNjUZ8w,콩비지 와,2,,,
lDr6lNjUZ8w,정수물 과,1,,,
lDr6lNjUZ8w,신김치,1,cup,200,
lDr6lNjUZ8w,다진 돼지고기 약,1,,,
lDr6lNjUZ8w,양파 약,1,,,
lDr6lNjUZ8w,대파,1,,,
lDr6lNjUZ8w,새우젓 약,1,tbsp,15,
lDr6lNjUZ8w,청양고추,2,piece,2,
lDr6lNjUZ8w,식용유,2,tbsp,30,
lDr6lNjUZ8w,간 마늘,1,,,
lDr6lNjUZ8w,국간장,1,tbsp,15,
lDr6lNjUZ8w,참기름,1,tbsp,15,
lDr6lNjUZ8w,굵은 고춧가루,1,,,
oFiRqNH2BaI,홍합밥,,,,
oFiRqNH2BaI,쌀 약,2,cup,400,
oFiRqNH2BaI,정수물 과,1,,,
oFiRqNH2BaI,홍합살 약,1,cup,200,
oFiRqNH2BaI,고구마 약,1,,,
oFiRqNH2BaI,당근 약,1,,,
oFiRqNH2BaI,자숙연근 약,3,piece,3,
oFiRqNH2BaI,표고버섯 약,2,piece,2,
oFiRqNH2BaI,양념장,,,,
oFiRqNH2BaI,진간장 약,1,,,
oFiRqNH2BaI,부추 약 줄기,10,,,
oFiRqNH2BaI,대파 약,1,,,
oFiRqNH2BaI,참기름,2,tbsp,30,
oFiRqNH2BaI,황설탕 약,1,tbsp,15,
oFiRqNH2BaI,간 마늘 약,1,,,
oFiRqNH2BaI,굵은 고춧가루 약,1,tbsp,15,
oFiRqNH2BaI,청양고추 약,1,piece,1,
oFiRqNH2BaI,통깨,1,tbsp,15,
YEG1UYY_1E4,손질오징어 마리,1,,,
YEG1UYY_1E4,냉동삼겹살 약 줄,3,,,
YEG1UYY_1E4,양파,1,,,
YEG1UYY_1E4,통마늘,15,piece,15,
YEG1UYY_1E4,대파 약,1,,,
YEG1UYY_1E4,맛술,3,tbsp,45,
YEG1UYY_1E4,진간장 약,3,tbsp,45,
YEG1UYY_1E4,굵은 고춧가루 와,2,,,
YEG1UYY_1E4,황설탕 과,1,,,
YEG1UYY_1E4,청양고추,1,piece,1,
YEG1UYY_1E4,간 마늘,1,,,
YEG1UYY_1E4,고추장,1,,,
YEG1UYY_1E4,참기름,1,tbsp,15,
YEG1UYY_1E4,통깨,1,,,
MpWWEiU9rKg,고구마 약 개,1,piece,1,
MpWWEiU9rKg,식용유,1.5,l,1500,
MpWWEiU9rKg,황설탕,,,,약간
0wqp-Ii5wQM,부추완자전,,,,
0wqp-Ii5wQM,다진 돼지고기,2,cup,400,
0wqp-Ii5wQM,두부,1,,,
0wqp-Ii5wQM,대파 대,1,,,
0wqp-Ii5wQM,부추 약 줄,12,,,
0wqp-Ii5wQM,부침가루 약,1,,,
0wqp-Ii5wQM,진간장,3,tbsp,45,
0wqp-Ii5wQM,청양고추,2,piece,2,
0wqp-Ii5wQM,간 마늘 약,2,,,
0wqp-Ii5wQM,달걀,2,piece,2,
0wqp-Ii5wQM,식용유,,,,적당량
0wqp-Ii5wQM,맛소금,,,,약간
0wqp-Ii5wQM,후춧가루,,,,약간
0wqp-Ii5wQM,찍어 먹는 양념간장,,,,
0wqp-Ii5wQM,식초,2,tbsp,30,
0wqp-Ii5wQM,진간장,1,tbsp,15,
0wqp-Ii5wQM,황설탕,,,,약간
0wqp-Ii5wQM,양파,,,,약간
0wqp-Ii5wQM,청양고추,,,,약간
u8s0XK5WXuw,물 약,11,cup,2200,
u8s0XK5WXuw,양파,5,piece,5,
u8s0XK5WXuw,부채살,600,g,600,
u8s0XK5WXuw,당근,1,piece,1,
u8s0XK5WXuw,토마토,1,piece,1,
u8s0XK5WXuw,고형 카레 조각,8,,,
u8s0XK5WXuw,케첩,1,,,
u8s0XK5WXuw,우스터소스,1,,,
u8s0XK5WXuw,식용유 약,1,,,
u8s0XK5WXuw,버터 약,6,tbsp,90,
u8s0XK5WXuw,토마토 페이스트,2,tbsp,30,
u8s0XK5WXuw,고형 치킨스톡 조각,2,,,
u8s0XK5WXuw,쿠민가루 약,2,tbsp,30,
u8s0XK5WXuw,후춧가루,,,,약간
u8s0XK5WXuw,밥 인분,12,,,
9Wvd9VL0OpM,순한맛 라면 봉지,1,,,
9Wvd9VL0OpM,물 약,3,cup,600,
9Wvd9VL0OpM,고형 카레,1,piece,1,
9Wvd9VL0OpM,버터,2,tbsp,30,
9Wvd9VL0OpM,간마늘,1,,,
9Wvd9VL0OpM,후춧가루,,,,약간
dQnjf9ouGgk,레드와인 병,1,,,
dQnjf9ouGgk,오렌지,1,piece,1,
dQnjf9ouGgk,사과,1,piece,1,
dQnjf9ouGgk,레몬,1,piece,1,
dQnjf9ouGgk,시나몬 스틱 약,4,piece,4,
o3aLEbn2n5Y,등갈비 약,15,piece,15,
o3aLEbn2n5Y,모짜렐라 치즈 봉지,2,,,
o3aLEbn2n5Y,양파,1,,,
o3aLEbn2n5Y,물엿 약,1,,,
o3aLEbn2n5Y,맛술,1,,,
o3aLEbn2n5Y,진간장 약,1,,,
o3aLEbn2n5Y,대파,1,,,
o3aLEbn2n5Y,황설탕 약,2,tbsp,30,
o3aLEbn2n5Y,간 마늘,1,tbsp,15,
o3aLEbn2n5Y,고운 고춧가루,3,tbsp,45,
o3aLEbn2n5Y,후춧가루,,,,약간
amKnBhgVcfg,돼지등갈비튀김,,,,
amKnBhgVcfg,식용유 통,1,,,
amKnBhgVcfg,돼지등갈비 대,10,,,
amKnBhgVcfg,정수물,2,cup,400,
amKnBhgVcfg,감자전분,1,cup,200,
amKnBhgVcfg,맛소금,1,,,
amKnBhgVcfg,후춧가루,,,,약간
amKnBhgVcfg,찍어 먹는 양념,,,,
amKnBhgVcfg,고운 고춧가루 약,2,tbsp,30,
amKnBhgVcfg,큐민가루,1,tbsp,15,
amKnBhgVcfg,맛소금,1,tbsp,15,
amKnBhgVcfg,통깨 약,2,tbsp,30,
ZE3X6f6E3Ss,만능곱창무침,,,,
ZE3X6f6E3Ss,초벌소곱창,500,g,500,
ZE3X6f6E3Ss,초벌소깐양,500,g,500,
ZE3X6f6E3Ss,정수물 약,11,cup,2200,
ZE3X6f6E3Ss,굵은 고춧가루,4,tbsp,60,
ZE3X6f6E3Ss,국간장,3,tbsp,45,
ZE3X6f6E3Ss,간 마늘 과,1,,,
ZE3X6f6E3Ss,된장,1,tbsp,15,
ZE3X6f6E3Ss,황설탕 약 과,1,,,
ZE3X6f6E3Ss,들깻가루,2,tbsp,30,
ZE3X6f6E3Ss,참기름,2,tbsp,30,
ZE3X6f6E3Ss,고추장,1,,,
ZE3X6f6E3Ss,후춧가루,,,,약간
ZE3X6f6E3Ss,곱창라면,,,,
ZE3X6f6E3Ss,정수물 약,3,cup,600,
ZE3X6f6E3Ss,만능곱창무침,1,cup,200,
ZE3X6f6E3Ss,대파 약,1,,,
ZE3X6f6E3Ss,청양고추,1,piece,1,
ZE3X6f6E3Ss,라면,1,piece,1,
u1m21zlfVLo,누룩,200,g,200,
u1m21zlfVLo,효모,3,g,3,
u1m21zlfVLo,설탕,1,g,1,
6lcrq5D_63o,정수물 약 과,3,,,
6lcrq5D_63o,냉이 약,2,cup,400,
6lcrq5D_63o,대파,1,,,
6lcrq5D_63o,재래식 된장,1,,,
6lcrq5D_63o,청양고추,1,piece,1,
6lcrq5D_63o,라면,1,piece,1,
p7HGmwiuuvE,정수물 약 과,3,,,
p7HGmwiuuvE,신김치 약,3,cup,600,
p7HGmwiuuvE,통조림햄 통,1,,,
p7HGmwiuuvE,두부 약,1,,,
p7HGmwiuuvE,대파 약,2,,,
p7HGmwiuuvE,양파 약,1,,,
p7HGmwiuuvE,간마늘,1,tbsp,15,
p7HGmwiuuvE,새우젓,1,tbsp,15,
p7HGmwiuuvE,국간장,1,tbsp,15,
p7HGmwiuuvE,굵은 고춧가루,1,tbsp,15,
p7HGmwiuuvE,고운 고춧가루,1,tbsp,15,
p7HGmwiuuvE,식초,,,,적당량
p7HGmwiuuvE,굵은 고춧가루,,,,약간
rLDquEv-ZJg,정수물 약 과,8,,,
rLDquEv-ZJg,불린 미역,2,cup,400,
rLDquEv-ZJg,황태채,2,cup,400,
rLDquEv-ZJg,국간장,2,tbsp,30,
rLDquEv-ZJg,멸치액젓 약 과,1,,,
rLDquEv-ZJg,참기름 약 과,1,,,
rLDquEv-ZJg,간 마늘 약,2,,,
rLDquEv-ZJg,꽃소금,1,,,
SeUG8iRDE_g,콩나물,300,g,300,
SeUG8iRDE_g,정수물 약,11,cup,2200,
SeUG8iRDE_g,대파 약,1,,,
SeUG8iRDE_g,간 마늘,1,tbsp,15,
SeUG8iRDE_g,꽃소금 약,1,tbsp,15,
SeUG8iRDE_g,국간장 과,1,,,
SeUG8iRDE_g,청양고추,1,piece,1,
Mfnwc1dc0MY,정수물 약 과,6,,,
Mfnwc1dc0MY,양파,1,,,
Mfnwc1dc0MY,두부,1,,,
Mfnwc1dc0MY,재래식 된장,5,tbsp,75,
Mfnwc1dc0MY,차돌박이,100,g,100,
Mfnwc1dc0MY,주키니호박 약,1,cup,200,
Mfnwc1dc0MY,감자,1,,,
Mfnwc1dc0MY,대파,1,,,
Mfnwc1dc0MY,느타리버섯 타래,1,,,
Mfnwc1dc0MY,청양고추,2,piece,2,
Mfnwc1dc0MY,간 마늘,1,tbsp,15,
Mfnwc1dc0MY,고추장,1,tbsp,15,
Mfnwc1dc0MY,홍고추,1,piece,1,
Mfnwc1dc0MY,굵은 고춧가루 약,1,,,
uu8BqXy6lf4,맑은미역국  인분 기준,4,,,
uu8BqXy6lf4,정수물 약 과,8,,,
uu8BqXy6lf4,절단 불린 미역,2,cup,400,
uu8BqXy6lf4,멸치액젓,2,tbsp,30,
uu8BqXy6lf4,간 마늘 약,1,tbsp,15,
uu8BqXy6lf4,국간장,1,tbsp,15,
uu8BqXy6lf4,맛소금 약,1,,,
e--h7ax_6pQ,정수 물 약,2,cup,400,
e--h7ax_6pQ,신김치 약,1,cup,200,
e--h7ax_6pQ,양파 약,1,,,
e--h7ax_6pQ,두부,1,,,
e--h7ax_6pQ,참치캔,1,,,
e--h7ax_6pQ,대파 약,1,,,
e--h7ax_6pQ,국간장,2,tbsp,30,
e--h7ax_6pQ,간 마늘,1,tbsp,15,
e--h7ax_6pQ,굵은 고춧가루,2,tbsp,30,
e--h7ax_6pQ,청양고추,1,piece,1,
e--h7ax_6pQ,황설탕,1,,,
#NAME?,도토리묵 팩,1,,,
#NAME?,정수물 약,2,cup,400,
#NAME?,신김치 약,1,cup,200,
#NAME?,오이 약,1,,,
#NAME?,식초,3,tbsp,45,
#NAME?,청양고추,1,piece,1,
#NAME?,통깨,2,tbsp,30,
#NAME?,대파 약,1,,,
#NAME?,국간장 약,2,,,
#NAME?,소고기다시다 약,1,,,
#NAME?,황설탕 약,1,,,
#NAME?,간 마늘,1,,,
#NAME?,참기름 약,1,,,
#NAME?,굵은 고춧가루,,,,약간
#NAME?,각얼음,6,piece,6,
RmZyxKOUbfs,삶은 메추리알,1,kg,1000,
RmZyxKOUbfs,정수 물,4,cup,800,
RmZyxKOUbfs,진간장,1,cup,200,
RmZyxKOUbfs,꽈리고추,16,piece,16,
RmZyxKOUbfs,통마늘,10,piece,10,
RmZyxKOUbfs,황설탕,1,,,
RmZyxKOUbfs,청양고추,3,piece,3,
RmZyxKOUbfs,다시마 조각,1,,,
fpqJOFMfhmk,면 삶기,,,,
fpqJOFMfhmk,정수물 약와,5,,,
fpqJOFMfhmk,스파게티면,100,g,100,
fpqJOFMfhmk,올리브오일 약,2,tbsp,30,
fpqJOFMfhmk,맛소금,,,,약간
fpqJOFMfhmk,명란크림파스타,,,,
fpqJOFMfhmk,생크림,1,cup,200,
fpqJOFMfhmk,명란젓 약,2,piece,2,
fpqJOFMfhmk,양파 약,1,,,
fpqJOFMfhmk,통마늘,4,piece,4,
fpqJOFMfhmk,식용유,2,tbsp,30,
fpqJOFMfhmk,명란젓,,,,약간
fpqJOFMfhmk,파르메산치즈가루,,,,약간
fpqJOFMfhmk,쪽파,,,,약간
fpqJOFMfhmk,통후추가루,,,,약간
JrTVWvj8uhs,들기름두부구이,,,,
JrTVWvj8uhs,국산콩손두부 모,1,,,
JrTVWvj8uhs,들기름,10,tbsp,150,
JrTVWvj8uhs,양념장,,,,
JrTVWvj8uhs,진간장,4,tbsp,60,
JrTVWvj8uhs,대파 약,1,,,
JrTVWvj8uhs,청양고추,2,piece,2,
JrTVWvj8uhs,간 마늘,1,,,
JrTVWvj8uhs,황설탕,1,,,
JrTVWvj8uhs,깨소금,1,,,
JrTVWvj8uhs,굵은고추가루,1,,,
JrTVWvj8uhs,참기름 약,2,tbsp,30,
YLd78Yqoy9I,정수물 약,10,cup,2000,
YLd78Yqoy9I,냉동꽃게 마리,2,,,
YLd78Yqoy9I,무 약,1,,,
YLd78Yqoy9I,재래식된장 가득,3,tbsp,45,
YLd78Yqoy9I,양파 약,1,,,
YLd78Yqoy9I,애호박 약,1,,,
YLd78Yqoy9I,대파 약대,1,,,
YLd78Yqoy9I,청양고추,3,piece,3,
YLd78Yqoy9I,간마늘,1,tbsp,15,
YLd78Yqoy9I,굵은고추가루 약,1,tbsp,15,
ZuO-VnWMrno,달걀,7,piece,7,
ZuO-VnWMrno,들기름 약,5,tbsp,75,
ZuO-VnWMrno,국간장,1,tbsp,15,
Zkxiydlmplw,정수물,2,l,2000,
Zkxiydlmplw,오징어 마리,1,,,
Zkxiydlmplw,무 약,1,,,
Zkxiydlmplw,대파 약,1,,,
Zkxiydlmplw,국간장 약,1,tbsp,15,
Zkxiydlmplw,꽃소금 약,1,tbsp,15,
Zkxiydlmplw,간마늘,1,,,
Zkxiydlmplw,멸치액젓,1,tbsp,15,
Zkxiydlmplw,들기름,1,tbsp,15,
Zkxiydlmplw,간생강 약,1,,,
#NAME?,양념장,,,,
#NAME?,간마늘,1,tbsp,15,
#NAME?,국간장,2,tbsp,30,
#NAME?,재래식된장 약,2,,,
#NAME?,굵은고추가루 와,2,,,
#NAME?,고추장 약,1,,,
#NAME?,후추가루,,,,약간
#NAME?,부대찌,,piece,,
#NAME?,정수물 병,1,,,
#NAME?,대파 과,1,,,
#NAME?,통조림햄,1,,,
#NAME?,빽소시지,2,piece,2,
#NAME?,양파 약,1,,,
#NAME?,신김치 약,1,,,
#NAME?,베이크드빈스 가득,1,tbsp,15,
#NAME?,체다슬라이스치즈 장,1,,,
#NAME?,추가재료,,,,
#NAME?,라면,1,piece,1,
#NAME?,정수물 약,1,cup,200,
SILoOGBiAyA,양념장,,,,
SILoOGBiAyA,정수물 약,1,,,
SILoOGBiAyA,케첩 과,1,,,
SILoOGBiAyA,물엿,1,tbsp,15,
SILoOGBiAyA,간마늘,1,tbsp,15,
SILoOGBiAyA,황설탕,1,tbsp,15,
SILoOGBiAyA,굵은고추가루 약,1,tbsp,15,
SILoOGBiAyA,진간장,1,tbsp,15,
SILoOGBiAyA,후추가루,,,,약간
SILoOGBiAyA,통조림햄,1,,,
SILoOGBiAyA,빽소시지,2,piece,2,
SILoOGBiAyA,양배추,,,,적당량
SILoOGBiAyA,양파 약,1,,,
SILoOGBiAyA,베이크드빈스,2,tbsp,30,
SILoOGBiAyA,대파 약,1,,,
SILoOGBiAyA,식용유,3,tbsp,45,
SILoOGBiAyA,체다슬라이스치즈 장,1,,,
w9ML-v8OG1Y,기본파무침,,,,
w9ML-v8OG1Y,파채,150,g,150,
w9ML-v8OG1Y,참기름 약,2,tbsp,30,
w9ML-v8OG1Y,맛소금,1,,,
w9ML-v8OG1Y,굵은고추가루 약,1,,,
w9ML-v8OG1Y,고운고추가루,1,,,
w9ML-v8OG1Y,깨소금,,,,약간
w9ML-v8OG1Y,간장파무침,,,,
w9ML-v8OG1Y,식초,4,tbsp,60,
w9ML-v8OG1Y,진간장,2,tbsp,30,
w9ML-v8OG1Y,깨소금 약,1,tbsp,15,
w9ML-v8OG1Y,황설탕,,,,약간
w9ML-v8OG1Y,통깨,,,,약간
w9ML-v8OG1Y,초고추장파무침,,,,
w9ML-v8OG1Y,양배추채,150,g,150,
w9ML-v8OG1Y,고추장 가득,1,tbsp,15,
w9ML-v8OG1Y,식초,3,tbsp,45,
w9ML-v8OG1Y,황설탕 약과,1,,,
w9ML-v8OG1Y,참기름 과,1,,,
w9ML-v8OG1Y,굵은고추가루,1,tbsp,15,
w9ML-v8OG1Y,진간장,1,,,
LojVJnvLb30,버팔로윙 소스,,,,
LojVJnvLb30,사과식초 약,1,,,
LojVJnvLb30,타바스코 약,1,,,
LojVJnvLb30,맛소금 약,1,,,
LojVJnvLb30,고운고추가루 과,1,,,
LojVJnvLb30,버터 조각,1,,,
LojVJnvLb30,버팔로윙,,,,
LojVJnvLb30,닭봉,10,piece,10,
LojVJnvLb30,닭날개,10,piece,10,
LojVJnvLb30,버팔로윙소스 전량,,,,
LojVJnvLb30,식용유,,,,약간
87zznFb0-us,정수물 병,1,,,
87zznFb0-us,사각어묵 장,10,,,
87zznFb0-us,대파 약대,1,,,
87zznFb0-us,양파,1,,,
87zznFb0-us,청양고추,2,piece,2,
87zznFb0-us,황설탕,2,tbsp,30,
87zznFb0-us,고추장,2,tbsp,30,
87zznFb0-us,진간장,2,tbsp,30,
87zznFb0-us,굵은고추가루,1,,,
87zznFb0-us,고운고추가루,1,,,
87zznFb0-us,후추가루,,,,약간
01snsHZK6Ns,달걀,,,,
01snsHZK6Ns,통조림햄,,,,
01snsHZK6Ns,맛소금,,,,
01snsHZK6Ns,식용유,,,,
01snsHZK6Ns,노두유,,,,
01snsHZK6Ns,밥양에 따라 달걀,,,,
01snsHZK6Ns,대파,,,,
01snsHZK6Ns,양파,,,,
py6778lywEg,가래떡,300,g,300,
py6778lywEg,정수물 가득,1,cup,200,
py6778lywEg,고추장 와,2,,,
py6778lywEg,물엿 약,4,tbsp,60,
py6778lywEg,황설탕 약,1,tbsp,15,
py6778lywEg,고운고추가루 약,1,tbsp,15,
78AQ-ten9lE,라면,1,piece,1,
78AQ-ten9lE,달걀,1,piece,1,
78AQ-ten9lE,식용유,3,tbsp,45,
78AQ-ten9lE,정수물,,,,적당량
1F4soB3rlMI,소스,,,,
1F4soB3rlMI,토마토소스 병,1,,,
1F4soB3rlMI,토마토 작은거,3,piece,3,
1F4soB3rlMI,빨간파프리카,1,piece,1,
1F4soB3rlMI,양파,1,,,
1F4soB3rlMI,통조림햄,1,,,
1F4soB3rlMI,식용유,2,tbsp,30,
1F4soB3rlMI,큐민가루,1,tbsp,15,
1F4soB3rlMI,고운고추가루 약과,1,,,
1F4soB3rlMI,간마늘,1,,,
1F4soB3rlMI,진간장 약,1,tbsp,15,
1F4soB3rlMI,꽃소금,1,,,
1F4soB3rlMI,황설탕,1,,,
1F4soB3rlMI,후추가루,,,,약간
1F4soB3rlMI,에그인헬,,,,
1F4soB3rlMI,소스,1,,,
1F4soB3rlMI,모짜렐라치즈 봉지,1,,,
1F4soB3rlMI,슈레드눈꽃치즈,,,,
1F4soB3rlMI,달걀,3,piece,3,
1F4soB3rlMI,파슬리가루,,,,약간
1F4soB3rlMI,식빵,,,,적당량
J4qwXDjduQw,육전,,,,
J4qwXDjduQw,소고기슬라이스 장,3,,,
J4qwXDjduQw,밀가루 약,1,cup,200,
J4qwXDjduQw,식용유,3,tbsp,45,
J4qwXDjduQw,달걀,3,piece,3,
J4qwXDjduQw,맛소금,,,,약간
J4qwXDjduQw,후추가루,,,,약간
J4qwXDjduQw,초간장,,,,
J4qwXDjduQw,식초,2,tbsp,30,
J4qwXDjduQw,진간장,1,tbsp,15,
J4qwXDjduQw,굵은고추가루 약,1,,,
WGqcdDem0Vg,정수물 과,1,,,
WGqcdDem0Vg,소고기 약장,9,,,
WGqcdDem0Vg,식용유,1,tbsp,15,
WGqcdDem0Vg,짜파게티 봉지,1,,,
WGqcdDem0Vg,너구리 봉지,1,,,
jN6rB-bUQXM,배추전,,,,
jN6rB-bUQXM,배추,,,,
jN6rB-bUQXM,부침가루,,,,
jN6rB-bUQXM,정수물,,,,
jN6rB-bUQXM,식용유,,,,
jN6rB-bUQXM,양념장,,,,
jN6rB-bUQXM,청양고추,,,,
jN6rB-bUQXM,대파,,,,
jN6rB-bUQXM,진간장,,,,
jN6rB-bUQXM,식초,,,,
_MhD25Ip3bc,정수물,1.5,l,1500,
_MhD25Ip3bc,떡국떡,4,cup,800,
_MhD25Ip3bc,소고기 약,1,cup,200,
_MhD25Ip3bc,대파 약,1,cup,200,
_MhD25Ip3bc,국간장 약,2,tbsp,30,
_MhD25Ip3bc,멸치액젓,1,tbsp,15,
_MhD25Ip3bc,꽃소금 깎아서,1,tbsp,15,
_MhD25Ip3bc,간마늘,1,,,
_MhD25Ip3bc,참기름,1,tbsp,15,
_MhD25Ip3bc,달걀,1,piece,1,
_MhD25Ip3bc,고명용 김,,,,약간
_MhD25Ip3bc,후추가루,,,,약간
p6r5xcrG6u0,삶은 고구마,2,piece,2,
p6r5xcrG6u0,스틱버터,1,,,
p6r5xcrG6u0,물엿 약과,1,,,
p6r5xcrG6u0,시나몬파우더,,,,약간
7VNH9Fvvus0,정수물 약과,5,,,
7VNH9Fvvus0,감자,2,piece,2,
7VNH9Fvvus0,데친 감자채 전량,,,,
7VNH9Fvvus0,통조림햄 캔,1,,,
7VNH9Fvvus0,양파 약,1,,,
7VNH9Fvvus0,식용유,3,tbsp,45,
7VNH9Fvvus0,당근,,,,약간
7VNH9Fvvus0,대파,,,,약간
7VNH9Fvvus0,꽃소금,1,,,
7VNH9Fvvus0,후추가루,,,,약간
ceSuK8MVEb4,진간장 약,1,,,
ceSuK8MVEb4,달래 약,2,cup,400,
ceSuK8MVEb4,참기름,3,tbsp,45,
ceSuK8MVEb4,청양고추,2,piece,2,
ceSuK8MVEb4,간 마늘,1,tbsp,15,
ceSuK8MVEb4,굵은고추가루,2,tbsp,30,
ceSuK8MVEb4,황설탕,1,tbsp,15,
ceSuK8MVEb4,통깨 약,3,tbsp,45,
ysCrvaErHKE,정수물,4,cup,800,
ysCrvaErHKE,깐 메추리알 봉,1,,,
ysCrvaErHKE,소고기 약,2,cup,400,
ysCrvaErHKE,진간장 약,2,,,
ysCrvaErHKE,대파 약,2,,,
ysCrvaErHKE,황설탕 약,1,,,
ysCrvaErHKE,맛술 약,1,,,
ysCrvaErHKE,통마늘 약,1,,,
ysCrvaErHKE,청양고추,2,piece,2,
hX3httwbzAQ,라면 봉지,1,,,
hX3httwbzAQ,생수 병,500,ml,500,
hX3httwbzAQ,통조림 햄 약,1,,,
hX3httwbzAQ,양배추,,,,약간
hX3httwbzAQ,대파 약,1,,,
hX3httwbzAQ,양파 약,1,,,
hX3httwbzAQ,식용유 약,3,tbsp,45,
hX3httwbzAQ,청양고추,1,piece,1,
hX3httwbzAQ,굵은고추가루 약,1,,,
#NAME?,봉어묵,4,piece,4,
#NAME?,식용유,5,tbsp,75,
#NAME?,마요네즈 가득,1,tbsp,15,
#NAME?,설탕 약,1,tbsp,15,
#NAME?,식초 약,1,tbsp,15,
#NAME?,고운고추가루 약,1,,,
#NAME?,연유,,,,적당량
WT9tCViPddU,찜 용,1.3,l,1300,
WT9tCViPddU,돼지갈비,1,kg,1000,
WT9tCViPddU,양파 약,1,piece,1,
WT9tCViPddU,대파 약대,1,,,
WT9tCViPddU,당근 약,1,,,
WT9tCViPddU,청양고추,3,piece,3,
WT9tCViPddU,진간장 약,1,,,
WT9tCViPddU,황설탕 약,1,,,
WT9tCViPddU,맛술 약,1,,,
WT9tCViPddU,간마늘 약,2,tbsp,30,
WT9tCViPddU,참기름,2,tbsp,30,
WT9tCViPddU,간생강,1,,,
WT9tCViPddU,카라멜,,,,약간
WT9tCViPddU,후추가루,,,,약간
wTtHP5qFOio,정수물,500,ml,500,
wTtHP5qFOio,라면사리 봉,1,,,
wTtHP5qFOio,구운 파래김 장,2,,,
wTtHP5qFOio,탈피들깨가루 약,1,,,
wTtHP5qFOio,쪽파,,,,약간
wTtHP5qFOio,양념장 재료,,,,
wTtHP5qFOio,국간장,1,tbsp,15,
wTtHP5qFOio,황설탕 약,1,,,
wTtHP5qFOio,들기름 약 와,2,,,
nQaR6cwSmQk,양념재료,,,,
nQaR6cwSmQk,정수물,3,tbsp,45,
nQaR6cwSmQk,재래식된장 약과,1,,,
nQaR6cwSmQk,진간장,,tbsp,,
nQaR6cwSmQk,맛술,1,tbsp,15,
nQaR6cwSmQk,황설탕 약,1,tbsp,15,
nQaR6cwSmQk,대파,1,,,
nQaR6cwSmQk,청양고추,1,piece,1,
nQaR6cwSmQk,덮밥재료,,,,
nQaR6cwSmQk,밥 공기,1,,,
nQaR6cwSmQk,가지,1,piece,1,
nQaR6cwSmQk,식용유 약,3,tbsp,45,
nQaR6cwSmQk,통깨,,,,약간
nQaR6cwSmQk,후추가루,,,,약간
nQaR6cwSmQk,양념장 전량,,,,
EhTxL1sWnMI,진라면 순한맛,1,piece,1,
EhTxL1sWnMI,정수물,1,cup,200,
EhTxL1sWnMI,조미닭가슴살,1,,,
EhTxL1sWnMI,양조식초,3,tbsp,45,
EhTxL1sWnMI,황설탕 과,1,,,
EhTxL1sWnMI,오이,,,,약간
EhTxL1sWnMI,연겨자,1,tbsp,15,
EhTxL1sWnMI,청양고추 약,1,,,
EhTxL1sWnMI,얼음,,,,적당량
EhTxL1sWnMI,통깨,,,,약간
qSqX_D_HfYY,밥 공기,1,,,
qSqX_D_HfYY,통조림장조림 캔,1,,,
qSqX_D_HfYY,스틱버터 약,1,,,
qSqX_D_HfYY,대파,1,,,
qSqX_D_HfYY,달걀,2,piece,2,
qSqX_D_HfYY,식용유,,,,적당량
qSqX_D_HfYY,통깨,,,,약간
qioLJwafP8I,찬 밥 공기,1,,,
qioLJwafP8I,참치캔 캔,1,,,
qioLJwafP8I,대파 약,1,,,
qioLJwafP8I,양파,1,,,
qioLJwafP8I,당근,,,,약간
qioLJwafP8I,부침가루,2,tbsp,30,
qioLJwafP8I,청양고추,1,piece,1,
qioLJwafP8I,꽃소금,1,,,
qioLJwafP8I,달걀,2,piece,2,
qioLJwafP8I,후추가루,,,,약간
qioLJwafP8I,식용유,,,,적당히
Jq2SwKMw8vI,밥 공기,1,,,
Jq2SwKMw8vI,애호박,,,,약간
Jq2SwKMw8vI,콩나물 약,1,,,
Jq2SwKMw8vI,당근,,,,약간
Jq2SwKMw8vI,표고 버섯,1,piece,1,
Jq2SwKMw8vI,고추장,1,tbsp,15,
Jq2SwKMw8vI,국간장,1,tbsp,15,
Jq2SwKMw8vI,참기름,1,tbsp,15,
Jq2SwKMw8vI,통깨,,,,약간
Jq2SwKMw8vI,김가루,,,,약간
Jq2SwKMw8vI,계란,1,piece,1,
Jq2SwKMw8vI,식용유,,,,적당량
hg31ssLQWUk,전복 솥밥 재료,,,,
hg31ssLQWUk,밥 공기,2,,,
hg31ssLQWUk,전복 마리,2,,,
hg31ssLQWUk,대파 흰부분 약 대,1,,,
hg31ssLQWUk,참기름,2,tbsp,30,
hg31ssLQWUk,식용유,2,tbsp,30,
hg31ssLQWUk,양념장 재료,,,,
hg31ssLQWUk,양파,1,,,
hg31ssLQWUk,대파,1,,,
hg31ssLQWUk,청양고추,2,piece,2,
hg31ssLQWUk,진간장,5,tbsp,75,
hg31ssLQWUk,간마늘 약,1,,,
hg31ssLQWUk,황설탕,1,,,
hg31ssLQWUk,통깨 약,1,tbsp,15,
JZlMEBj7P2M,도우 재료,,,,
JZlMEBj7P2M,강력분,160,g,160,
JZlMEBj7P2M,소금,5,g,5,
JZlMEBj7P2M,설탕,5,g,5,
JZlMEBj7P2M,드라이 이스트,2,g,2,
JZlMEBj7P2M,엑스트라버진 올리브유,15,ml,15,
JZlMEBj7P2M,속 재료,,,,
JZlMEBj7P2M,레몬,1,piece,1,
JZlMEBj7P2M,부침용 두부 팩,1,,,
JZlMEBj7P2M,빽햄 캔,1,,,
JZlMEBj7P2M,페코리노 치즈,,,,
JZlMEBj7P2M,파르미자노 치즈,,,,
JZlMEBj7P2M,프로볼로네 치즈,,,,취향껏
JZlMEBj7P2M,비율 추천,1,,,
JZlMEBj7P2M,마리나라 소스 재료,,,,
JZlMEBj7P2M,마늘 쪽,2,,,
JZlMEBj7P2M,엑스트라버진 올리브유,50,ml,50,
JZlMEBj7P2M,토마토퓌레,400,ml,400,
JZlMEBj7P2M,소금,,,,
JZlMEBj7P2M,설탕,,,,
JZlMEBj7P2M,후추,,,,
JZlMEBj7P2M,기타 재료,,,,
JZlMEBj7P2M,튀김용 기름,,,,
JZlMEBj7P2M,바질,,,,취향껏
cUQzxhmYdGs,채 썬 양배추 약,3,cup,600,
cUQzxhmYdGs,대파,1,,,
cUQzxhmYdGs,당근,,,,약간
cUQzxhmYdGs,튀김가루 약,1,,,
cUQzxhmYdGs,달걀,2,piece,2,
cUQzxhmYdGs,소금,,,,약간
cUQzxhmYdGs,후추가루,,,,약간
cUQzxhmYdGs,식용유,,,,적당량
KbWtIU129hw,보쌈 무김치,,,,
KbWtIU129hw,정수물,1,,,
KbWtIU129hw,황설탕 약와,4,,,
KbWtIU129hw,고운고추가루,1,,,
KbWtIU129hw,간마늘 과,1,,,
KbWtIU129hw,꽃소금 약,2,tbsp,30,
KbWtIU129hw,배추 절이기,,,,
KbWtIU129hw,정수물,2,cup,400,
KbWtIU129hw,알배추,1,,,
KbWtIU129hw,꽃소금,2,tbsp,30,
RuEyl_cMMns,빽라면 만 사용,1,piece,1,
RuEyl_cMMns,물 약,3,cup,600,
RuEyl_cMMns,진간장 약,1,,,
RuEyl_cMMns,양조식초,1,,,
RuEyl_cMMns,황설탕,1,,,
RuEyl_cMMns,참기름,1,tbsp,15,
RuEyl_cMMns,쪽파 약 대,2,,,
RuEyl_cMMns,조미김 장,6,,,
RuEyl_cMMns,식용유,,,,약간
RuEyl_cMMns,달걀,1,piece,1,
SqsX495Zie4,돼지고기 목살  덩이,4,,,
SqsX495Zie4,대파 흰 부분,1,,,
SqsX495Zie4,정수물,4,tbsp,60,
SqsX495Zie4,진간장,4,tbsp,60,
SqsX495Zie4,맛술,4,tbsp,60,
SqsX495Zie4,황설탕 약,2,tbsp,30,
SqsX495Zie4,참기름 약 와,2,,,
SqsX495Zie4,간 마늘,1,,,
SqsX495Zie4,간 생강,,,,약간
SqsX495Zie4,후춧가루,,,,약간
SqsX495Zie4,튀김가루,1,cup,200,
SqsX495Zie4,식용유,,,,적당히
SqsX495Zie4,튀김 반죽,,,,
SqsX495Zie4,튀김가루 약,2,,,
SqsX495Zie4,정수물 약,1,,,
SqsX495Zie4,찍어먹는 양념,,,,
SqsX495Zie4,마법가루 디핑 소스,,,,
SqsX495Zie4,고운 고춧가루 약,2,tbsp,30,
SqsX495Zie4,큐민가루,1,tbsp,15,
SqsX495Zie4,맛소금,1,tbsp,15,
SqsX495Zie4,통깨 약,2,tbsp,30,
SqsX495Zie4,단무지 타르타르 소스,,,,
SqsX495Zie4,양파 약,1,tbsp,15,
SqsX495Zie4,삶은 달걀,2,,,
SqsX495Zie4,마요네즈 약,1,,,
SqsX495Zie4,단무지,1,,,
SqsX495Zie4,황설탕 약,1,tbsp,15,
SqsX495Zie4,식초,2,tbsp,30,
SqsX495Zie4,레몬즙,1,tbsp,15,
SqsX495Zie4,소금,,,,약간
SqsX495Zie4,양념치킨소스,,,,
5-a5CPASYBc,달걀,3,piece,3,
5-a5CPASYBc,당면,40,g,40,
5-a5CPASYBc,대파 약,1,,,
5-a5CPASYBc,당근 약,1,,,
5-a5CPASYBc,청양고추,1,piece,1,
5-a5CPASYBc,진간장,1,,,
5-a5CPASYBc,황설탕,1,,,
5-a5CPASYBc,꽃소금,1,,,
5-a5CPASYBc,참기름 약,1,,,
5-a5CPASYBc,후춧가루,,,,약간
5-a5CPASYBc,식용유,,,,적당히
5-a5CPASYBc,달걀 반죽에 꽃소금,7,,,
5-a5CPASYBc,참기름,,,,
5-a5CPASYBc,소시지,,,,
5-a5CPASYBc,베이컨,,,,
