recipe_id,title,step_no,content
#NAME?,소떡소떡보다 맛있는 떡어묵꼬치! 어린이날 애들 간식으로 근사하죠?,1,떡은 흐르는 물에 세척한 후 물기를 제거하여 준비한다.
#NAME?,소떡소떡보다 맛있는 떡어묵꼬치! 어린이날 애들 간식으로 근사하죠?,2,*쌀 떡을 기름에 구울 경우 떡이 터질 수 있어 밀가루 떡을 사용해야한다.
#NAME?,소떡소떡보다 맛있는 떡어묵꼬치! 어린이날 애들 간식으로 근사하죠?,3,봉어묵은 길게 4등분으로 잘라 준비한다.
#NAME?,소떡소떡보다 맛있는 떡어묵꼬치! 어린이날 애들 간식으로 근사하죠?,4,"마요네즈, 설탕, 식초, 고운고추가루를 섞어 소스를 만든다."
#NAME?,소떡소떡보다 맛있는 떡어묵꼬치! 어린이날 애들 간식으로 근사하죠?,5,*어린이가 먹을 경우 고운고추가루는 생략하거나 파프리카가루로 대체 가능하다.
#NAME?,소떡소떡보다 맛있는 떡어묵꼬치! 어린이날 애들 간식으로 근사하죠?,6,프라이팬에 식용유를 두른 후 물기를 제거한 떡을 넣고 중 불로 줄여 골고루 튀기듯이 굽는다.
#NAME?,소떡소떡보다 맛있는 떡어묵꼬치! 어린이날 애들 간식으로 근사하죠?,7,*팬이 너무 달궈진 후 떡을 넣으면 튈 수 있으니 주의한다.
#NAME?,소떡소떡보다 맛있는 떡어묵꼬치! 어린이날 애들 간식으로 근사하죠?,8,떡이 반 정도 노릇하게 익으면 어묵을 넣고 전체적으로 노릇하게 굽는다.
#NAME?,소떡소떡보다 맛있는 떡어묵꼬치! 어린이날 애들 간식으로 근사하죠?,9,골고루 구워진 떡과 어묵은 체에 밭쳐 기름기를 제거한다.
#NAME?,소떡소떡보다 맛있는 떡어묵꼬치! 어린이날 애들 간식으로 근사하죠?,10,접시에 구운 떡과 어묵을 담고 소스를 뿌린 후 연유를 뿌려 완성한다.
#NAME?,소떡소떡보다 맛있는 떡어묵꼬치! 어린이날 애들 간식으로 근사하죠?,11,*유산지가 있다면 접시에 깔아줘도 좋다.
#NAME?,소떡소떡보다 맛있는 떡어묵꼬치! 어린이날 애들 간식으로 근사하죠?,12,*연유의 양은 기호에 맞게 조절한다.
#NAME?,'말복'에는 얼큰한 '닭볶음탕'으로 원기회복하세요! ㅣ 백종원의 백종원 레시피,1,표고버섯은 1/4 크기로 자르고 새송이버섯은 2cm 두께로 잘라 준비한다.
#NAME?,'말복'에는 얼큰한 '닭볶음탕'으로 원기회복하세요! ㅣ 백종원의 백종원 레시피,2,당근은 반으로 갈라 1.5cm 두께로 썰어 준비한다.
#NAME?,'말복'에는 얼큰한 '닭볶음탕'으로 원기회복하세요! ㅣ 백종원의 백종원 레시피,3,양파는 1/6 정도로 자른다.
#NAME?,'말복'에는 얼큰한 '닭볶음탕'으로 원기회복하세요! ㅣ 백종원의 백종원 레시피,4,감자는 껍질을 제거하고 반으로 갈라 1/6 정도로 자른다.
#NAME?,'말복'에는 얼큰한 '닭볶음탕'으로 원기회복하세요! ㅣ 백종원의 백종원 레시피,5,"청양고추, 홍고추 2~3cm 통으로 잘라준다."
#NAME?,'말복'에는 얼큰한 '닭볶음탕'으로 원기회복하세요! ㅣ 백종원의 백종원 레시피,6,대파도 2~3cm 통으로 잘라준다.
#NAME?,'말복'에는 얼큰한 '닭볶음탕'으로 원기회복하세요! ㅣ 백종원의 백종원 레시피,7,"흐르는 물에 닭 뼈, 내장을 깨끗하게 세척한다."
#NAME?,'말복'에는 얼큰한 '닭볶음탕'으로 원기회복하세요! ㅣ 백종원의 백종원 레시피,8,"냄비에 물 600mL(닭이 잠길 정도) 토막 닭 1마리, 황설탕 1/2컵을 넣고 끓인다."
#NAME?,'말복'에는 얼큰한 '닭볶음탕'으로 원기회복하세요! ㅣ 백종원의 백종원 레시피,9,"끓으면 감자, 당근, 양파를 넣고 익힌다."
#NAME?,'말복'에는 얼큰한 '닭볶음탕'으로 원기회복하세요! ㅣ 백종원의 백종원 레시피,10,채소가 반 정도 익으면 간 마늘 1/3컵을 넣는다.
#NAME?,'말복'에는 얼큰한 '닭볶음탕'으로 원기회복하세요! ㅣ 백종원의 백종원 레시피,11,"간장 1컵을 넣고 끓으면 새송이버섯, 표고버섯을 넣는다."
#NAME?,'말복'에는 얼큰한 '닭볶음탕'으로 원기회복하세요! ㅣ 백종원의 백종원 레시피,12,"고춧가루 1/2컵, 고운 고춧가루 1/3컵을 넣어 30~40분 정도 끓인다."
#NAME?,'말복'에는 얼큰한 '닭볶음탕'으로 원기회복하세요! ㅣ 백종원의 백종원 레시피,13,"농도를 맞춘 후 대파, 청양고추, 홍고추, 후춧가루를 넣어 마무리한다."
#NAME?,'말복'에는 얼큰한 '닭볶음탕'으로 원기회복하세요! ㅣ 백종원의 백종원 레시피,14,* 토막 닭은 흐르는 물에 충분히 씻어준다.
#NAME?,'말복'에는 얼큰한 '닭볶음탕'으로 원기회복하세요! ㅣ 백종원의 백종원 레시피,15,(내장 쪽에서 특히 잡내가 날 수 있으니 주의하여 세척한다.)
#NAME?,'말복'에는 얼큰한 '닭볶음탕'으로 원기회복하세요! ㅣ 백종원의 백종원 레시피,16,* 기호에 따라 끓이는 시간을 조절한다.
#NAME?,'말복'에는 얼큰한 '닭볶음탕'으로 원기회복하세요! ㅣ 백종원의 백종원 레시피,17,(원하는 국물의 농도가 나올 때까지 졸여준다.)
#NAME?,'말복'에는 얼큰한 '닭볶음탕'으로 원기회복하세요! ㅣ 백종원의 백종원 레시피,18,* 냄비의 크기와 화구의 세기에 따라 물양은 가감한다.
#NAME?,단돈 2천원으로 방구석 피서! 다람이 거🐹 도토리🌰 뺏어 만든 쿨내 폴폴❄ 묵사발,1,묵을 흐르는 물에 세척하여 두께 1.5cm로 포 뜬 후 0.7cm 두께로 채 썰어 그릇에 가지런히 담는다.
#NAME?,단돈 2천원으로 방구석 피서! 다람이 거🐹 도토리🌰 뺏어 만든 쿨내 폴폴❄ 묵사발,2,신김치는 가위를 이용하여 잘게 자르고 오이는 두께 0.3cm로 가늘게 채 썬다.
#NAME?,단돈 2천원으로 방구석 피서! 다람이 거🐹 도토리🌰 뺏어 만든 쿨내 폴폴❄ 묵사발,3,"대파는 두께 0.2cm로 송송 썰고, 청양고추는 반 갈라 두께 0.3cm로 송송 썬다."
#NAME?,단돈 2천원으로 방구석 피서! 다람이 거🐹 도토리🌰 뺏어 만든 쿨내 폴폴❄ 묵사발,4,통깨는 절구에 넣고 빻아 준비한다.
#NAME?,단돈 2천원으로 방구석 피서! 다람이 거🐹 도토리🌰 뺏어 만든 쿨내 폴폴❄ 묵사발,5,* 절구가 없다면 비닐봉지에 깨를 넣고 병이나 밀대로 밀어 사용한다.
#NAME?,단돈 2천원으로 방구석 피서! 다람이 거🐹 도토리🌰 뺏어 만든 쿨내 폴폴❄ 묵사발,6,"도토리묵 위에 신김치, 오이, 대파, 청양고추, 간 마늘, 간깨, 참기름을 올려 준비한다."
#NAME?,단돈 2천원으로 방구석 피서! 다람이 거🐹 도토리🌰 뺏어 만든 쿨내 폴폴❄ 묵사발,7,"전자레인지용 그릇에 정수 물 1/2컵, 소고기다시다를 넣고 전자레인지에 약 30초 돌려 섞는다."
#NAME?,단돈 2천원으로 방구석 피서! 다람이 거🐹 도토리🌰 뺏어 만든 쿨내 폴폴❄ 묵사발,8,* 멸치육수를 원한다면 멸치 다시다를 사용한다.
#NAME?,단돈 2천원으로 방구석 피서! 다람이 거🐹 도토리🌰 뺏어 만든 쿨내 폴폴❄ 묵사발,9,* 시판 냉면 육수를 사용해도 좋다.
#NAME?,단돈 2천원으로 방구석 피서! 다람이 거🐹 도토리🌰 뺏어 만든 쿨내 폴폴❄ 묵사발,10,"전자레인지에 돌려둔 육수에 정수 물 1과1/2컵, 국간장, 황설탕, 식초를 넣고 섞어 묵사발 육수를 만든다."
#NAME?,단돈 2천원으로 방구석 피서! 다람이 거🐹 도토리🌰 뺏어 만든 쿨내 폴폴❄ 묵사발,11,재료를 담아 둔 그릇에 얼음을 넣은 후 묵사발 육수를 붓고 굵은고추가루를 뿌려 완성한다.
#NAME?,단돈 2천원으로 방구석 피서! 다람이 거🐹 도토리🌰 뺏어 만든 쿨내 폴폴❄ 묵사발,12,* 기호에 따라 김가루를 넣어 먹어도 좋다.
#NAME?,더 이상의 부대찌개는 없습니다! 이걸로 끝내겠습니다,1,빽소시지는 두께 0.4cm로 길게 어슷썰기 한다.
#NAME?,더 이상의 부대찌개는 없습니다! 이걸로 끝내겠습니다,2,"통조림 햄은 폭2.5cm, 두께 0.5cm 정도 손가락 크기로 편 썰어 준비한다."
#NAME?,더 이상의 부대찌개는 없습니다! 이걸로 끝내겠습니다,3,"* 햄, 소시지는 두께가 얇아야 고기맛과 지방 맛이 많이 우러나와 맛이 좋다."
#NAME?,더 이상의 부대찌개는 없습니다! 이걸로 끝내겠습니다,4,"양파는 두께 0.3cm로 채 썰고, 대파는 길게 반 갈라 길이 4cm로 썰어 준비한다."
#NAME?,더 이상의 부대찌개는 없습니다! 이걸로 끝내겠습니다,5,"전골 냄비에 대파를 깔아준 후 양파, 빽소시지, 통조림 햄, 베이크드빈스, 신김치, 양념장재료, 체다슬라이스치즈, 정수물을 넣고 강 불에 올린다."
#NAME?,더 이상의 부대찌개는 없습니다! 이걸로 끝내겠습니다,6,* 베이크드빈스가 없다면 케첩1/2큰술을 사용한다.
#NAME?,더 이상의 부대찌개는 없습니다! 이걸로 끝내겠습니다,7,* 진간장을 사용 할 경우 간장의 양을 줄이고 소금으로 간한다.
#NAME?,더 이상의 부대찌개는 없습니다! 이걸로 끝내겠습니다,8,* 김치가 없다면 생략 가능하다.
#NAME?,더 이상의 부대찌개는 없습니다! 이걸로 끝내겠습니다,9,국물이 끓기 시작하면 양념과 채소를 잘 풀어주며 중 불에서 2분정도 더 끓인 후 먹는다.
#NAME?,더 이상의 부대찌개는 없습니다! 이걸로 끝내겠습니다,10,* 라면을 넣을 경우 정수물 1컵을 추가한 후 면을 넣고 익혀 먹는다.
#NAME?,더 이상의 부대찌개는 없습니다! 이걸로 끝내겠습니다,11,* 불 세기에 따라 물 양 확인 후 총 2컵까지 추가 가능하다.
#NAME?,투움바파스타 맛 ○○라면,1,냄비에 물을 넣고 강 불에 끓인다.
#NAME?,투움바파스타 맛 ○○라면,2,"대파, 청양고추는 두께 0.3cm 정도로 송송 썬다."
#NAME?,투움바파스타 맛 ○○라면,3,"끓는 물에 건더기 스프, 라면 면을 넣어 삶는다."
#NAME?,투움바파스타 맛 ○○라면,4,면을 집게로 끊어지지 않게 풀어가면서 익힌다.
#NAME?,투움바파스타 맛 ○○라면,5,면이 완전히 풀어지면 바로 불을 끄고 체에 밭쳐 물기를 뺀다.
#NAME?,투움바파스타 맛 ○○라면,6,"물기를 뺀 면을 다시 냄비에 넣고 우유, 분말 스프를 넣고 섞은 후 중 불에 끓인다."
#NAME?,투움바파스타 맛 ○○라면,7,"끓어오르면 굵은 고춧가루를 넣고 고명용 대파를 남기고 대파, 청양고추를 넣어 원하는 익힘 정도로 끓인다."
#NAME?,투움바파스타 맛 ○○라면,8,면이 익으면 그릇에 담고 고명용 대파를 올려 완성한다.
#NAME?,[ENG] 아삭아삭 고구마로 비빔밥을! 이거 말이 돼요.,1,고구마는 가늘게 채 썰어 찬물에 담가 전분기를 제거한다.
#NAME?,[ENG] 아삭아삭 고구마로 비빔밥을! 이거 말이 돼요.,2,대파는 잘게 썰어 준비한다.
#NAME?,[ENG] 아삭아삭 고구마로 비빔밥을! 이거 말이 돼요.,3,"고구마의 물기를 제거하고 대파, 간 마늘을 넣어 섞어준다."
#NAME?,[ENG] 아삭아삭 고구마로 비빔밥을! 이거 말이 돼요.,4,"설탕, 고춧가루를 넣고 버무려 색을 맞춘다."
#NAME?,[ENG] 아삭아삭 고구마로 비빔밥을! 이거 말이 돼요.,5,"멸치액젓, 간 마늘, 꽃소금을 넣어 간을 맞춰준다."
#NAME?,[ENG] 아삭아삭 고구마로 비빔밥을! 이거 말이 돼요.,6,"식초, 참기름을 넣어 섞어준 후 깨소금을 뿌려준다."
#NAME?,[ENG] 아삭아삭 고구마로 비빔밥을! 이거 말이 돼요.,7,완성 그릇에 밥을 담고 고구마 생채를 올린다.
#NAME?,[ENG] 아삭아삭 고구마로 비빔밥을! 이거 말이 돼요.,8,고추장에 물을 섞어 물고추장을 만들어 비빔밥에 곁들인다.
#NAME?,부드러움 끝판왕 프렌치토스트,1,*기본 버전 기본형
#NAME?,부드러움 끝판왕 프렌치토스트,2,볼에 달걀을 깨트려 넣는다.
#NAME?,부드러움 끝판왕 프렌치토스트,3,꽃소금을 넣고 젓가락을 사용해 달걀을 풀어 준비한다.
#NAME?,부드러움 끝판왕 프렌치토스트,4,프라이팬에 식용유를 넣고 중불에 달군다.
#NAME?,부드러움 끝판왕 프렌치토스트,5,식빵을 젓가락을 사용해 골고루 뒤집어 주면서 계란물을 묻힌다.
#NAME?,부드러움 끝판왕 프렌치토스트,6,달걀물 입힌 식빵을 프라이팬에 올려 노릇하게 굽는다.
#NAME?,부드러움 끝판왕 프렌치토스트,7,양 쪽면의 색이 골고루 날 수 있도록 뒤집개와 주걱을 사용하여 뒤집어주면서 익힌다.
#NAME?,부드러움 끝판왕 프렌치토스트,8,"접시에 완성된 기본형 토스트를 담고 버터, 사과잼을 올린 후 계핏가루, 연유를 뿌려 완성한다."
#NAME?,부드러움 끝판왕 프렌치토스트,9,샌드위치형
#NAME?,부드러움 끝판왕 프렌치토스트,10,식빵의 한 면에 사과잼을 넉넉하게 골고루 펴 바른다.
#NAME?,부드러움 끝판왕 프렌치토스트,11,골고루 펴 바른 사과잼 위에 식빵을 덮어 준비한다.
#NAME?,부드러움 끝판왕 프렌치토스트,12,잼을 발라둔 식빵을 달걀 물에 넣고 뒤집으면서 달걀물을 골고루 묻힌다.
#NAME?,부드러움 끝판왕 프렌치토스트,13,프라이팬에 토스트를 올리고 그 위에 남은 달걀 물을 붓는다.
#NAME?,부드러움 끝판왕 프렌치토스트,14,식빵이 타지 않도록 약불로 줄인 후 뒤집어준다.
#NAME?,부드러움 끝판왕 프렌치토스트,15,토스트의 숨이 죽도록 뒤집개로 눌러주면서 굽는다.
#NAME?,부드러움 끝판왕 프렌치토스트,16,Tip: 샌드위치형 식빵을 익힐 때에는 한 장짜리보다 두께가 두껍기 때문에 안쪽까지 골고루 익도록 불을 약불로 줄여서 굽는다.
#NAME?,부드러움 끝판왕 프렌치토스트,17,식빵의 안쪽이 익으면서 숨이 죽으면 불을 살짝 올리고 앞뒤로 골고루 색이 나도록 굽는다.
#NAME?,부드러움 끝판왕 프렌치토스트,18,접시에 완성된 샌드위치형 토스트를 담고 버터를 올려서 완성한다.
#NAME?,부드러움 끝판왕 프렌치토스트,19,*우유 버전
#NAME?,부드러움 끝판왕 프렌치토스트,20,"볼에 우유, 설탕, 달걀, 꽃소금을 넣고 숟가락을 사용해 골고루 섞는다."
#NAME?,부드러움 끝판왕 프렌치토스트,21,"식빵을 넣고 달걀물이 충분히 적셔지도록 숟가락, 젓가락을 사용해 뒤적인다."
#NAME?,부드러움 끝판왕 프렌치토스트,22,프라이팬을 중불에 달구고 식용유를 넣는다.
#NAME?,부드러움 끝판왕 프렌치토스트,23,달궈진 팬에 식빵을 올리고 약불로 줄인 후 앞 뒷면의 색이 골고루 나도록 뒤집으면서 익힌다.
#NAME?,부드러움 끝판왕 프렌치토스트,24,"접시에 구워진 프렌치 토스트를 올리고 버터, 사과잼을 올려 완성한다."
01snsHZK6Ns,홍콩의 맛 그대로 챙겨왔습니다! 초간단 햄 계란밥!,1,통조림햄은 두께 0.5cm로 편썰어 준비한다.
01snsHZK6Ns,홍콩의 맛 그대로 챙겨왔습니다! 초간단 햄 계란밥!,2,* 햄 두께와 양은 기호에 맞게 조절한다.
01snsHZK6Ns,홍콩의 맛 그대로 챙겨왔습니다! 초간단 햄 계란밥!,3,달걀은 깊은 그릇에 깨트려 담아 준비한다.
01snsHZK6Ns,홍콩의 맛 그대로 챙겨왔습니다! 초간단 햄 계란밥!,4,프라이팬에 식용유를 두르고 강불에 올려 예열한다
01snsHZK6Ns,홍콩의 맛 그대로 챙겨왔습니다! 초간단 햄 계란밥!,5,햄을 넣고 양면을 튀기듯이 굽는다.
01snsHZK6Ns,홍콩의 맛 그대로 챙겨왔습니다! 초간단 햄 계란밥!,6,넓적한 그릇에 밥을 담은 후 구워진 햄을 올린다.
01snsHZK6Ns,홍콩의 맛 그대로 챙겨왔습니다! 초간단 햄 계란밥!,7,프라이팬에 다시 기름을 둘러 예열한 후 준비해 둔 달걀을 넣고 반숙으로 튀기듯이 익힌다.
01snsHZK6Ns,홍콩의 맛 그대로 챙겨왔습니다! 초간단 햄 계란밥!,8,익은 달걀을 햄 위에 올린 후 노두유를 뿌려 완성한다.
01snsHZK6Ns,홍콩의 맛 그대로 챙겨왔습니다! 초간단 햄 계란밥!,9,* 간이 싱거울 경우 맛소금을 뿌려 먹는다.
01snsHZK6Ns,홍콩의 맛 그대로 챙겨왔습니다! 초간단 햄 계란밥!,10,[응용 버전]
01snsHZK6Ns,홍콩의 맛 그대로 챙겨왔습니다! 초간단 햄 계란밥!,11,통조림 햄은 사방 1cm로 깍뚝썰기한다.
01snsHZK6Ns,홍콩의 맛 그대로 챙겨왔습니다! 초간단 햄 계란밥!,12,"대파는 두께 0.3cm로 송송 썰고, 양파는 굵게 다져 준비한다."
01snsHZK6Ns,홍콩의 맛 그대로 챙겨왔습니다! 초간단 햄 계란밥!,13,달걀을 깊은 그릇에 깨트려 넣은 후 맛소금을 넣고 가볍게 섞어 준비한다.
01snsHZK6Ns,홍콩의 맛 그대로 챙겨왔습니다! 초간단 햄 계란밥!,14,프라이팬에 식용유를 두르고 강 불에 올려 예열한다.
01snsHZK6Ns,홍콩의 맛 그대로 챙겨왔습니다! 초간단 햄 계란밥!,16,전체적으로 겉면이 노릇노릇해지면 준비해 둔 달걀을 넣고 가볍게 저어주며 익힌다.
01snsHZK6Ns,홍콩의 맛 그대로 챙겨왔습니다! 초간단 햄 계란밥!,17,달걀이 전체적으로 익으면 그릇에 밥을 담은 후 그 위에 올린다.
01snsHZK6Ns,홍콩의 맛 그대로 챙겨왔습니다! 초간단 햄 계란밥!,18,노두유를 뿌려 완성한다.
037o6vxm0es,경양식 돈가스를 만드는 두 가지 방법 (+버터 없이 돈가스소스 만들기!),1,*돈가스 (일반 버전)
037o6vxm0es,경양식 돈가스를 만드는 두 가지 방법 (+버터 없이 돈가스소스 만들기!),2,"등심에 꽃소금, 후춧가루를 앞뒤로 살짝 뿌려 밑간을 해준다."
037o6vxm0es,경양식 돈가스를 만드는 두 가지 방법 (+버터 없이 돈가스소스 만들기!),3,"등심을 비닐팩에 넣고 밀대로 두드려주며 넓게 펼쳐준 후, 칼집을 넣어 힘줄을 끊어준다."
037o6vxm0es,경양식 돈가스를 만드는 두 가지 방법 (+버터 없이 돈가스소스 만들기!),4,*가장자리 힘줄을 끊어주면 뒤틀림과 수축을 방지할 수 있다.
037o6vxm0es,경양식 돈가스를 만드는 두 가지 방법 (+버터 없이 돈가스소스 만들기!),5,밀가루 달걀물
037o6vxm0es,경양식 돈가스를 만드는 두 가지 방법 (+버터 없이 돈가스소스 만들기!),6,빵가루를 각각 다른 그릇에 담아 준비한다.
037o6vxm0es,경양식 돈가스를 만드는 두 가지 방법 (+버터 없이 돈가스소스 만들기!),7,*빵가루가 너무 말라있을 경우 스프레이를 이용하여 물을 뿌려 촉촉하게 만들어 준다.
037o6vxm0es,경양식 돈가스를 만드는 두 가지 방법 (+버터 없이 돈가스소스 만들기!),8,"넓게 펴준 등심에 밀가루를 골고루 묻힌 후, 달걀물을 묻혀주고, 빵가루로 덮은 후 꾹꾹 눌러 준비한다."
037o6vxm0es,경양식 돈가스를 만드는 두 가지 방법 (+버터 없이 돈가스소스 만들기!),9,*돈가스 (물반죽 버전)
037o6vxm0es,경양식 돈가스를 만드는 두 가지 방법 (+버터 없이 돈가스소스 만들기!),10,"넓은 볼에 달걀, 튀김가루, 물을 넣어 물반죽을 만들어 준비한다."
037o6vxm0es,경양식 돈가스를 만드는 두 가지 방법 (+버터 없이 돈가스소스 만들기!),11,"넓게 펴준 등심에 물반죽을 묻힌 후, 빵가루로 덮은 후 꾹꾹 눌러 준비한다."
037o6vxm0es,경양식 돈가스를 만드는 두 가지 방법 (+버터 없이 돈가스소스 만들기!),12,*돈가스 튀기는 방법
037o6vxm0es,경양식 돈가스를 만드는 두 가지 방법 (+버터 없이 돈가스소스 만들기!),13,깊은 팬에 식용유를 붓고 센 불에서 160~170도까지 예열을 시켜 준비한다.
037o6vxm0es,경양식 돈가스를 만드는 두 가지 방법 (+버터 없이 돈가스소스 만들기!),14,튀김옷을 입힌 돈가스를 넣고 앞뒤로 노릇한 색이 나도록 약 3분 20~30초간 튀겨준다.
037o6vxm0es,경양식 돈가스를 만드는 두 가지 방법 (+버터 없이 돈가스소스 만들기!),15,*튀기는 중에 빵가루를 중간중간 걷어내 주어야 기름을 오래 사용할 수 있다.
037o6vxm0es,경양식 돈가스를 만드는 두 가지 방법 (+버터 없이 돈가스소스 만들기!),16,돈가스를 체에 세워 밭쳐 기름을 빼준다.
037o6vxm0es,경양식 돈가스를 만드는 두 가지 방법 (+버터 없이 돈가스소스 만들기!),17,*소스 만드는 법
037o6vxm0es,경양식 돈가스를 만드는 두 가지 방법 (+버터 없이 돈가스소스 만들기!),18,"넓은 팬에 밀가루, 식용유를 넣고 약불에 브라운 루가 되도록 볶아준다."
037o6vxm0es,경양식 돈가스를 만드는 두 가지 방법 (+버터 없이 돈가스소스 만들기!),19,"케첩, 황설탕, 진간장, 식초, 물을 넣고 루를 잘 풀어주며 저어 졸여준다."
037o6vxm0es,경양식 돈가스를 만드는 두 가지 방법 (+버터 없이 돈가스소스 만들기!),20,"*소고기 다시다, MSG를 넣으면 기사식당 or 사 먹는 맛이 난다."
037o6vxm0es,경양식 돈가스를 만드는 두 가지 방법 (+버터 없이 돈가스소스 만들기!),21,돈가스 소스 농도가 잡히면 후춧가루를 넣고 섞은 후 완성한다.
037o6vxm0es,경양식 돈가스를 만드는 두 가지 방법 (+버터 없이 돈가스소스 만들기!),22,*돈가스 세팅하기
037o6vxm0es,경양식 돈가스를 만드는 두 가지 방법 (+버터 없이 돈가스소스 만들기!),23,"양배추 채 샐러드, 단무지, 방울토마토를 올려준다."
037o6vxm0es,경양식 돈가스를 만드는 두 가지 방법 (+버터 없이 돈가스소스 만들기!),24,"*양배추 채 샐러드 위에 마요네즈, 우스터소스를 뿌려 먹으면 좋다."
037o6vxm0es,경양식 돈가스를 만드는 두 가지 방법 (+버터 없이 돈가스소스 만들기!),25,세팅 접시에 돈가스를 올리고 소스를 부어 마무리한다.
0CL9U_Se8Gs,밥을 훔친 오징어볶음&덮밥,1,또다른 밥도둑 오징어 볶음 레시피 입니다.
0CL9U_Se8Gs,밥을 훔친 오징어볶음&덮밥,3,오징어볶음 (2인분)
0CL9U_Se8Gs,밥을 훔친 오징어볶음&덮밥,4,*오징어볶음 재료
0CL9U_Se8Gs,밥을 훔친 오징어볶음&덮밥,5,*양념장 재료
0CL9U_Se8Gs,밥을 훔친 오징어볶음&덮밥,6,오징어볶음 1인분 적당량
0CL9U_Se8Gs,밥을 훔친 오징어볶음&덮밥,7,[오징어 볶음 만드는 법]
0CL9U_Se8Gs,밥을 훔친 오징어볶음&덮밥,8,오징어 몸통 안쪽에 손가락을 넣어서 내장을 먼저 빼내고 그 다음 뼈를 제거한 후 흐르는 물에 깨끗이 씻는다.
0CL9U_Se8Gs,밥을 훔친 오징어볶음&덮밥,9,오징어 다리 사이를 가위로 잘라서 펼쳐준 후 입을 떼어내서 이빨과 눈알을 제거하고 다리를 손으로 훑어서 빨판을 제거한다.
0CL9U_Se8Gs,밥을 훔친 오징어볶음&덮밥,10,오징어는 껍질을 제거하지 않고 몸통의 동그란 모양을 살려서 약 1.5cm 두께로 썰거나 배를 갈라 이등분하여 약 1.5cm 두께로 채썬다.
0CL9U_Se8Gs,밥을 훔친 오징어볶음&덮밥,11,Tip: 껍질을 제거하지 않은 오징어는 표면이 미끄럽기 때문에 칼질할 때 조심해서 썬다.
0CL9U_Se8Gs,밥을 훔친 오징어볶음&덮밥,12,오딩어 다리는 윗부분을 잘라 다리를 분리해주고 긴 다리는 반 잘라 준비한다.
0CL9U_Se8Gs,밥을 훔친 오징어볶음&덮밥,13,"대파는 삼등분하여 1/3대는 0.3cm 두께로 송송 썰고, 대파 2/3대는 1cm 두께로 어슷 썬다."
0CL9U_Se8Gs,밥을 훔친 오징어볶음&덮밥,14,"양파는 1cm 두께로 굵게 채 썰고, 당근은 두께 0.4cm 정도, 길이 5cm 정도로 얇게 편 썬다."
0CL9U_Se8Gs,밥을 훔친 오징어볶음&덮밥,15,양배추는 안쪽 잎과 바깥쪽 잎을 분리하여 2~3등분 어슷썬다.
0CL9U_Se8Gs,밥을 훔친 오징어볶음&덮밥,16,"홍고추와 청양고추는 두께 0.5cm, 길이 3cm 정도로 어슷썬다."
0CL9U_Se8Gs,밥을 훔친 오징어볶음&덮밥,17,"넓은 팬을 불에 올리고 식용유, 송송 썬 대파를 넣어 볶으면서 파기름을 만든다."
0CL9U_Se8Gs,밥을 훔친 오징어볶음&덮밥,18,대파가 노릇해지면 오징어를 넣어 볶는다.
0CL9U_Se8Gs,밥을 훔친 오징어볶음&덮밥,19,오징어가 익으면서 물이 생기면 황설탕을 넣고 볶아 풍미를 살린다.
0CL9U_Se8Gs,밥을 훔친 오징어볶음&덮밥,20,"진간장, 간 마늘, 굵은 고춧가루, 고추장을 넣고 골고루 볶는다."
0CL9U_Se8Gs,밥을 훔친 오징어볶음&덮밥,21,"양념이 뭉치기 시작하면 강불에서 당근, 양배추, 양파, 정수 물을 넣고 골고루 섞으면서 볶는다."
0CL9U_Se8Gs,밥을 훔친 오징어볶음&덮밥,22,"양념과 야채가 골고루 볶아지면 대파, 홍고추, 청양고추, 참기름을 넣어 한 번 섞는다."
0CL9U_Se8Gs,밥을 훔친 오징어볶음&덮밥,23,오징어볶음을 접시에 담고 통깨를 뿌려 완성한다.
0CL9U_Se8Gs,밥을 훔친 오징어볶음&덮밥,24,덮밥용 그릇에 밥을 넣는다.
0CL9U_Se8Gs,밥을 훔친 오징어볶음&덮밥,25,팬에 식용유를 넉넉히 넣고 달걀을 튀기듯이 익힌다.
0CL9U_Se8Gs,밥을 훔친 오징어볶음&덮밥,26,오징어볶음은 가위를 사용해 먹기 좋은 크기로 자른 후 밥 위에 담는다.
0CL9U_Se8Gs,밥을 훔친 오징어볶음&덮밥,27,"오징어볶음 위에 고추장, 달걀 후라이를 올리고 참기름을 뿌려 오징어 덮밥을 완성한다."
0bnFoRQebq0,집에서 '크림 파스타'쯤이야,1,*면 삶기
0bnFoRQebq0,집에서 '크림 파스타'쯤이야,2,"냄비에 정수물, 꽃소금, 올리브유를 넣고 스파게티면 삶을 물을 끓인다."
0bnFoRQebq0,집에서 '크림 파스타'쯤이야,3,물이 끓어오르면 면을 돌려서 펼쳐 넣고 붙지않도록 저어주면서 약 6분 정도 삶아 준비한다.
0bnFoRQebq0,집에서 '크림 파스타'쯤이야,4,Tip: 크림파스타 농도 조절을 위해 면수는 버리지 않고 따로 보관해둔다.
0bnFoRQebq0,집에서 '크림 파스타'쯤이야,5,삶아진 스파게티면은 체에 밭쳐 건져낸다.
0bnFoRQebq0,집에서 '크림 파스타'쯤이야,6,*베이컨크림파스타
0bnFoRQebq0,집에서 '크림 파스타'쯤이야,7,"베이컨은 두께 1cm 정도로 자르고, 양파는 가로, 세로 0.5cm 정도로 다져 준비한다."
0bnFoRQebq0,집에서 '크림 파스타'쯤이야,8,"양송이 한 개는 가로,세로 0.5cm 정도로 다지고, 반 개는 두께 0.5cm로 편 썰어 준비한다."
0bnFoRQebq0,집에서 '크림 파스타'쯤이야,9,Tip: 슬라이스 4조각 정도만 보이게 편 썰어서 넣어준다.
0bnFoRQebq0,집에서 '크림 파스타'쯤이야,10,"프라이팬에 베이컨, 다진양파, 다진 양송이 버섯, 올리브유를 넣고 중 불에 볶는다."
0bnFoRQebq0,집에서 '크림 파스타'쯤이야,11,양파가 노릇해 질 때까지 충분히 볶는다.
0bnFoRQebq0,집에서 '크림 파스타'쯤이야,12,"양파에 색이 나면 버터를 넣어 볶고, 버터가 녹으면 우유, 편 썰은 양송이 버섯, 스파게티 면을 넣어 졸인다."
0bnFoRQebq0,집에서 '크림 파스타'쯤이야,13,밀가루를 넣고 잘 풀어 주어 농도 조절을 한다.
0bnFoRQebq0,집에서 '크림 파스타'쯤이야,14,불을 약 불로 줄인 후 꽃소금으로 간을 한다.
0bnFoRQebq0,집에서 '크림 파스타'쯤이야,15,Tip: 소스 농도가 너무 되직하면 면수를 추가한다.
0bnFoRQebq0,집에서 '크림 파스타'쯤이야,16,불을 끄고 파르메산 치즈를 골고루 뿌려 섞는다.
0bnFoRQebq0,집에서 '크림 파스타'쯤이야,17,후춧가루를 뿌려준 후 접시에 담고 파슬리 가루를 뿌려 완성한다.
0bnFoRQebq0,집에서 '크림 파스타'쯤이야,18,Tip: 기호에 따라 우유를 추가해 소스를 더 만들어 사용한다.
0hYm1QOJZeo,양파 농가를 응원합니다! 만능양파볶음 대작전 1편: 양파 손질과 보관법 ㅣ 백종원의 쿠킹로그,1,수확량 급증으로 양파 가격이 폭락해 농가가 큰 시름에 빠졌습니다.
0hYm1QOJZeo,양파 농가를 응원합니다! 만능양파볶음 대작전 1편: 양파 손질과 보관법 ㅣ 백종원의 쿠킹로그,2,"이에 모두에게 도움을 드릴 수 있는 방법을 고심 끝에, 다양한 요리에 활용 가능한 백종원식 만능 시리즈의 최신판!"
0hYm1QOJZeo,양파 농가를 응원합니다! 만능양파볶음 대작전 1편: 양파 손질과 보관법 ㅣ 백종원의 쿠킹로그,3,바로 만능양파볶음을 만들어 소개하게 되었습니다.
0hYm1QOJZeo,양파 농가를 응원합니다! 만능양파볶음 대작전 1편: 양파 손질과 보관법 ㅣ 백종원의 쿠킹로그,4,"양파 보관과 손질법부터 만능양파볶음 제조, 그리고 이를 활용한 다양한 레시피까지 양파볶음 시리즈가 연재될 예정이니 많은 관심 바랍니다!!"
0wqp-Ii5wQM,"전 구울 때, 튀긴듯 바삭하지만 안타고 촉촉하게 잘 굽는 법",1,*부추완자전
0wqp-Ii5wQM,"전 구울 때, 튀긴듯 바삭하지만 안타고 촉촉하게 잘 굽는 법",2,달걀은 깊은 컵이나 볼에 잘 풀어 준비한다.
0wqp-Ii5wQM,"전 구울 때, 튀긴듯 바삭하지만 안타고 촉촉하게 잘 굽는 법",3,청양고추는 꼭지를 제거한 후 길게 1/4로 가른 후 두께 0.3cm로 송송 썬다.
0wqp-Ii5wQM,"전 구울 때, 튀긴듯 바삭하지만 안타고 촉촉하게 잘 굽는 법",4,대파는 길게 반 갈라 두께 0.3cm로 송송 썬다.
0wqp-Ii5wQM,"전 구울 때, 튀긴듯 바삭하지만 안타고 촉촉하게 잘 굽는 법",5,부추는 두께 0.5cm로 송송 썬다.
0wqp-Ii5wQM,"전 구울 때, 튀긴듯 바삭하지만 안타고 촉촉하게 잘 굽는 법",6,두부는 물기를 털어낸 후 칼날로 눌러 으깨어 준비한다.
0wqp-Ii5wQM,"전 구울 때, 튀긴듯 바삭하지만 안타고 촉촉하게 잘 굽는 법",7,"깊은 볼에 다진 돼지고기, 달걀, 청양고추, 대파, 부추, 간 마늘, 진간장, 부침가루, 맛소금, 후춧가루, 두부를 넣고 재료가 뭉치지 않도록 골고루 섞어 완자전 반죽을 만든다."
0wqp-Ii5wQM,"전 구울 때, 튀긴듯 바삭하지만 안타고 촉촉하게 잘 굽는 법",9,*맛소금이 없다면 꽃소금을 사용하고 기호에 맞게 미원을 약간 추가하면 더욱 맛이 좋다.
0wqp-Ii5wQM,"전 구울 때, 튀긴듯 바삭하지만 안타고 촉촉하게 잘 굽는 법",10,*소고기다시다를 사용할 경우 진간장 양을 줄여 사용한다.
0wqp-Ii5wQM,"전 구울 때, 튀긴듯 바삭하지만 안타고 촉촉하게 잘 굽는 법",11,*아이들용은 청양고추를 빼고 만든다.
0wqp-Ii5wQM,"전 구울 때, 튀긴듯 바삭하지만 안타고 촉촉하게 잘 굽는 법",12,프라이팬에 식용유를 넉넉하게 두른 후 중불에 예열한다.
0wqp-Ii5wQM,"전 구울 때, 튀긴듯 바삭하지만 안타고 촉촉하게 잘 굽는 법",13,국자로 완자전 반죽을 떠 예열된 프라이팬에 올려 두께 1cm 정도로 펼친 후 약불로 줄여 튀기듯이 익힌다.
0wqp-Ii5wQM,"전 구울 때, 튀긴듯 바삭하지만 안타고 촉촉하게 잘 굽는 법",14,*프라이팬을 둥글게 돌려가며 완자전 중심부까지 기름이 골고루 들어갈 수 있도록 한다.
0wqp-Ii5wQM,"전 구울 때, 튀긴듯 바삭하지만 안타고 촉촉하게 잘 굽는 법",15,*완자전을 숟가락으로 떠 작게 여러 개 부쳐도 좋다.
0wqp-Ii5wQM,"전 구울 때, 튀긴듯 바삭하지만 안타고 촉촉하게 잘 굽는 법",16,한쪽 면이 바삭하고 노릇하게 익으면 프라이팬에 있는 기름을 다른 프라이팬에 따라낸 후 완자전을 뒤집는다.
0wqp-Ii5wQM,"전 구울 때, 튀긴듯 바삭하지만 안타고 촉촉하게 잘 굽는 법",17,따라낸 기름을 다시 완자전이 있는 프라이팬에 부어 준 후 반대쪽 면도 튀기듯이 익힌다.
0wqp-Ii5wQM,"전 구울 때, 튀긴듯 바삭하지만 안타고 촉촉하게 잘 굽는 법",18,완자전이 골고루 익으면 뒤집개로 들어 올린 후 프라이팬 가장자리에 기대어 기름을 살짝 빼고 접시에 옮겨 담아 완성한다.
0wqp-Ii5wQM,"전 구울 때, 튀긴듯 바삭하지만 안타고 촉촉하게 잘 굽는 법",19,양념간장 또는 케첩에 찍어 먹는다.
0wqp-Ii5wQM,"전 구울 때, 튀긴듯 바삭하지만 안타고 촉촉하게 잘 굽는 법",20,*찍어 먹는 양념간장
0wqp-Ii5wQM,"전 구울 때, 튀긴듯 바삭하지만 안타고 촉촉하게 잘 굽는 법",21,양파는 사방 0.5cm로 사각썰기 하여 준비한다.
0wqp-Ii5wQM,"전 구울 때, 튀긴듯 바삭하지만 안타고 촉촉하게 잘 굽는 법",22,청양고추는 꼭지를 제거한 후 길게 반 갈라 두께 0.3cm로 송송 썬다.
0wqp-Ii5wQM,"전 구울 때, 튀긴듯 바삭하지만 안타고 촉촉하게 잘 굽는 법",23,진간장과 식초를 1:2 비율로 섞은 후 설탕을 넣고 섞는다.
0wqp-Ii5wQM,"전 구울 때, 튀긴듯 바삭하지만 안타고 촉촉하게 잘 굽는 법",24,*설탕의 양은 기호에 맞게 조절한다.
0wqp-Ii5wQM,"전 구울 때, 튀긴듯 바삭하지만 안타고 촉촉하게 잘 굽는 법",25,"섞어둔 양념장에 양파, 청양고추를 넣고 섞어 완성한다."
0wqp-Ii5wQM,"전 구울 때, 튀긴듯 바삭하지만 안타고 촉촉하게 잘 굽는 법",26,*양파와 청양고추가 없다면 고춧가루를 넣고 만들어도 된다.
10fl2mebYHs,자타공인 한국의 레전드 메뉴! 뭐든지 김밥으로 만들 수 있습니다!,1,김 위에 밥을 2/3 정도 얇게 깔아준다.
10fl2mebYHs,자타공인 한국의 레전드 메뉴! 뭐든지 김밥으로 만들 수 있습니다!,2,"밥 위에 시금치, 당근채, 달걀, 게맛살, 우엉조림, 단무지를 올리고 말아준다."
10fl2mebYHs,자타공인 한국의 레전드 메뉴! 뭐든지 김밥으로 만들 수 있습니다!,3,말아진 김밥에 참기름을 바른 후 먹기 좋은 크기로 썰어 완성한다.
10fl2mebYHs,자타공인 한국의 레전드 메뉴! 뭐든지 김밥으로 만들 수 있습니다!,4,[ 달걀프라이김밥 ]
10fl2mebYHs,자타공인 한국의 레전드 메뉴! 뭐든지 김밥으로 만들 수 있습니다!,5,프라이팬에 식용유를 두르고 달걀을 깨트려 넣어준다.
10fl2mebYHs,자타공인 한국의 레전드 메뉴! 뭐든지 김밥으로 만들 수 있습니다!,6,주걱을 이용하여 노른자를 터트린 후 맛소금을 뿌려 넓게 프라이한다.
10fl2mebYHs,자타공인 한국의 레전드 메뉴! 뭐든지 김밥으로 만들 수 있습니다!,7,"김 위에 밥을 얇게 깔아준 후 단무지, 달걀 프라이를 올려 말아준다."
10fl2mebYHs,자타공인 한국의 레전드 메뉴! 뭐든지 김밥으로 만들 수 있습니다!,8,참기름을 바른 후 먹기 좋은 크기로 잘라 완성한다.
10fl2mebYHs,자타공인 한국의 레전드 메뉴! 뭐든지 김밥으로 만들 수 있습니다!,9,[ 소시지김밥 ]
10fl2mebYHs,자타공인 한국의 레전드 메뉴! 뭐든지 김밥으로 만들 수 있습니다!,10,프랑크소시지는 1/2로 길게 잘라 준비한다.
10fl2mebYHs,자타공인 한국의 레전드 메뉴! 뭐든지 김밥으로 만들 수 있습니다!,11,프라이팬에 식용유를 두른 후 소시지를 구워준다.
10fl2mebYHs,자타공인 한국의 레전드 메뉴! 뭐든지 김밥으로 만들 수 있습니다!,12,김 위에 밥을 2/3 정도까지 얇게 깔아준 후 준비 한 재료를 올려 말아준다.
12e93a8T2nU,"파전은 먹고 싶은데, 쪽파가 없다면?",1,대파는 길게 4등분 한 후 프라이팬 지름에 맞춰 3~4등분하여 준비한다.
12e93a8T2nU,"파전은 먹고 싶은데, 쪽파가 없다면?",2,"청양고추, 홍고추는 두께 0.3cm로 어슷 썰어 준비한다."
12e93a8T2nU,"파전은 먹고 싶은데, 쪽파가 없다면?",3,"볼에 부침가루, 물, 간 마늘, 맛소금, 간 돼지고기, 후춧가루를 넣고 젓가락으로 골고루 섞어 반죽물을 만든다."
12e93a8T2nU,"파전은 먹고 싶은데, 쪽파가 없다면?",4,달걀은 가볍게 풀어 준비한다.
12e93a8T2nU,"파전은 먹고 싶은데, 쪽파가 없다면?",5,"반죽물에 대파, 청양고추, 홍고추를 넣어 골고루 버무린다."
12e93a8T2nU,"파전은 먹고 싶은데, 쪽파가 없다면?",6,"Tip: 청양고추, 홍고추의 1/3양은 고명용으로 남겨둔다."
12e93a8T2nU,"파전은 먹고 싶은데, 쪽파가 없다면?",7,Tip: 반죽을 섞을 때에는 대파의 방향이 틀어지지 않게 주의하면서 섞는다.
12e93a8T2nU,"파전은 먹고 싶은데, 쪽파가 없다면?",8,프라이팬에 식용유를 넉넉히 두르고 중 불에 약간 달군다.
12e93a8T2nU,"파전은 먹고 싶은데, 쪽파가 없다면?",9,대파전 반죽을 프라이팬 위에 가지런하게 평평하게 펴서 올린다.
12e93a8T2nU,"파전은 먹고 싶은데, 쪽파가 없다면?",10,"아랫면이 익으면 달걀물을 전 위에 골고루 두른 후 청양고추, 홍고추 고명을 올린다."
12e93a8T2nU,"파전은 먹고 싶은데, 쪽파가 없다면?",11,전을 앞뒤로 뒤집어 가며 익히고 마지막에 강 불로 켜 노릇노릇하게 색을 낸다.
12e93a8T2nU,"파전은 먹고 싶은데, 쪽파가 없다면?",12,Tip: 전을 뒤집기 전에 기름이 많다면 키친타올을 이용하여 닦아낸 후 뒤집어야 기름이 튀지 않는다.
12e93a8T2nU,"파전은 먹고 싶은데, 쪽파가 없다면?",13,접시에 대파전을 옮겨 담아 완성한다.
1F4soB3rlMI,숟가락을 놓을 수 없는 악마 레시피! 에그 인 헬,1,*소스
1F4soB3rlMI,숟가락을 놓을 수 없는 악마 레시피! 에그 인 헬,2,통조림 햄은 비닐봉지에 넣고 손바닥으로 잘게 으깨어 준비한다.
1F4soB3rlMI,숟가락을 놓을 수 없는 악마 레시피! 에그 인 헬,3,"빨간파프리카, 양파, 토마토는 사방 1cm로 썰어 준비한다."
1F4soB3rlMI,숟가락을 놓을 수 없는 악마 레시피! 에그 인 헬,4,"프라이팬에 식용유, 양파, 간마늘, 통조림 햄을 넣고 강 불에 볶는다."
1F4soB3rlMI,숟가락을 놓을 수 없는 악마 레시피! 에그 인 헬,5,햄이 노릇하게 색이 나기 시작하면 눌어지면서 익을 수 있도록 프라이팬에 전체적으로 펼친다.
1F4soB3rlMI,숟가락을 놓을 수 없는 악마 레시피! 에그 인 헬,6,* 양파와 간마늘을 먼저 볶다가 통조림 햄을 넣고 볶으면 풍미가 더욱 좋아진다.
1F4soB3rlMI,숟가락을 놓을 수 없는 악마 레시피! 에그 인 헬,8,"프라이팬에 기름이 자글자글할때 큐민가루, 고운고추가루를 넣고 중 불에 볶는다."
1F4soB3rlMI,숟가락을 놓을 수 없는 악마 레시피! 에그 인 헬,9,* 큐민가루는 기름에 볶아야 풍미가 훨씬 좋다.
1F4soB3rlMI,숟가락을 놓을 수 없는 악마 레시피! 에그 인 헬,10,"후추가루, 황설탕, 진간장, 꽃소금을 넣고 뭉치지 않도록 골고루 섞는다."
1F4soB3rlMI,숟가락을 놓을 수 없는 악마 레시피! 에그 인 헬,11,토마토소스를 넣고 끓어 오르면 약 1분정도 더 끓여 소스를 완성한다.
1F4soB3rlMI,숟가락을 놓을 수 없는 악마 레시피! 에그 인 헬,12,* 양이 많을 경우 먹을 만큼만 덜어낸 후 나머지는 식혀서 냉장보관한다.
1F4soB3rlMI,숟가락을 놓을 수 없는 악마 레시피! 에그 인 헬,13,*에그인헬 완성하기
1F4soB3rlMI,숟가락을 놓을 수 없는 악마 레시피! 에그 인 헬,14,세팅용 프라이팬에 소스를 옮겨 담은 후 강 불에 올린다.
1F4soB3rlMI,숟가락을 놓을 수 없는 악마 레시피! 에그 인 헬,15,소스가 끓어 오르면 공간을 만들어 달걀을 깨트려 넣은 후 약 불로 줄인다.
1F4soB3rlMI,숟가락을 놓을 수 없는 악마 레시피! 에그 인 헬,16,"모짜렐라치즈, 슈레드눈꽃치즈를 반반씩 올린 후 뚜껑을 닫고 약 3~4분동안 치즈를 녹인다."
1F4soB3rlMI,숟가락을 놓을 수 없는 악마 레시피! 에그 인 헬,17,* 치즈는 기호에 맞게 한 가지만 사용해도 무관하다.
1F4soB3rlMI,숟가락을 놓을 수 없는 악마 레시피! 에그 인 헬,18,* 불 세기에 맞춰 시간을 조절한다.
1F4soB3rlMI,숟가락을 놓을 수 없는 악마 레시피! 에그 인 헬,19,치즈가 완전히 녹으면 불을끄고 파슬리가루를 뿌려 마무리한다.
1F4soB3rlMI,숟가락을 놓을 수 없는 악마 레시피! 에그 인 헬,20,노릇하게 구운 식빵을 에그인헬에 곁들여 완성한다.
1Lc70M38LTk,토마토 주스로 스튜를 만든다고요? 집에 있는 재료만으로 도전!🍅,1,"토마토, 양파는 약 2cm 길이로 깍뚝 썰기 한다."
1Lc70M38LTk,토마토 주스로 스튜를 만든다고요? 집에 있는 재료만으로 도전!🍅,2,감자는 껍질을 제거한 후 1.5cm 길이로 깍뚝 썰기 한다.
1Lc70M38LTk,토마토 주스로 스튜를 만든다고요? 집에 있는 재료만으로 도전!🍅,3,셀러리 줄기는 0.5cm 두께로 송송 썬다.
1Lc70M38LTk,토마토 주스로 스튜를 만든다고요? 집에 있는 재료만으로 도전!🍅,4,* 너무 두꺼운 부분은 길게 반으로 갈라 송송 썬다.
1Lc70M38LTk,토마토 주스로 스튜를 만든다고요? 집에 있는 재료만으로 도전!🍅,5,프라이팬에 식용유를 넣고 강불에 예열한다.
1Lc70M38LTk,토마토 주스로 스튜를 만든다고요? 집에 있는 재료만으로 도전!🍅,6,돼지고기를 넣고 튀기듯이 볶는다.
1Lc70M38LTk,토마토 주스로 스튜를 만든다고요? 집에 있는 재료만으로 도전!🍅,7,돼지고기가 전체적으로 노릇해지기 시작하면 양파를 넣고 고기가 완전히 노릇해질 때 까지 볶는다.
1Lc70M38LTk,토마토 주스로 스튜를 만든다고요? 집에 있는 재료만으로 도전!🍅,8,"감자, 토마토, 셀러리를 넣고 볶는다."
1Lc70M38LTk,토마토 주스로 스튜를 만든다고요? 집에 있는 재료만으로 도전!🍅,9,"물, 토마토 주스, 진간장, 케첩, 식초, 맛소금을 넣고 끓으면 중불로 줄여 약 15분 정도 끓인다."
1Lc70M38LTk,토마토 주스로 스튜를 만든다고요? 집에 있는 재료만으로 도전!🍅,10,* 매콤한 맛을 원한다면 이때 고운 고춧가루를 추가해도 좋다.
1Lc70M38LTk,토마토 주스로 스튜를 만든다고요? 집에 있는 재료만으로 도전!🍅,12,농도가 난 스튜를 그릇에 옮겨 담은 후 버터를 올린다.
1Lc70M38LTk,토마토 주스로 스튜를 만든다고요? 집에 있는 재료만으로 도전!🍅,13,"후춧가루, 파슬리가루를 뿌려 완성한다."
1T4R8zNe1yA,마트에서 산 '소불고기'로 다섯가지 활용법 대방출,1,국내산 육우로 만든 간장 소불고기 먹는 법 총정리해드립니다!
1T4R8zNe1yA,마트에서 산 '소불고기'로 다섯가지 활용법 대방출,2,"쌈 싸 먹고, 샌드위치 해 먹고, 비벼 먹고, 볶아 먹고, 끓여 먹고"
1T4R8zNe1yA,마트에서 산 '소불고기'로 다섯가지 활용법 대방출,4,★ [농협 창립 60주년 기념] 불고기 세트 ★
1T4R8zNe1yA,마트에서 산 '소불고기'로 다섯가지 활용법 대방출,5,판매처 : 1) 농협 라이블리(온라인)
1T4R8zNe1yA,마트에서 산 '소불고기'로 다섯가지 활용법 대방출,6,하나로 마트(오프라인)
1T4R8zNe1yA,마트에서 산 '소불고기'로 다섯가지 활용법 대방출,7,잠깐🖐🏻 이게 다가 아니에요!
1T4R8zNe1yA,마트에서 산 '소불고기'로 다섯가지 활용법 대방출,8,돼지불고기 활용법 커밍순~
1hZU9_OLcDU,샐러리 볶음! 저 믿고 딱 한번만 해보세요! 정말 맛있어요! 진짜로🙄,1,셀러리는 뿌리 쪽을 잘라낸다.
1hZU9_OLcDU,샐러리 볶음! 저 믿고 딱 한번만 해보세요! 정말 맛있어요! 진짜로🙄,2,이파리를 제거 한 후 1cm 두께로 송송 썰어 준비한다.
1hZU9_OLcDU,샐러리 볶음! 저 믿고 딱 한번만 해보세요! 정말 맛있어요! 진짜로🙄,3,* 두꺼운 부분은 반 갈라 송송 썬다.
1hZU9_OLcDU,샐러리 볶음! 저 믿고 딱 한번만 해보세요! 정말 맛있어요! 진짜로🙄,4,돼지고기는 반을 자른 후 1cm 두께로 굵게 채 썬다.
1hZU9_OLcDU,샐러리 볶음! 저 믿고 딱 한번만 해보세요! 정말 맛있어요! 진짜로🙄,5,대파는 칼날로 두들겨 펼친 후 0.5cm 두께로 송송 썬다.
1hZU9_OLcDU,샐러리 볶음! 저 믿고 딱 한번만 해보세요! 정말 맛있어요! 진짜로🙄,6,프라이팬에 식용유를 두른 후 대파를 넣고 강 불에 올려 파기름을 낸다.
1hZU9_OLcDU,샐러리 볶음! 저 믿고 딱 한번만 해보세요! 정말 맛있어요! 진짜로🙄,8,"돼지고기가 하얗게 익으면 굴소스, 진간장을 넣고 볶는다."
1hZU9_OLcDU,샐러리 볶음! 저 믿고 딱 한번만 해보세요! 정말 맛있어요! 진짜로🙄,9,셀러리를 넣고 투명 빛이 돌 때 까지 살짝 볶아 완성한다.
1smKGJS_9p0,[Sub] 냉동만두 + 달걀말이 = 일품요리,1,해물육교자는 가위를 이용해 잘게 자른다.
1smKGJS_9p0,[Sub] 냉동만두 + 달걀말이 = 일품요리,2,"그릇에 달걀, 소금을 넣고 풀어준다."
1smKGJS_9p0,[Sub] 냉동만두 + 달걀말이 = 일품요리,3,잘 풀어진 달걀을 해물육교자에 부어 섞는다.
1smKGJS_9p0,[Sub] 냉동만두 + 달걀말이 = 일품요리,4,팬에 식용유를 두르고 달군 뒤 약불에서 달걀물을 조금씩 부어가며 말아준다
1smKGJS_9p0,[Sub] 냉동만두 + 달걀말이 = 일품요리,5,달걀말이가 완전히 익으면 알맞은 크기로 썰어 완성한다.
1vfJqpklDSI,사과 농가를 응원합니다! 사과조림으로 만들 수 있는 무궁무진한 활용메뉴들을 확인해 보세요! ㅣ 백종원의 쿠킹로그,1,사과는 껍질과 씨를 제거하고 잘게 잘라준다.
1vfJqpklDSI,사과 농가를 응원합니다! 사과조림으로 만들 수 있는 무궁무진한 활용메뉴들을 확인해 보세요! ㅣ 백종원의 쿠킹로그,2,"냄비에 사과, 물, 레몬주스, 황설탕, 시나몬 파우더를 넣고 불을 킨다."
1vfJqpklDSI,사과 농가를 응원합니다! 사과조림으로 만들 수 있는 무궁무진한 활용메뉴들을 확인해 보세요! ㅣ 백종원의 쿠킹로그,3,센불에서 30~40분 정도 졸여 사과조림을 완성한다.
1vfJqpklDSI,사과 농가를 응원합니다! 사과조림으로 만들 수 있는 무궁무진한 활용메뉴들을 확인해 보세요! ㅣ 백종원의 쿠킹로그,4,사과가 익으면 불을 끄고 식힌 후 밀폐용기에 담아 냉장보관한다.
1vfJqpklDSI,사과 농가를 응원합니다! 사과조림으로 만들 수 있는 무궁무진한 활용메뉴들을 확인해 보세요! ㅣ 백종원의 쿠킹로그,5,사과조림 토스트
1vfJqpklDSI,사과 농가를 응원합니다! 사과조림으로 만들 수 있는 무궁무진한 활용메뉴들을 확인해 보세요! ㅣ 백종원의 쿠킹로그,6,프라이팬에 스틱버터를 발라준다.
1vfJqpklDSI,사과 농가를 응원합니다! 사과조림으로 만들 수 있는 무궁무진한 활용메뉴들을 확인해 보세요! ㅣ 백종원의 쿠킹로그,7,식빵을 노릇하게 구워낸다.
1vfJqpklDSI,사과 농가를 응원합니다! 사과조림으로 만들 수 있는 무궁무진한 활용메뉴들을 확인해 보세요! ㅣ 백종원의 쿠킹로그,8,사과조림을 곁들인다.
1vfJqpklDSI,사과 농가를 응원합니다! 사과조림으로 만들 수 있는 무궁무진한 활용메뉴들을 확인해 보세요! ㅣ 백종원의 쿠킹로그,9,사과조림 프렌치토스트
1vfJqpklDSI,사과 농가를 응원합니다! 사과조림으로 만들 수 있는 무궁무진한 활용메뉴들을 확인해 보세요! ㅣ 백종원의 쿠킹로그,10,유리 볼에 달걀을 넣어 잘 풀어준다.
1vfJqpklDSI,사과 농가를 응원합니다! 사과조림으로 만들 수 있는 무궁무진한 활용메뉴들을 확인해 보세요! ㅣ 백종원의 쿠킹로그,11,"달걀이 풀어지면 우유, 소금을 넣어 섞는다."
1vfJqpklDSI,사과 농가를 응원합니다! 사과조림으로 만들 수 있는 무궁무진한 활용메뉴들을 확인해 보세요! ㅣ 백종원의 쿠킹로그,12,식빵을 달걀물을 담가 충분히 적신다.
1vfJqpklDSI,사과 농가를 응원합니다! 사과조림으로 만들 수 있는 무궁무진한 활용메뉴들을 확인해 보세요! ㅣ 백종원의 쿠킹로그,13,프라이팬에 토스트용 버터를 두르고 식빵을 올려 중불에서 노릇하게 구워준다.
1vfJqpklDSI,사과 농가를 응원합니다! 사과조림으로 만들 수 있는 무궁무진한 활용메뉴들을 확인해 보세요! ㅣ 백종원의 쿠킹로그,14,"완성 접시에 옮겨 담고 사과조림, 토핑용 버터를 곁들인다."
2HZO-YNHFPk,Korean Fried Chicken !! 후라이드&양념~ 양념치킨의 종주국은 대한민국 입니다! | 백종원의 백종원 레시피,1,토막닭은 깨끗하게 세척하여 물기를 빼서 준비한다.
2HZO-YNHFPk,Korean Fried Chicken !! 후라이드&양념~ 양념치킨의 종주국은 대한민국 입니다! | 백종원의 백종원 레시피,2,"준비 된 닭에 맛소금, 후추를 넣고 주물러 밑간한다."
2HZO-YNHFPk,Korean Fried Chicken !! 후라이드&양념~ 양념치킨의 종주국은 대한민국 입니다! | 백종원의 백종원 레시피,3,우유를 넣어 닭이 잠기게 한 후 20분정도 재운다.
2HZO-YNHFPk,Korean Fried Chicken !! 후라이드&양념~ 양념치킨의 종주국은 대한민국 입니다! | 백종원의 백종원 레시피,4,양념치킨소스 재료를 냄비에 넣고 저어가며 농도나게 끓인다.
2HZO-YNHFPk,Korean Fried Chicken !! 후라이드&양념~ 양념치킨의 종주국은 대한민국 입니다! | 백종원의 백종원 레시피,5,20분이 지나면 닭에 튀김가루 1컵을 넣고 섞어준다.
2HZO-YNHFPk,Korean Fried Chicken !! 후라이드&양념~ 양념치킨의 종주국은 대한민국 입니다! | 백종원의 백종원 레시피,6,일회용봉투에 튀김가루를 넣고 반죽 된 닭을 넣어 골고루 섞어준다.
2HZO-YNHFPk,Korean Fried Chicken !! 후라이드&양념~ 양념치킨의 종주국은 대한민국 입니다! | 백종원의 백종원 레시피,7,큰 코팅냄비에 식용유를 넣어 160~170도 예열한다.
2HZO-YNHFPk,Korean Fried Chicken !! 후라이드&양념~ 양념치킨의 종주국은 대한민국 입니다! | 백종원의 백종원 레시피,8,예열 된 기름에 닭을 넣어 2차튀김한 후 기름을 빼준다.
2HZO-YNHFPk,Korean Fried Chicken !! 후라이드&양념~ 양념치킨의 종주국은 대한민국 입니다! | 백종원의 백종원 레시피,9,기호에 맞게 양념소스를 버무린다.
2HZO-YNHFPk,Korean Fried Chicken !! 후라이드&양념~ 양념치킨의 종주국은 대한민국 입니다! | 백종원의 백종원 레시피,10,* 튀김가루는 닭의 크기에 따라 추가하여 사용한다.
2HZO-YNHFPk,Korean Fried Chicken !! 후라이드&양념~ 양념치킨의 종주국은 대한민국 입니다! | 백종원의 백종원 레시피,11,[ 양념치킨소스 만드는 법 ]
2HZO-YNHFPk,Korean Fried Chicken !! 후라이드&양념~ 양념치킨의 종주국은 대한민국 입니다! | 백종원의 백종원 레시피,12,"큰 냄비에 물엿, 케찹, 고추장, 진간장, 간마늘, 고춧가루, 황설탕을 넣어 잘 풀어준다."
2HZO-YNHFPk,Korean Fried Chicken !! 후라이드&양념~ 양념치킨의 종주국은 대한민국 입니다! | 백종원의 백종원 레시피,13,중불로 불을키고 바닥을 저어준다.
2HZO-YNHFPk,Korean Fried Chicken !! 후라이드&양념~ 양념치킨의 종주국은 대한민국 입니다! | 백종원의 백종원 레시피,14,한번 끓어 오르면 불을 끄고 완성한다.
2PZtNTWjotU,치폴레? (❌) 치콜레! (⭕) 정국이가 먹던 그 메뉴 저도 한번 만들어 봤습니다,1,미국에서 흔하게 먹는 '치폴레'의 부리토 볼(bowl)
2PZtNTWjotU,치폴레? (❌) 치콜레! (⭕) 정국이가 먹던 그 메뉴 저도 한번 만들어 봤습니다,3,맛있게 먹었던 기억을 더듬어 만들었는데
2PZtNTWjotU,치폴레? (❌) 치콜레! (⭕) 정국이가 먹던 그 메뉴 저도 한번 만들어 봤습니다,4,치폴레는 아니래도 치콜레 맛은 나요🤣
2PZtNTWjotU,치폴레? (❌) 치콜레! (⭕) 정국이가 먹던 그 메뉴 저도 한번 만들어 봤습니다,5,방탄 덕분에 자~알 먹었다!
2PZtNTWjotU,치폴레? (❌) 치콜레! (⭕) 정국이가 먹던 그 메뉴 저도 한번 만들어 봤습니다,6,고맙다~💜
2T7BfP1sx9g,"기사식당st 돼지불백, 추억의 그 맛!",1,*돼지불고기
2T7BfP1sx9g,"기사식당st 돼지불백, 추억의 그 맛!",2,대파는 두께 0.3cm 정도로 송송 썬다.
2T7BfP1sx9g,"기사식당st 돼지불백, 추억의 그 맛!",3,"깊은 볼에 핏물을 살짝 제거한 돼지고기 후지, 대파, 간 마늘, 황설탕을 넣고 골고루 섞는다."
2T7BfP1sx9g,"기사식당st 돼지불백, 추억의 그 맛!",4,"맛술, 간 생강, 갈아만든 배를 넣고 골고루 섞는다."
2T7BfP1sx9g,"기사식당st 돼지불백, 추억의 그 맛!",5,단 맛이 골고루 배면 진간장을 넣고 버무린 후 노두유를 넣어 색을 맞춘다.
2T7BfP1sx9g,"기사식당st 돼지불백, 추억의 그 맛!",6,Tip: 노두유는 생략 가능하다.
2T7BfP1sx9g,"기사식당st 돼지불백, 추억의 그 맛!",7,"참기름, 후추가루를 넣고 골고루 버무려 재운다."
2T7BfP1sx9g,"기사식당st 돼지불백, 추억의 그 맛!",8,"Tip: 양이 많다면, 비닐봉지에 먹을 만큼 소분하여 넣어 얇게 펼쳐 쟁반에 올려 냉동보관한다."
2T7BfP1sx9g,"기사식당st 돼지불백, 추억의 그 맛!",9,프라이팬을 강 불에 올린 후 양념 된 돼지고기를 올린다.
2T7BfP1sx9g,"기사식당st 돼지불백, 추억의 그 맛!",10,지글거리기 시작하면 젓가락으로 뭉치지 않게 골고루 풀어가며 볶는다.
2T7BfP1sx9g,"기사식당st 돼지불백, 추억의 그 맛!",11,고기가 익으면서 양념이 눌어붙기 시작하면 물을 넣어 강 불에 졸여가며 익힌다.
2T7BfP1sx9g,"기사식당st 돼지불백, 추억의 그 맛!",12,물이 반 정도 졸아들면 휴대용 버너에 올려 물기가 날아 갈 때 까지 볶는다.
2T7BfP1sx9g,"기사식당st 돼지불백, 추억의 그 맛!",13,양념장이 눌기 시작하면 약 불로 줄이고 살짝 연기가 나고 눌은 냄새가 나면 불을 끄고 완성한다.
2T7BfP1sx9g,"기사식당st 돼지불백, 추억의 그 맛!",14,"Tip: 기호에 따라 쌈을 싸 먹거나, 밥에 비벼 먹는다."
2T7BfP1sx9g,"기사식당st 돼지불백, 추억의 그 맛!",15,*돼지불고기 비빔밥
2T7BfP1sx9g,"기사식당st 돼지불백, 추억의 그 맛!",16,깊은 그릇에 밥을 담고 쌈채소를 가위로 잘게 잘라 넣는다.
2T7BfP1sx9g,"기사식당st 돼지불백, 추억의 그 맛!",17,"돼지불고기를 잘게 잘라 넣고 고추장, 참기름을 넣고 골고루 비벼서 완성한다."
2sUjx8PE_vg,고기짬뽕라면 1인분 만들기 (feat.맛남의광장) ㅣ 백종원의 쿠킹로그,1,대파는 반으로 갈라 송송 썰거나 길게 썰어 준비한다.
2sUjx8PE_vg,고기짬뽕라면 1인분 만들기 (feat.맛남의광장) ㅣ 백종원의 쿠킹로그,2,돼지고기는 넓적하게 썰어 준비한다.
2sUjx8PE_vg,고기짬뽕라면 1인분 만들기 (feat.맛남의광장) ㅣ 백종원의 쿠킹로그,3,"양배추, 양파는 큼직하게 썰어준다."
2sUjx8PE_vg,고기짬뽕라면 1인분 만들기 (feat.맛남의광장) ㅣ 백종원의 쿠킹로그,4,애호박은 반달 모영으로 편 썰어 주고 당근은 채 썬다.
2sUjx8PE_vg,고기짬뽕라면 1인분 만들기 (feat.맛남의광장) ㅣ 백종원의 쿠킹로그,5,"프라이팬에 식용유를 두르고 고기, 대파를 넣어 볶는다."
2sUjx8PE_vg,고기짬뽕라면 1인분 만들기 (feat.맛남의광장) ㅣ 백종원의 쿠킹로그,6,"대파와 고기가 노릇해지면 양파, 애호박, 양배추, 당근을 넣어 볶는다."
2sUjx8PE_vg,고기짬뽕라면 1인분 만들기 (feat.맛남의광장) ㅣ 백종원의 쿠킹로그,7,볶아진 채소를 한쪽으로 몰아둔 후 간장을 넣어 눌어붙도록 한다.
2sUjx8PE_vg,고기짬뽕라면 1인분 만들기 (feat.맛남의광장) ㅣ 백종원의 쿠킹로그,8,채소 위에 고춧가루를 부어주고 살짝 섞어준 후 물을 붓는다.
2sUjx8PE_vg,고기짬뽕라면 1인분 만들기 (feat.맛남의광장) ㅣ 백종원의 쿠킹로그,9,"라면수프, 소고기다시다, 꽃소금을 넣어 끓인다."
2sUjx8PE_vg,고기짬뽕라면 1인분 만들기 (feat.맛남의광장) ㅣ 백종원의 쿠킹로그,10,"육수가 끓으면 면, 달걀을 넣어 익혀준다."
2sUjx8PE_vg,고기짬뽕라면 1인분 만들기 (feat.맛남의광장) ㅣ 백종원의 쿠킹로그,11,완성 그릇에 옮겨 담아 후춧가루를 뿌려 완성한다.
2vrJR3ZpRf0,설날 준비! 삼색 나물 두 번째 도라지 나물입니다. ㅣ 백종원의 백종원레시피,1,깨소금 1큰술은 절구에 넣고 갈아서 준비한다.
2vrJR3ZpRf0,설날 준비! 삼색 나물 두 번째 도라지 나물입니다. ㅣ 백종원의 백종원레시피,2,소금물용 꽃소금과 물을 소금이 녹을 정도까지 잘 섞는다.
2vrJR3ZpRf0,설날 준비! 삼색 나물 두 번째 도라지 나물입니다. ㅣ 백종원의 백종원레시피,3,소금물에 도라지를 넣어 1시간 정도 쓴맛을 제거한다.
2vrJR3ZpRf0,설날 준비! 삼색 나물 두 번째 도라지 나물입니다. ㅣ 백종원의 백종원레시피,4,도라지는 흐르는 물에 주물러 세척하여 물기를 제거한다.
2vrJR3ZpRf0,설날 준비! 삼색 나물 두 번째 도라지 나물입니다. ㅣ 백종원의 백종원레시피,5,도라지를 5~6cm 정도 길이로 잘라 준비한다.
2vrJR3ZpRf0,설날 준비! 삼색 나물 두 번째 도라지 나물입니다. ㅣ 백종원의 백종원레시피,6,대파는 반으로 갈라 송송 썰어준다.
2vrJR3ZpRf0,설날 준비! 삼색 나물 두 번째 도라지 나물입니다. ㅣ 백종원의 백종원레시피,7,"프라이팬에 참기름, 대파를 넣어 중불에서 파기름을 낸다."
2vrJR3ZpRf0,설날 준비! 삼색 나물 두 번째 도라지 나물입니다. ㅣ 백종원의 백종원레시피,8,파기름 향이 올라오면 도라지를 넣어 볶는다.
2vrJR3ZpRf0,설날 준비! 삼색 나물 두 번째 도라지 나물입니다. ㅣ 백종원의 백종원레시피,9,"도라지에 파기름이 배면 쌀뜨물, 꽃소금, 간 마늘을 넣어 졸인다."
2vrJR3ZpRf0,설날 준비! 삼색 나물 두 번째 도라지 나물입니다. ㅣ 백종원의 백종원레시피,10,절구에 갈아 둔 깨를 넣어 볶아준다.
2vrJR3ZpRf0,설날 준비! 삼색 나물 두 번째 도라지 나물입니다. ㅣ 백종원의 백종원레시피,11,완성 접시에 담은 후 깨소금을 뿌려 마무리한다.
2y4Jvvmj7LY,가슴속까지 시원한 메밀국수,1,내장을 제거한 국물용 멸치와 디포리를 준비한다.
2y4Jvvmj7LY,가슴속까지 시원한 메밀국수,2,"육수용 채소인 양파, 대파, 무를 준비한다."
2y4Jvvmj7LY,가슴속까지 시원한 메밀국수,4,육수가 끓으면 불을 중불로 줄여 30분 이상 끓여준다.
2y4Jvvmj7LY,가슴속까지 시원한 메밀국수,5,(육수량이 반 정도 졸아들면 맛을 보고 불을 꺼준다.)
2y4Jvvmj7LY,가슴속까지 시원한 메밀국수,6,불을 끄고 가쓰오부시를 넣고 감칠맛을 내준다.
2y4Jvvmj7LY,가슴속까지 시원한 메밀국수,7,체에 밭쳐 육수를 걸러준다.
2y4Jvvmj7LY,가슴속까지 시원한 메밀국수,8,(완성 후 육수 무게 600ml)
2y4Jvvmj7LY,가슴속까지 시원한 메밀국수,9,메밀 장국 (ver.
2y4Jvvmj7LY,가슴속까지 시원한 메밀국수,10,훈연 멸치)
2y4Jvvmj7LY,가슴속까지 시원한 메밀국수,11,내장을 제거한 훈연 멸치를 준비한다.
2y4Jvvmj7LY,가슴속까지 시원한 메밀국수,12,(육수가 반 정도 졸아들면 맛을 보고 불을 꺼준다.)
2y4Jvvmj7LY,가슴속까지 시원한 메밀국수,13,메밀국수
2y4Jvvmj7LY,가슴속까지 시원한 메밀국수,14,끓는 물에 메밀면을 삶아 찬물에 헹궈둔다.
2y4Jvvmj7LY,가슴속까지 시원한 메밀국수,15,체에 걸러 낸 육수와 정수물을 1:2 비율로 희석해준다.
2y4Jvvmj7LY,가슴속까지 시원한 메밀국수,16,(기호에 맞게 간을 맞춘다.)
2y4Jvvmj7LY,가슴속까지 시원한 메밀국수,17,무는 적당한 크기로 썰어 물을 적당히 넣고 믹서기에 곱게 갈아 체에 밭쳐 물기를 제거한다.
2y4Jvvmj7LY,가슴속까지 시원한 메밀국수,18,쪽파는 송송 썰어둔다.
2y4Jvvmj7LY,가슴속까지 시원한 메밀국수,19,"무, 쪽파, 연와사비를 장국에 섞어 준비한다."
3-xgRrEX-sQ,"할머니가 그리운 맛, 소고기된장찌개",1,냄비에 소고기를 넣고 볶는다.
3-xgRrEX-sQ,"할머니가 그리운 맛, 소고기된장찌개",2,(냄비의 두께에 맞게 불 조절을 하며 소고기를 볶아준다.)
3-xgRrEX-sQ,"할머니가 그리운 맛, 소고기된장찌개",3,"무는 사방 2cm 크기, 0.5cm 두께로 썬다."
3-xgRrEX-sQ,"할머니가 그리운 맛, 소고기된장찌개",4,"청양고추, 홍고추는 1cm 두께로 어슷, 대파는 1cm 두께로 송송 썬다."
3-xgRrEX-sQ,"할머니가 그리운 맛, 소고기된장찌개",5,돼지 호박은 3등분 하여 0.5cm 두께로 썬다.
3-xgRrEX-sQ,"할머니가 그리운 맛, 소고기된장찌개",6,"양파는 적당한 크기로, 두부는 주사위 모양으로 썬다."
3-xgRrEX-sQ,"할머니가 그리운 맛, 소고기된장찌개",7,"소고기가 익으면 물을 붓고 무, 된장을 넣고 10분 정도 약불로 끓여준다."
3-xgRrEX-sQ,"할머니가 그리운 맛, 소고기된장찌개",8,"( 한번 끓여 식힌 후, 다시 끓여주면 더 깊은 된장찌개를 만들 수 있다."
3-xgRrEX-sQ,"할머니가 그리운 맛, 소고기된장찌개",10,"10분 후, 채소와 두부, 간 마늘과 굵은 고춧가루를 넣어 5분 정도 끓여준다."
3-xgRrEX-sQ,"할머니가 그리운 맛, 소고기된장찌개",11,(MSG는 기호에 맞게 넣어 준다.)
3-xgRrEX-sQ,"할머니가 그리운 맛, 소고기된장찌개",12,뚝배기에 옮겨 담아 완성시켜준다.
37-BCf85bHk,설날 준비 LA갈비! ㅣ 백종원의 쿠킹로그,1,갈비는 흐르는 물에 세척하여 뼛가루를 제거하고 물기를 빼준다.
37-BCf85bHk,설날 준비 LA갈비! ㅣ 백종원의 쿠킹로그,2,대파는 반으로 갈라 송송 썰어 준비한다.
37-BCf85bHk,설날 준비 LA갈비! ㅣ 백종원의 쿠킹로그,3,"큰 볼에 진간장, 황설탕, 맛술, 간마늘, 간생강, 대파, 정수물을 넣어 양념장을 만든다."
37-BCf85bHk,설날 준비 LA갈비! ㅣ 백종원의 쿠킹로그,4,양념장의 설탕이 다 녹으면 참기름을 넣어 섞어준다.
37-BCf85bHk,설날 준비 LA갈비! ㅣ 백종원의 쿠킹로그,5,(기호에 맞게 MSG를 넣는다)
37-BCf85bHk,설날 준비 LA갈비! ㅣ 백종원의 쿠킹로그,6,밀폐 통에 갈비를 한 장씩 깔아주고 양념장을 부어준다.
37-BCf85bHk,설날 준비 LA갈비! ㅣ 백종원의 쿠킹로그,7,"프라이팬에 재워 둔 갈비를 올리고 양념장, 물을 부어 졸이듯이 구워준다."
3OwIXlvjjyk,팔아도 되는 꿔바로우,1,돈등심은 0.3cm 두께로 잘라 준비한다.
3OwIXlvjjyk,팔아도 되는 꿔바로우,2,대파는 6cm 길이로 심지를 제거하고 가늘게 채 썬다.
3OwIXlvjjyk,팔아도 되는 꿔바로우,3,"돈등심에 맛소금, 후추를 뿌려 밑간한다."
3OwIXlvjjyk,팔아도 되는 꿔바로우,4,"감자전분, 달걀물, 물을 섞어 튀김반죽을 만든다."
3OwIXlvjjyk,팔아도 되는 꿔바로우,5,기름을 170도 정도로 예열하고 돈등심에 반죽을 입힌다.
3OwIXlvjjyk,팔아도 되는 꿔바로우,6,예열된 기름에 넣어 2차 튀김 해준 후 기름을 뺀다.
3OwIXlvjjyk,팔아도 되는 꿔바로우,7,프라이팬에 식용유를 두르고 간 생강을 넣어 볶는다.
3OwIXlvjjyk,팔아도 되는 꿔바로우,8,"향이 올라오면 간장, 물, 설탕을 넣어 끓인다."
3OwIXlvjjyk,팔아도 되는 꿔바로우,9,"소스가 끓으면 레몬, 당근, 대파를 넣고 소스를 졸인다."
3OwIXlvjjyk,팔아도 되는 꿔바로우,10,소스가 살짝 농도 나게 졸여지면 튀긴 고기를 넣고 볶아 완성한다.
3Sokx1SQHR0,오늘은 '맛남의광장' 첫방하는 날! '영표국밥' 레시피 대 공개!! ㅣ 백종원의 쿠킹로그,1,표고버섯은 물 1.8L에 3시간 정도 불려 물기를 짜낸 후 편 썰어 준비한다.
3Sokx1SQHR0,오늘은 '맛남의광장' 첫방하는 날! '영표국밥' 레시피 대 공개!! ㅣ 백종원의 쿠킹로그,2,"대파는 반으로 갈라 3cm 정도로 썰고, 고명용은 송송 썰어 준비한다."
3Sokx1SQHR0,오늘은 '맛남의광장' 첫방하는 날! '영표국밥' 레시피 대 공개!! ㅣ 백종원의 쿠킹로그,3,양파는 채 썰고 돼지고기는 한 입 크기로 자른다.
3Sokx1SQHR0,오늘은 '맛남의광장' 첫방하는 날! '영표국밥' 레시피 대 공개!! ㅣ 백종원의 쿠킹로그,4,"냄비에 식용유, 참기름을 두르고 돼지고기를 넣어 볶는다."
3Sokx1SQHR0,오늘은 '맛남의광장' 첫방하는 날! '영표국밥' 레시피 대 공개!! ㅣ 백종원의 쿠킹로그,5,"고기의 겉면이 익으면 대파, 양파를 넣어 볶는다."
3Sokx1SQHR0,오늘은 '맛남의광장' 첫방하는 날! '영표국밥' 레시피 대 공개!! ㅣ 백종원의 쿠킹로그,6,대파와 양파가 숨이 죽으면 새우젓을 넣어 튀기듯이 볶는다.
3Sokx1SQHR0,오늘은 '맛남의광장' 첫방하는 날! '영표국밥' 레시피 대 공개!! ㅣ 백종원의 쿠킹로그,7,"불린 표고버섯, 국간장을 넣어 볶는다."
3Sokx1SQHR0,오늘은 '맛남의광장' 첫방하는 날! '영표국밥' 레시피 대 공개!! ㅣ 백종원의 쿠킹로그,8,골고루 볶아지면 고춧가루를 넣어 고추기름이 만들어지도록 볶아준다.
3Sokx1SQHR0,오늘은 '맛남의광장' 첫방하는 날! '영표국밥' 레시피 대 공개!! ㅣ 백종원의 쿠킹로그,9,"고추기름이 나오면 표고물, 간마늘, 후추를 넣어 중불로 줄여 끓인다."
3Sokx1SQHR0,오늘은 '맛남의광장' 첫방하는 날! '영표국밥' 레시피 대 공개!! ㅣ 백종원의 쿠킹로그,10,"끓어오르면 간을 본 후 소금, MSG를 넣어준다."
3Sokx1SQHR0,오늘은 '맛남의광장' 첫방하는 날! '영표국밥' 레시피 대 공개!! ㅣ 백종원의 쿠킹로그,11,완성 그릇에 밥을 담은 후 국을 담아준다.
3Sokx1SQHR0,오늘은 '맛남의광장' 첫방하는 날! '영표국밥' 레시피 대 공개!! ㅣ 백종원의 쿠킹로그,12,고명용 대파를 올려 완성한다.
3gQwydGHIG8,고기를 넣어 더 맛있는 감자조림! 든든한 밑반찬 만들어두세요~,1,소고기는 길이 4cm 먹기 좋은 크기로 잘라 준비한다.
3gQwydGHIG8,고기를 넣어 더 맛있는 감자조림! 든든한 밑반찬 만들어두세요~,2,감자는 사방 3cm 크기로 잘라 준비한다.
3gQwydGHIG8,고기를 넣어 더 맛있는 감자조림! 든든한 밑반찬 만들어두세요~,3,꽈리고추는 3~4등분으로 자르고 양파는 사방 2cm 깍둑썰기 한다.
3gQwydGHIG8,고기를 넣어 더 맛있는 감자조림! 든든한 밑반찬 만들어두세요~,4,"깊은 프라이팬이나 냄비에 감자, 소고기, 물, 황설탕, 물엿을 넣고 강불에 올린다."
3gQwydGHIG8,고기를 넣어 더 맛있는 감자조림! 든든한 밑반찬 만들어두세요~,5,* 크기가 큰 고기는 가위를 이용하여 자른다.
3gQwydGHIG8,고기를 넣어 더 맛있는 감자조림! 든든한 밑반찬 만들어두세요~,6,* 고기를 체에 밭친 후 흐르는 물에 가볍게 헹궈서 사용하면 국물을 깔끔하게 완성할 수 있다.
3gQwydGHIG8,고기를 넣어 더 맛있는 감자조림! 든든한 밑반찬 만들어두세요~,7,* 고기가 뭉치지 않도록 한 장씩 풀어준다.
3gQwydGHIG8,고기를 넣어 더 맛있는 감자조림! 든든한 밑반찬 만들어두세요~,9,"다시 끓어오르면 진간장, 간 마늘을 넣고 중불로 줄여 약 7~8분 정도 조린 후 불을 끄고 꽈리고추를 넣어 섞은 후 완성한다."
3gQwydGHIG8,고기를 넣어 더 맛있는 감자조림! 든든한 밑반찬 만들어두세요~,10,* 바로 먹는 경우를 제외하고 완성된 감자조림을 충분히 식힌 후 밀폐통에 담아 냉장보관한다.
3gQwydGHIG8,고기를 넣어 더 맛있는 감자조림! 든든한 밑반찬 만들어두세요~,11,* 완전히 으깨지는 정도의 감자를 원한다면 물을 추가하여 조리는 시간을 늘린다.
3p4xH_IZhH4,내 밥 어디갔어! 밥도둑 달걀장조림,1,"냄비에 물, 진간장, 황설탕, 물엿을 넣는다."
3p4xH_IZhH4,내 밥 어디갔어! 밥도둑 달걀장조림,2,강불로 켜고 저어가며 설탕을 녹인다.
3p4xH_IZhH4,내 밥 어디갔어! 밥도둑 달걀장조림,3,간장 물에 삶은 달걀을 넣어 약 30분 정도 끓인다.
3p4xH_IZhH4,내 밥 어디갔어! 밥도둑 달걀장조림,4,(시간과 관계없이 원하는 색이 날 정도까지 졸여도 무관하다.)
3p4xH_IZhH4,내 밥 어디갔어! 밥도둑 달걀장조림,5,꽈리고추는 이쑤시개를 이용해 3~4번 찔러 구멍을 낸다.
3p4xH_IZhH4,내 밥 어디갔어! 밥도둑 달걀장조림,6,마늘은 3~4등분 정도 크기로 편 썬다.
3p4xH_IZhH4,내 밥 어디갔어! 밥도둑 달걀장조림,7,청양고추는 1cm 정도 두께로 어슷 썬다.
3p4xH_IZhH4,내 밥 어디갔어! 밥도둑 달걀장조림,8,"약 30분이 지나면 꽈리고추, 마늘, 청양고추를 넣고 약 1분 정도 끓여 완성한다."
3p4xH_IZhH4,내 밥 어디갔어! 밥도둑 달걀장조림,9,완성한 달걀 장조림은 식혀서 밀폐 용기에 넣어 보관한다.
47OIcvpqxlo,김치전을 바삭바삭하게!,1,신 김치는 가위를 이용하여 잘게 자른다.
47OIcvpqxlo,김치전을 바삭바삭하게!,2,(신 김치가 아니면 양조식초를 넣어주면 된다.)
47OIcvpqxlo,김치전을 바삭바삭하게!,3,대파와 청양고추는 송송 썬다.
47OIcvpqxlo,김치전을 바삭바삭하게!,4,소시지는 최대한 얇게 편 썬다.
47OIcvpqxlo,김치전을 바삭바삭하게!,5,"큰 볼에 신 김치, 대파, 청양고추, 소시지를 넣고 섞는다."
47OIcvpqxlo,김치전을 바삭바삭하게!,6,"고운 고춧가루, 황설탕, 부침가루, 물을 넣어 뭉치지 않게 섞는다."
47OIcvpqxlo,김치전을 바삭바삭하게!,7,프라이팬을 달군 뒤 식용유를 넉넉히 두르고 반죽을 넣어 얇게 편다.
47OIcvpqxlo,김치전을 바삭바삭하게!,8,반죽이 익기 시작하면 팬을 돌려가며 기름이 김치전 안쪽으로 들어가게 한다.
47OIcvpqxlo,김치전을 바삭바삭하게!,9,가장자리 윗부분이 익기 시작하면 뒤집는다.
47OIcvpqxlo,김치전을 바삭바삭하게!,10,뒤집은 후 팬을 돌려가면서 부쳐주고 완전히 익으면 다시 한번 뒤집어 익힌 뒤 완성한다.
4LoyQQq2pgA,남은 땅콩버터로 여름을 준비해요! 땅콩버터비빔면,1,오이는 두께 0.3cm로 채 썰어 준비한다.
4LoyQQq2pgA,남은 땅콩버터로 여름을 준비해요! 땅콩버터비빔면,2,"믹서기에 땅콩버터, 진간장, 황설탕, 식초, 통깨, 물을 넣고 곱게 갈아 준비한다."
4LoyQQq2pgA,남은 땅콩버터로 여름을 준비해요! 땅콩버터비빔면,3,*기호에 맞게 물과 식초로 간을 조절한다.
4LoyQQq2pgA,남은 땅콩버터로 여름을 준비해요! 땅콩버터비빔면,4,끓는 물에 라면사리를 넣고 약 3분 30초 정도 삶아 찬물에 헹군다.
4LoyQQq2pgA,남은 땅콩버터로 여름을 준비해요! 땅콩버터비빔면,5,헹군 면은 체에 밭쳐 물기를 제거한 후 완성 그릇으로 옮겨 담는다.
4LoyQQq2pgA,남은 땅콩버터로 여름을 준비해요! 땅콩버터비빔면,6,"소스의 절반 양을 면 위에 부은 후 오이, 고추기름, 간 마늘, 참기름, 통깨를 올려 완성한다."
4LoyQQq2pgA,남은 땅콩버터로 여름을 준비해요! 땅콩버터비빔면,7,*소스의 양은 기호에 맞게 조절한다.
4QwUVgVoMSE,🧄마늘은 많이 많이!🧄알리오올리오 떡볶이,1,"마늘은 꼭지를 제거한 후 3개는 편 썰고, 나머지 7개는 칼 옆날로 으깬 후 굵게 다져 준비한다."
4QwUVgVoMSE,🧄마늘은 많이 많이!🧄알리오올리오 떡볶이,2,* 찌개용 간 마늘을 사용 하는 경우 키친타올에 수분을 제거한 후 사용한다.
4QwUVgVoMSE,🧄마늘은 많이 많이!🧄알리오올리오 떡볶이,3,건새우도 굵게 다져 준비한다.
4QwUVgVoMSE,🧄마늘은 많이 많이!🧄알리오올리오 떡볶이,4,대파는 길게 반 갈라 두께 0.5cm로 송송 썬다.
4QwUVgVoMSE,🧄마늘은 많이 많이!🧄알리오올리오 떡볶이,5,* 쪽파를 사용 할 경우 송송 썰어 준비한다.
4QwUVgVoMSE,🧄마늘은 많이 많이!🧄알리오올리오 떡볶이,6,"프라이팬을 중 불에 올린 후 올리브오일, 편마늘을 넣고 볶는다."
4QwUVgVoMSE,🧄마늘은 많이 많이!🧄알리오올리오 떡볶이,9,마늘이 노릇해지기 시작하면 건새우를 넣고 볶는다.
4QwUVgVoMSE,🧄마늘은 많이 많이!🧄알리오올리오 떡볶이,10,마늘이 전체적으로 노릇해지면 약 불로 줄인 후 떡볶이 떡을 넣고 잘 펼친다.
4QwUVgVoMSE,🧄마늘은 많이 많이!🧄알리오올리오 떡볶이,11,"꽃소금, 황설탕을 전체적으로 솔솔 뿌린 후 계속 섞어주면서 볶는다."
4QwUVgVoMSE,🧄마늘은 많이 많이!🧄알리오올리오 떡볶이,13,떡이 완전히 말랑말랑 해지면 그릇에 옮겨 담아 완성한다.
4SEy2py0W_w,초고추장 없이도 새콤달콤한 골뱅이 파채무침,1,골뱅이 캔을 딴 후 국물과 건더기를 체에 밭쳐 분리한다.
4SEy2py0W_w,초고추장 없이도 새콤달콤한 골뱅이 파채무침,2,골뱅이 큰 것은 ½로 자르고 작은 것은 그대로 준비한다.
4SEy2py0W_w,초고추장 없이도 새콤달콤한 골뱅이 파채무침,3,황태채는 5cm 정도 길이로 잘라 골뱅이 국물에 골고루 적셔 건져내어 불린다.
4SEy2py0W_w,초고추장 없이도 새콤달콤한 골뱅이 파채무침,4,파채는 가위를 이용하여 먹기 좋은 길이로 자른다.
4SEy2py0W_w,초고추장 없이도 새콤달콤한 골뱅이 파채무침,5,"넓은 볼에 골뱅이, 황설탕, 식초, 굵은 고춧가루, 간 마늘, 꽃소금, 불린황태채를 넣어 조물조물 섞는다."
4SEy2py0W_w,초고추장 없이도 새콤달콤한 골뱅이 파채무침,6,파채를 넣고 숨이 죽지 않게 버무려서 완성 접시에 옮겨 담는다.
4SEy2py0W_w,초고추장 없이도 새콤달콤한 골뱅이 파채무침,7,(기호에 맞게 양념을 추가해 무쳐 준다.)
4TnaTTg1R_Q,바지락볶음에 막걸리를 넣어 보셨나요?,1,* 기본 버전
4TnaTTg1R_Q,바지락볶음에 막걸리를 넣어 보셨나요?,2,바지락은 소금물에 해감하여 준비한다.
4TnaTTg1R_Q,바지락볶음에 막걸리를 넣어 보셨나요?,3,마늘은 꼭지를 제거한 후 굵게 다지고 대파는 송송 썰어 준비한다.
4TnaTTg1R_Q,바지락볶음에 막걸리를 넣어 보셨나요?,4,"깊은 팬에 식용유를 두르고 마늘, 사천고추를 넣어 볶는다."
4TnaTTg1R_Q,바지락볶음에 막걸리를 넣어 보셨나요?,5,마늘이 노릇하게 익으면 바지락을 넣고 뚜껑을 덮어 익힌다.
4TnaTTg1R_Q,바지락볶음에 막걸리를 넣어 보셨나요?,6,바지락이 입을 열면 뚜껑을 열고 대파를 넣어 완성한다.
4TnaTTg1R_Q,바지락볶음에 막걸리를 넣어 보셨나요?,7,* 막걸리 응용 버전
4TnaTTg1R_Q,바지락볶음에 막걸리를 넣어 보셨나요?,8,"마늘이 노릇하게 익으면 바지락, 막걸리를 넣고 뚜껑을 덮어 익힌다."
4TnaTTg1R_Q,바지락볶음에 막걸리를 넣어 보셨나요?,9,바지락이 입을 열기 시작하면 버터를 넣고 뚜껑을 덮어 익힌다.
4TnaTTg1R_Q,바지락볶음에 막걸리를 넣어 보셨나요?,10,바지락이 익으면 간을 보고 기호에 맞게 소금을 넣어 간한다.
4TnaTTg1R_Q,바지락볶음에 막걸리를 넣어 보셨나요?,11,대파를 송송 썰어 넣고 완성한다.
4TnaTTg1R_Q,바지락볶음에 막걸리를 넣어 보셨나요?,12,* 청하 응용 버전
4TnaTTg1R_Q,바지락볶음에 막걸리를 넣어 보셨나요?,13,"마늘이 노릇하게 익으면 바지락, 청하를 넣고 뚜껑을 덮어 익힌다."
4TnaTTg1R_Q,바지락볶음에 막걸리를 넣어 보셨나요?,14,바지락이 입을 열면 불을 끄고 완성한다.
4WEhZLQ37Fk,[ENG] 감자채전의 색다른 버전! '새둥지전'입니다.,1,감자는 껍질을 벗겨 얇게 채 썰어 준비한다.
4WEhZLQ37Fk,[ENG] 감자채전의 색다른 버전! '새둥지전'입니다.,2,소시지도 감자에 맞춰 채 썰어 준비한다.
4WEhZLQ37Fk,[ENG] 감자채전의 색다른 버전! '새둥지전'입니다.,3,"볼에 감자채와 꽃소금을 넣고 주물러 준 후, 소시지를 넣고 섞어준다."
4WEhZLQ37Fk,[ENG] 감자채전의 색다른 버전! '새둥지전'입니다.,4,팬에 식용유 두르고 감자와 소시지를 볶아준다.
4WEhZLQ37Fk,[ENG] 감자채전의 색다른 버전! '새둥지전'입니다.,5,감자가 익을 때쯤 불을 약불로 맞추고 달걀 개수만큼 감자 사이 빈 공간을 만들어 준다.
4WEhZLQ37Fk,[ENG] 감자채전의 색다른 버전! '새둥지전'입니다.,6,"빈 공간에 식용유를 살짝 두르고 달걀을 깨준 후, 달걀에 맛소금을 기호에 맞게 살짝 뿌려준다."
4WEhZLQ37Fk,[ENG] 감자채전의 색다른 버전! '새둥지전'입니다.,7,"팬 가장자리에 식용유를 한 번 더 살짝 둘러주고, 뚜껑을 덮어 계란을 천천히 익혀준다."
4WEhZLQ37Fk,[ENG] 감자채전의 색다른 버전! '새둥지전'입니다.,8,달걀 겉면이 익었을 때 뚜껑을 열고 식용유를 살짝 두르고 중불로 맞춰 밑면이 바삭하게 충분히 구워준다.
4WEhZLQ37Fk,[ENG] 감자채전의 색다른 버전! '새둥지전'입니다.,9,밑면에 색이 노릇하게 나면 접시에 담아 파슬리가루와 후춧가루를 뿌려 완성한다.
5-a5CPASYBc,달걀로 만두를 어떻게 만들지??,1,팀원 여러분들 설이 코앞으로 다가왔습니다
5-a5CPASYBc,달걀로 만두를 어떻게 만들지??,2,떡국은 그동안 많이 보셨을 것 같아서
5-a5CPASYBc,달걀로 만두를 어떻게 만들지??,3,이번에 '달걀만두'를 준비해 봤는데요!
5-a5CPASYBc,달걀로 만두를 어떻게 만들지??,4,이거 진짜 간단한데 맛있으니까 한 번 따라 해보세요!
5-a5CPASYBc,달걀로 만두를 어떻게 만들지??,5,당면은 냄비에 담고 당면이 충분히 잠길 정도의 물을 넣는다.
5-a5CPASYBc,달걀로 만두를 어떻게 만들지??,6,강불로 켜고 8분간 삶는다.
5-a5CPASYBc,달걀로 만두를 어떻게 만들지??,7,* 불린 당면을 사용할 경우 끓는 물에 넣고 약 2분간 삶는다
5-a5CPASYBc,달걀로 만두를 어떻게 만들지??,8,청양고추는 꼭지를 제거한 후 길게 4등분으로 갈라 다지듯이 잘게 썬다.
5-a5CPASYBc,달걀로 만두를 어떻게 만들지??,9,당근은 다지듯이 잘게 썬다.
5-a5CPASYBc,달걀로 만두를 어떻게 만들지??,10,대파는 길게 반 갈라 다지듯이 잘게 썬다.
5-a5CPASYBc,달걀로 만두를 어떻게 만들지??,11,큰 볼에 썰어둔 채소와 달걀을 넣고 잘 풀어준다.
5-a5CPASYBc,달걀로 만두를 어떻게 만들지??,12,"달걀 반죽에 꽃소금, 참기름, 후춧가루를 넣고 섞는다."
5-a5CPASYBc,달걀로 만두를 어떻게 만들지??,13,"삶은 당면은 체에 밭쳐 물기를 빼고 볼에 담은 후 진간장, 황설탕을 넣어 밑간하고 가위로 잘게 자른다."
5-a5CPASYBc,달걀로 만두를 어떻게 만들지??,14,달걀 반죽에 밑간 한 당면을 넣고 섞는다.
5-a5CPASYBc,달걀로 만두를 어떻게 만들지??,15,* 당면이 너무 뜨거우면 달걀이 익을 수 있기 때문에 살짝 식혀서 넣는다
5-a5CPASYBc,달걀로 만두를 어떻게 만들지??,16,팬에 식용유를 두르고 불을 켠 후 달궈지면 불을 중약불로 줄이고 달걀 반죽을 2큰술씩 떠 넣어 둥근 모양으로 펴준다.
5-a5CPASYBc,달걀로 만두를 어떻게 만들지??,17,가장자리가 익으면 반으로 접어 반달 모양으로 만든다.
5-a5CPASYBc,달걀로 만두를 어떻게 만들지??,18,앞뒤 노릇하게 부친 후 접시에 담아 완성한다.
5-a5CPASYBc,달걀로 만두를 어떻게 만들지??,19,* 기호에 따라 초간장 또는 케첩을 찍어 먹으면 된다
5UVURwno_jA,"크림 없이 크림새우, 어떻게 만들까요? 재료 간단, 만드는 법은 더 간단!",1,*새우튀김
5UVURwno_jA,"크림 없이 크림새우, 어떻게 만들까요? 재료 간단, 만드는 법은 더 간단!",2,새우는 물주머니(물총)를 제거하여 준비한다.
5UVURwno_jA,"크림 없이 크림새우, 어떻게 만들까요? 재료 간단, 만드는 법은 더 간단!",3,* 껍질새우는 머리를 뜯어낸 후 꼬리 쪽부터 껍질을 제거하고 물주머니(물총)를 제거한다.
5UVURwno_jA,"크림 없이 크림새우, 어떻게 만들까요? 재료 간단, 만드는 법은 더 간단!",4,* 등 쪽에 내장이 있는 새우는 이쑤시개를 1/4 위치에 찔러 넣어 위쪽으로 당겨 내장을 뽑아낸다.
5UVURwno_jA,"크림 없이 크림새우, 어떻게 만들까요? 재료 간단, 만드는 법은 더 간단!",5,튀김가루와 물을 깊은 볼에 넣고 잘 풀어 튀김 반죽을 준비한다.
5UVURwno_jA,"크림 없이 크림새우, 어떻게 만들까요? 재료 간단, 만드는 법은 더 간단!",6,반죽에 새우를 넣고 골고루 묻힌다.
5UVURwno_jA,"크림 없이 크림새우, 어떻게 만들까요? 재료 간단, 만드는 법은 더 간단!",7,깊은 프라이팬에 식용유를 넣고 강 불에 예열한다.
5UVURwno_jA,"크림 없이 크림새우, 어떻게 만들까요? 재료 간단, 만드는 법은 더 간단!",8,기름이 예열되면 반죽물 입힌 새우를 넣고 약 3분 정도 튀긴 후 건져내어 기름을 뺀다.
5UVURwno_jA,"크림 없이 크림새우, 어떻게 만들까요? 재료 간단, 만드는 법은 더 간단!",9,* 튀김반죽을 떨어트려 2~3초 후에 올라오는 온도가 적당하다.
5UVURwno_jA,"크림 없이 크림새우, 어떻게 만들까요? 재료 간단, 만드는 법은 더 간단!",10,한번 튀겨 둔 새우를 다시 한번 기름에 넣고 약 30초 정도 더 튀겨 새우튀김을 완성한다.
5UVURwno_jA,"크림 없이 크림새우, 어떻게 만들까요? 재료 간단, 만드는 법은 더 간단!",11,* 튀김 색에 따라 튀기는 시간을 조절한다.
5UVURwno_jA,"크림 없이 크림새우, 어떻게 만들까요? 재료 간단, 만드는 법은 더 간단!",12,*크림소스
5UVURwno_jA,"크림 없이 크림새우, 어떻게 만들까요? 재료 간단, 만드는 법은 더 간단!",13,"프라이팬을 약 불에 올린 후 황설탕, 식초를 넣고 잘 저어가며 황설탕을 녹인다."
5UVURwno_jA,"크림 없이 크림새우, 어떻게 만들까요? 재료 간단, 만드는 법은 더 간단!",14,황설탕이 녹으면 불을 끄고 살짝 식힌 후 마요네즈를 넣고 골고루 섞어 크림소스를 만든다.
5UVURwno_jA,"크림 없이 크림새우, 어떻게 만들까요? 재료 간단, 만드는 법은 더 간단!",15,* 너무 뜨거운 상태에서 마요네즈를 넣으면 농도가 풀어질 수 있으니 주의한다.
5UVURwno_jA,"크림 없이 크림새우, 어떻게 만들까요? 재료 간단, 만드는 법은 더 간단!",16,튀긴 새우를 크림소스에 넣고 전체적으로 버무려 완성한다.
5UVURwno_jA,"크림 없이 크림새우, 어떻게 만들까요? 재료 간단, 만드는 법은 더 간단!",18,접시에 양상추를 큼직하게 뜯어 한쪽에 올린 후 크림새우를 담아 완성한다.
5eQ1rf642QI,김치볶음 끝내주는 두부김치! 술 안주로도 제격ㅎㅎㅎ | 백종원의 백종원 레시피,1,프라이팬에 삼겹살을 한장 한장 펼치고 황설탕을 뿌려 노릇하게 굽는다.
5eQ1rf642QI,김치볶음 끝내주는 두부김치! 술 안주로도 제격ㅎㅎㅎ | 백종원의 백종원 레시피,2,"삼겹살이 구워지면 물을 넣고 굵은고춧가루, 간마늘, 간장을 넣어 끓인다."
5eQ1rf642QI,김치볶음 끝내주는 두부김치! 술 안주로도 제격ㅎㅎㅎ | 백종원의 백종원 레시피,3,전체적으로 양념이 섞이면 김치를 넣어 볶아준다.
5eQ1rf642QI,김치볶음 끝내주는 두부김치! 술 안주로도 제격ㅎㅎㅎ | 백종원의 백종원 레시피,4,"양파, 당근을 넣어 살짝 볶은 후 청고추, 홍고추, 대파를 넣고 불을 끈다."
5eQ1rf642QI,김치볶음 끝내주는 두부김치! 술 안주로도 제격ㅎㅎㅎ | 백종원의 백종원 레시피,5,골고루 섞은 후 참기름을 뿌려 섞는다.
5eQ1rf642QI,김치볶음 끝내주는 두부김치! 술 안주로도 제격ㅎㅎㅎ | 백종원의 백종원 레시피,6,끓는물에 참기름을 넣고 두부를 통으로 데쳐낸다.
5eQ1rf642QI,김치볶음 끝내주는 두부김치! 술 안주로도 제격ㅎㅎㅎ | 백종원의 백종원 레시피,7,접시에 두부를 담고 먹기 좋게 썰어준다.
5eQ1rf642QI,김치볶음 끝내주는 두부김치! 술 안주로도 제격ㅎㅎㅎ | 백종원의 백종원 레시피,8,한 쪽에 볶은 김치를 담고 깨소금을 뿌려 완성한다.
5iRPP3nqCJE,소스가 핵심! 돼지고기 덮밥,1,* 돼지고기덮밥
5iRPP3nqCJE,소스가 핵심! 돼지고기 덮밥,2,덮밥용 양파는 굵게 다져 준비한다.
5iRPP3nqCJE,소스가 핵심! 돼지고기 덮밥,3,깻잎은 돌돌 말아 가늘게 채 썰어준다.
5iRPP3nqCJE,소스가 핵심! 돼지고기 덮밥,4,뒷다리살은 작은크기로 썰어 준비한다.
5iRPP3nqCJE,소스가 핵심! 돼지고기 덮밥,5,"냄비에 뒷다리살,진간장,황설탕,다진양파,굴소스,노두유,물을 넣어 끓인다."
5iRPP3nqCJE,소스가 핵심! 돼지고기 덮밥,6,끓으면 불을 중불로 줄여 3시간정도 졸여준다.
5iRPP3nqCJE,소스가 핵심! 돼지고기 덮밥,7,( 중간에 물이 부족할 때마다 물을 보충하여 준다.
5iRPP3nqCJE,소스가 핵심! 돼지고기 덮밥,10,"완성그릇에 밥을 담고 돼지고기조림, 깻잎을 올려 마무리한다."
5iRPP3nqCJE,소스가 핵심! 돼지고기 덮밥,11,*덮밥 소스
5iRPP3nqCJE,소스가 핵심! 돼지고기 덮밥,12,"양파,마늘,홍고추,청양고추는 잘게 다져 준비한다."
5iRPP3nqCJE,소스가 핵심! 돼지고기 덮밥,13,"식초,액젓,설탕을 한데 섞어 설탕을 녹여준다."
5iRPP3nqCJE,소스가 핵심! 돼지고기 덮밥,14,다져 둔 채소를 소스에 넣고 섞어 완성한다.
6AmBDFIJRE8,[ENG] 집에서 먹는 신림동st 백순대볶음!,1,당면은 미리 찬물에 불려 준비한다.
6AmBDFIJRE8,[ENG] 집에서 먹는 신림동st 백순대볶음!,2,"대파는 반 갈라 5cm 길이로, 양파는 두께 있게 썰어준다."
6AmBDFIJRE8,[ENG] 집에서 먹는 신림동st 백순대볶음!,3,"새송이버섯, 당근은 반 갈라 편으로 썰어주고, 양배추는 한입 크기로 자른다."
6AmBDFIJRE8,[ENG] 집에서 먹는 신림동st 백순대볶음!,4,"청양고추, 마늘은 큼직하게 썰어주고, 깻잎은 두껍게 채 썰어 풀어준다."
6AmBDFIJRE8,[ENG] 집에서 먹는 신림동st 백순대볶음!,5,순대는 두께 있게 썰어준다.
6AmBDFIJRE8,[ENG] 집에서 먹는 신림동st 백순대볶음!,6,팬에 식용유를 두르고 마늘을 노릇하게 색을 내준다.
6AmBDFIJRE8,[ENG] 집에서 먹는 신림동st 백순대볶음!,8,"볶아지면 양배추, 새송이버섯, 당근을 넣고 물을 살짝 넣어 볶아준다."
6AmBDFIJRE8,[ENG] 집에서 먹는 신림동st 백순대볶음!,9,설탕과 소금을 넣어 감칠맛과 밑간을 준다.
6AmBDFIJRE8,[ENG] 집에서 먹는 신림동st 백순대볶음!,10,불린 당면을 팬 한쪽에 넣고 물을 살짝 넣어 볶아준다.
6AmBDFIJRE8,[ENG] 집에서 먹는 신림동st 백순대볶음!,11,"청양고추, 깻잎을 넣어주고 그 위에 들깻가루, 들기름을 넣어준다."
6AmBDFIJRE8,[ENG] 집에서 먹는 신림동st 백순대볶음!,12,"완성된 백순대 볶음에 후춧가루, 깨소금으로 마무리한다."
6AmBDFIJRE8,[ENG] 집에서 먹는 신림동st 백순대볶음!,13,[소스 만드는 법]
6AmBDFIJRE8,[ENG] 집에서 먹는 신림동st 백순대볶음!,14,"초고추장, 간 마늘, 들깻가루, 들기름, 된장, 물을 넣어 섞어준다."
6e-IbuuD6ZU,초간단 1분 라볶이,1,대파는 송송 썰어 준비한다.
6e-IbuuD6ZU,초간단 1분 라볶이,2,"냄비에 물, 분말수프(1/2~2/3), 건더기수프, 설탕, 고추장을 넣고 풀어주며 끓인다."
6e-IbuuD6ZU,초간단 1분 라볶이,3,(분말수프의 양은 기호에 맞게 조절한다.)
6e-IbuuD6ZU,초간단 1분 라볶이,4,육수가 끓으면 면을 넣고 끓인다.
6e-IbuuD6ZU,초간단 1분 라볶이,5,면이 완전히 풀어지면 대파를 넣고 1분정도 더 끓인다.
6e-IbuuD6ZU,초간단 1분 라볶이,6,물이 졸아들고 면이 익으면 불을 끄고 그릇에 담아 완성한다.
6jCf19GzNcY,"터키 갔다 먹고 온 고등어케밥, 한국 와서 훨씬 더 맛있게 만들어 봤습니다. ㅣ 백종원의 쿠킹로그",1,[ 고등어 케밥 ]
6jCf19GzNcY,"터키 갔다 먹고 온 고등어케밥, 한국 와서 훨씬 더 맛있게 만들어 봤습니다. ㅣ 백종원의 쿠킹로그",2,"양상추, 양파는 가늘게 채 썰어 섞어둔다."
6jCf19GzNcY,"터키 갔다 먹고 온 고등어케밥, 한국 와서 훨씬 더 맛있게 만들어 봤습니다. ㅣ 백종원의 쿠킹로그",3,바게트는 5등분 하여 반으로 가른다.
6jCf19GzNcY,"터키 갔다 먹고 온 고등어케밥, 한국 와서 훨씬 더 맛있게 만들어 봤습니다. ㅣ 백종원의 쿠킹로그",4,고등어 통조림은 체에 밭쳐 물기를 제거하여 준비한다.
6jCf19GzNcY,"터키 갔다 먹고 온 고등어케밥, 한국 와서 훨씬 더 맛있게 만들어 봤습니다. ㅣ 백종원의 쿠킹로그",5,밀가루를 넓은 쟁반에 펼친 후 수분기가 제거된 고등어에 골고루 묻혀준다.
6jCf19GzNcY,"터키 갔다 먹고 온 고등어케밥, 한국 와서 훨씬 더 맛있게 만들어 봤습니다. ㅣ 백종원의 쿠킹로그",6,프라이팬에 기름을 두르고 밀가루 묻힌 고등어를 중불에서 노릇하게 튀겨낸다.
6jCf19GzNcY,"터키 갔다 먹고 온 고등어케밥, 한국 와서 훨씬 더 맛있게 만들어 봤습니다. ㅣ 백종원의 쿠킹로그",7,"바게트 안에 양상추, 양파를 넣고 튀긴 고등어를 넣은 후 소금을 뿌린다."
6jCf19GzNcY,"터키 갔다 먹고 온 고등어케밥, 한국 와서 훨씬 더 맛있게 만들어 봤습니다. ㅣ 백종원의 쿠킹로그",8,기호에 따라 레몬즙이나 타르타르 소스를 곁들여 먹는다.
6jCf19GzNcY,"터키 갔다 먹고 온 고등어케밥, 한국 와서 훨씬 더 맛있게 만들어 봤습니다. ㅣ 백종원의 쿠킹로그",9,[ 타르타르 소스 ]
6jCf19GzNcY,"터키 갔다 먹고 온 고등어케밥, 한국 와서 훨씬 더 맛있게 만들어 봤습니다. ㅣ 백종원의 쿠킹로그",10,"양파, 단무지는 잘게 다져 준비한다."
6jCf19GzNcY,"터키 갔다 먹고 온 고등어케밥, 한국 와서 훨씬 더 맛있게 만들어 봤습니다. ㅣ 백종원의 쿠킹로그",11,삶은 달걀은 손으로 으깬 뒤 가위를 사용하여 다시 한번 골고루 잘라준다.
6jCf19GzNcY,"터키 갔다 먹고 온 고등어케밥, 한국 와서 훨씬 더 맛있게 만들어 봤습니다. ㅣ 백종원의 쿠킹로그",12,"마요네즈에 다진 양파, 으깬 달걀, 다진 단무지, 후추, 소금, 황설탕, 식초, 레몬즙을 섞어 타르타르 소스를 만든다."
6lcrq5D_63o,고깃집 된장찌개 부럽지 않은 봄맞이 냉이된장라면,1,냉이는 깨끗하게 세척하여 준비한다.
6lcrq5D_63o,고깃집 된장찌개 부럽지 않은 봄맞이 냉이된장라면,2,*손질이 안 된 냉이는 뿌리와 잎 경계 부분의 흙을 잘 긁어낸다.
6lcrq5D_63o,고깃집 된장찌개 부럽지 않은 봄맞이 냉이된장라면,3,*흙이 많은 냉이는 물에 담궈 놨다가 세척한다.
6lcrq5D_63o,고깃집 된장찌개 부럽지 않은 봄맞이 냉이된장라면,4,*크기가 큰 냉이는 반 가르거나 3cm 정도 길이로 잘라 사용한다.
6lcrq5D_63o,고깃집 된장찌개 부럽지 않은 봄맞이 냉이된장라면,5,"청양고추, 대파는 두께 0.3cm로 송송 썰어 준비한다."
6lcrq5D_63o,고깃집 된장찌개 부럽지 않은 봄맞이 냉이된장라면,6,냄비에 정수물을 넣고 된장을 잘 풀어 넣은 후 강불에 올린다.
6lcrq5D_63o,고깃집 된장찌개 부럽지 않은 봄맞이 냉이된장라면,7,*기호에 맞게 된장의 양을 1/3큰술로 줄여서 사용해도 좋다.
6lcrq5D_63o,고깃집 된장찌개 부럽지 않은 봄맞이 냉이된장라면,8,물이 끓으면 라면수프를 넣은 후 면을 넣는다.
6lcrq5D_63o,고깃집 된장찌개 부럽지 않은 봄맞이 냉이된장라면,10,"면이 전체적으로 한 가닥씩 풀리면 대파, 청양고추를 넣고 약 1분 정도 더 끓인 후 완성한다."
78AQ-ten9lE,물 끓이는 시간보다 만드는 시간이 더 빨라요~ 90초 볶음라면!,1,냄비에 정수물을 넣고 강 불에 올려 면 삶을 물을 끓인다.
78AQ-ten9lE,물 끓이는 시간보다 만드는 시간이 더 빨라요~ 90초 볶음라면!,2,물이 끓기 시작하면 면을 넣고 삶는다.
78AQ-ten9lE,물 끓이는 시간보다 만드는 시간이 더 빨라요~ 90초 볶음라면!,3,면을 넣은 후 프라이팬을 준비하여 강불에 올리고 식용유를 넣는다.
78AQ-ten9lE,물 끓이는 시간보다 만드는 시간이 더 빨라요~ 90초 볶음라면!,4,프라이팬에 달걀을 넣고 익기 시작하면 주걱으로 달걀을 휘저어가며 익힌다.
78AQ-ten9lE,물 끓이는 시간보다 만드는 시간이 더 빨라요~ 90초 볶음라면!,6,건더기수프가 골고루 섞이면 가루수프 2/3봉지를 넣고 골고루 볶는다.
78AQ-ten9lE,물 끓이는 시간보다 만드는 시간이 더 빨라요~ 90초 볶음라면!,7,* 달걀을 2개 사용 할 경우 라면수프 한 봉지 모두 사용해도 좋다.
78AQ-ten9lE,물 끓이는 시간보다 만드는 시간이 더 빨라요~ 90초 볶음라면!,8,삶은 면을 건져 프라이팬에 넣고 양념이 뭉치지 않도록 전체적으로 잘 섞어가며 볶아 완성한다.
7NAnzqvOhaY,파브리 이탈리아 가면 돌 맞는 거 아냐?,1,우리 파브리… 내가 정말 아끼는 친군데
7NAnzqvOhaY,파브리 이탈리아 가면 돌 맞는 거 아냐?,3,아이스 아메리카노 먹고 기분 풀어~😉
7S9VN54ldnU,[ENG] 직접 만든 짜장소스로 짜장떡볶이를 간단하게~,1,양파와 대파는 잘게 썰어 준다.
7S9VN54ldnU,[ENG] 직접 만든 짜장소스로 짜장떡볶이를 간단하게~,2,팬에 식용유를 두르고 대파를 넣고 수분이 날아갈 때까지 볶아준다.
7S9VN54ldnU,[ENG] 직접 만든 짜장소스로 짜장떡볶이를 간단하게~,3,파 기름 향이 올라오면 양파를 넣어 수분을 완전히 날려주고 노릇해질 때까지 볶아준다.
7S9VN54ldnU,[ENG] 직접 만든 짜장소스로 짜장떡볶이를 간단하게~,4,다진 돼지고기를 넣어 뭉치지 않게 풀어주며 볶아준다.
7S9VN54ldnU,[ENG] 직접 만든 짜장소스로 짜장떡볶이를 간단하게~,5,돼지고기가 적당히 익으면 간 생강을 넣어준다.
7S9VN54ldnU,[ENG] 직접 만든 짜장소스로 짜장떡볶이를 간단하게~,6,"팬 한쪽에 진간장, 굴 소스를 넣고 눌어지도록 볶아주고, 설탕을 넣어준다."
7S9VN54ldnU,[ENG] 직접 만든 짜장소스로 짜장떡볶이를 간단하게~,7,춘장을 넣고 중불로 바닥이 눋지 않도록 계속 저어주며 튀겨 완성한다.
7S9VN54ldnU,[ENG] 직접 만든 짜장소스로 짜장떡볶이를 간단하게~,8,(깊은 맛을 원한다면 개인 취향에 맞게 MSG를 넣어준다.)
7S9VN54ldnU,[ENG] 직접 만든 짜장소스로 짜장떡볶이를 간단하게~,9,밀폐용기에 담아 식혀서 냉장 보관한다.
7S9VN54ldnU,[ENG] 직접 만든 짜장소스로 짜장떡볶이를 간단하게~,10,짜장 떡볶이
7S9VN54ldnU,[ENG] 직접 만든 짜장소스로 짜장떡볶이를 간단하게~,11,"대파는 송송 썰어 준비하고, 어묵은 먹기 좋은 크기로 잘라준다."
7S9VN54ldnU,[ENG] 직접 만든 짜장소스로 짜장떡볶이를 간단하게~,12,"팬에 물, 고추장, 설탕, 짜장 소스를 넣고 풀어준다."
7S9VN54ldnU,[ENG] 직접 만든 짜장소스로 짜장떡볶이를 간단하게~,13,떡볶이 떡과 삶은 달걀을 넣고 끓여준다.
7S9VN54ldnU,[ENG] 직접 만든 짜장소스로 짜장떡볶이를 간단하게~,14,떡이 적당히 익으면 대파를 넣어준다.
7S9VN54ldnU,[ENG] 직접 만든 짜장소스로 짜장떡볶이를 간단하게~,15,마지막에 어묵을 넣고 끓여 간을 맞춰 완성한다.
7S9VN54ldnU,[ENG] 직접 만든 짜장소스로 짜장떡볶이를 간단하게~,16,(만능 짜장 소스를 이용하여 간을 맞춰준다.)
7ThPQ-Wiw0Q,올라프코죽🥕⛄️,1,당근을 사방 2cm 길이로 자른다.
7ThPQ-Wiw0Q,올라프코죽🥕⛄️,2,"냄비에 물, 자른 당근을 넣고 물이 끓어오르면 5분 정도 삶아 식힌다."
7ThPQ-Wiw0Q,올라프코죽🥕⛄️,4,당근이 곱게 갈아지면 냄비에 부어 중약불에서 저어가며 끓여준다.
7ThPQ-Wiw0Q,올라프코죽🥕⛄️,5,습식 쌀가루와 물을 섞어둔다.
7ThPQ-Wiw0Q,올라프코죽🥕⛄️,6,농도가 잡히기 시작하면 만들어 둔 쌀가루물을 넣어 농도를 맞춘다.
7ThPQ-Wiw0Q,올라프코죽🥕⛄️,7,농도가 맞춰지면 꽃소금으로 간한다.
7ThPQ-Wiw0Q,올라프코죽🥕⛄️,8,완성 그릇에 당근 죽을 담고 통단팥을 올려 마무리한다.
7VNH9Fvvus0,누구나 100% 성공하는 햄감자채볶음! 요즘 이거 때문에 밥 거덜 납니다,1,"감자는 약 길이6cm, 두께0.5cm로 채 썰어 준비한다."
7VNH9Fvvus0,누구나 100% 성공하는 햄감자채볶음! 요즘 이거 때문에 밥 거덜 납니다,2,* 칼질이 힘들다면 채칼을 이용해도 좋다.
7VNH9Fvvus0,누구나 100% 성공하는 햄감자채볶음! 요즘 이거 때문에 밥 거덜 납니다,3,"당근은 약 길이4cm, 두께 0.2cm로 채 썰고, 양파는 두께0.3cm로 채 썬다."
7VNH9Fvvus0,누구나 100% 성공하는 햄감자채볶음! 요즘 이거 때문에 밥 거덜 납니다,4,대파는 두께 0.3cm로 어슷 썰어 준비한다.
7VNH9Fvvus0,누구나 100% 성공하는 햄감자채볶음! 요즘 이거 때문에 밥 거덜 납니다,5,"통조림 햄은 길이4cm, 두께 0.6cm 정도로 채 썰어 준비한다."
7VNH9Fvvus0,누구나 100% 성공하는 햄감자채볶음! 요즘 이거 때문에 밥 거덜 납니다,6,깊은 프라이팬 또는 냄비에 정수물을 넣고 끓어 오르면 채 썬 감자를 넣고 약 1분 데친다.
7VNH9Fvvus0,누구나 100% 성공하는 햄감자채볶음! 요즘 이거 때문에 밥 거덜 납니다,7,* 감자를 데치지 않을 경우 물에 담가 전분기를 제거한 후 사용해야 볶을 때 부숴지지 않는다.
7VNH9Fvvus0,누구나 100% 성공하는 햄감자채볶음! 요즘 이거 때문에 밥 거덜 납니다,8,* 물양은 프라이팬 또는 냄비 사이즈에 맞춰 조절한다.
7VNH9Fvvus0,누구나 100% 성공하는 햄감자채볶음! 요즘 이거 때문에 밥 거덜 납니다,9,* 데치는 시간은 감자 두께에 따라 조절한다.
7VNH9Fvvus0,누구나 100% 성공하는 햄감자채볶음! 요즘 이거 때문에 밥 거덜 납니다,10,데친 감자는 체에 밭쳐 물기를 제거한다.
7VNH9Fvvus0,누구나 100% 성공하는 햄감자채볶음! 요즘 이거 때문에 밥 거덜 납니다,11,프라이팬에 식용유를 두른 후 채 썬 통조림 햄을 넣고 중불에서 노릇하게 굽는다.
7VNH9Fvvus0,누구나 100% 성공하는 햄감자채볶음! 요즘 이거 때문에 밥 거덜 납니다,12,* 기름진 감자채볶음을 좋아한다면 식용유 양을 늘려서 사용해도 좋다.
7VNH9Fvvus0,누구나 100% 성공하는 햄감자채볶음! 요즘 이거 때문에 밥 거덜 납니다,13,* 햄을 충분히 노릇하게 구워야 으깨지지 않는다.
7VNH9Fvvus0,누구나 100% 성공하는 햄감자채볶음! 요즘 이거 때문에 밥 거덜 납니다,14,"양파를 넣어 기름에 살짝 볶고 강불로 킨 후 감자, 당근, 꽃소금,후추가루를 넣고 볶는다."
7VNH9Fvvus0,누구나 100% 성공하는 햄감자채볶음! 요즘 이거 때문에 밥 거덜 납니다,15,감자가 알맞게 익으면 대파를 넣고 볶은후 접시에 담아 완성한다.
7anwbJ0ZEyA,"이거 보면 호불호 없습니다. 남은 '전'으로 끓이는 '전 찌개', 죽탕 같은 찌개가 아닙니다. ㅣ 백종원의 쿠킹로그",1,무는 사방 3cm 정도로 편 썰기 하고 양파는 굵게 채 썬다.
7anwbJ0ZEyA,"이거 보면 호불호 없습니다. 남은 '전'으로 끓이는 '전 찌개', 죽탕 같은 찌개가 아닙니다. ㅣ 백종원의 쿠킹로그",2,대파는 0.5cm 정도로 두껍게 송송 썰어 준비한다.
7anwbJ0ZEyA,"이거 보면 호불호 없습니다. 남은 '전'으로 끓이는 '전 찌개', 죽탕 같은 찌개가 아닙니다. ㅣ 백종원의 쿠킹로그",3,"청양고추, 홍고추는 줄기를 제거하고 어슷하게 썰어준다."
7anwbJ0ZEyA,"이거 보면 호불호 없습니다. 남은 '전'으로 끓이는 '전 찌개', 죽탕 같은 찌개가 아닙니다. ㅣ 백종원의 쿠킹로그",4,낮은 냄비에 무와 쌀뜨물 2.5컵을 넣고 중불에서 끓인다.
7anwbJ0ZEyA,"이거 보면 호불호 없습니다. 남은 '전'으로 끓이는 '전 찌개', 죽탕 같은 찌개가 아닙니다. ㅣ 백종원의 쿠킹로그",5,전은 한 입 크기로 먹기 좋게 자른다.
7anwbJ0ZEyA,"이거 보면 호불호 없습니다. 남은 '전'으로 끓이는 '전 찌개', 죽탕 같은 찌개가 아닙니다. ㅣ 백종원의 쿠킹로그",6,무가 익으면 불을 끄고 전을 돌려 담고 쌀뜨물 1컵을 추가하여 약불에서 끓인다.
7anwbJ0ZEyA,"이거 보면 호불호 없습니다. 남은 '전'으로 끓이는 '전 찌개', 죽탕 같은 찌개가 아닙니다. ㅣ 백종원의 쿠킹로그",7,"냄비 가운데에 양파, 대파, 새우젓, 국간장, 간 마늘, 고춧가루를 넣어 간을 맞춘다."
7anwbJ0ZEyA,"이거 보면 호불호 없습니다. 남은 '전'으로 끓이는 '전 찌개', 죽탕 같은 찌개가 아닙니다. ㅣ 백종원의 쿠킹로그",8,"간이 짭짤하게 맞으면 홍고추, 청양고추를 넣는다."
7anwbJ0ZEyA,"이거 보면 호불호 없습니다. 남은 '전'으로 끓이는 '전 찌개', 죽탕 같은 찌개가 아닙니다. ㅣ 백종원의 쿠킹로그",9,마지막에 쌀뜨물 1.5컵 정도를 추가하여 끓어오르면 불을 끄고 마무리한다.
7cCAlN06WPc,이번 크리스마스엔 집에서 간단히 즐기는 찹! 스테이크,1,안심은 적당한 크기로 큼직하게 깍둑 썰기 한다.
7cCAlN06WPc,이번 크리스마스엔 집에서 간단히 즐기는 찹! 스테이크,2,"볼에 안심을 담고 맛소금, 후춧가루를 뿌려 밑간을 한다."
7cCAlN06WPc,이번 크리스마스엔 집에서 간단히 즐기는 찹! 스테이크,3,"파프리카, 피망은 꼭지에서 약 1cm 정도 지점까지 잘라 꼭지를 제거하고 심지를 빼내어 안심보다 작거나 비슷한 크기로 썬다."
7cCAlN06WPc,이번 크리스마스엔 집에서 간단히 즐기는 찹! 스테이크,4,통마늘은 2등분하여 준비한다.
7cCAlN06WPc,이번 크리스마스엔 집에서 간단히 즐기는 찹! 스테이크,5,양송이 버섯은 십자로 썰어 4등분하여 준비한다.
7cCAlN06WPc,이번 크리스마스엔 집에서 간단히 즐기는 찹! 스테이크,6,"양파, 당근은 안심과 비슷한 크기로 깍둑썰기 하여 준비한다."
7cCAlN06WPc,이번 크리스마스엔 집에서 간단히 즐기는 찹! 스테이크,7,밑간을 해둔 안심에 밀가루를 뿌리고 손으로 섞어 표면에 밀가루를 얇게 골고루 묻힌다.
7cCAlN06WPc,이번 크리스마스엔 집에서 간단히 즐기는 찹! 스테이크,8,지름이 넓은 프라이팬을 강불에 올리고 식용유를 넣어 달군다.
7cCAlN06WPc,이번 크리스마스엔 집에서 간단히 즐기는 찹! 스테이크,9,달궈진 식용유에 안심을 넣어 집게로 뒤집으면서 골고루 익힌다.
7cCAlN06WPc,이번 크리스마스엔 집에서 간단히 즐기는 찹! 스테이크,10,팬에 버터를 넣고 골고루 노릇하게 익을 수 있도록 뒤적이면서 익힌다.
7cCAlN06WPc,이번 크리스마스엔 집에서 간단히 즐기는 찹! 스테이크,11,고기의 한 쪽면이 노릇해지면 통마늘을 넣고 익힌다.
7cCAlN06WPc,이번 크리스마스엔 집에서 간단히 즐기는 찹! 스테이크,12,"양파, 당근을 넣고 주걱으로 뒤적이면서 골고루 익힌다."
7cCAlN06WPc,이번 크리스마스엔 집에서 간단히 즐기는 찹! 스테이크,13,"팬 한 쪽으로 고기, 양파, 당근을 밀어 놓고 황설탕, 우스터소스, 케첩, 식초를 넣고 불을 키운 후 주걱으로 골고루 저으면서 소스를 만든다."
7cCAlN06WPc,이번 크리스마스엔 집에서 간단히 즐기는 찹! 스테이크,14,"팬에 물을 붓고 고기, 야채와 소스를 골고루 섞으면서 볶는다."
7cCAlN06WPc,이번 크리스마스엔 집에서 간단히 즐기는 찹! 스테이크,15,"소스가 약간 걸쭉해지면 파프리카, 피망, 양송이 버섯을 넣어 골고루 섞으면서 볶는다."
7cCAlN06WPc,이번 크리스마스엔 집에서 간단히 즐기는 찹! 스테이크,16,*스테이크 소스 있는 버전
7cCAlN06WPc,이번 크리스마스엔 집에서 간단히 즐기는 찹! 스테이크,17,"소스의 농도가 완성되면 스테이크 소스, 후춧가루를 넣고 짧게 볶은 후 불을 끈다."
7cCAlN06WPc,이번 크리스마스엔 집에서 간단히 즐기는 찹! 스테이크,18,*스테이크 소스 없는 버전
7cCAlN06WPc,이번 크리스마스엔 집에서 간단히 즐기는 찹! 스테이크,19,소스의 농도가 완성되면 후춧가루를 넣고 짧게 볶은 후 불을 끈다.
7cCAlN06WPc,이번 크리스마스엔 집에서 간단히 즐기는 찹! 스테이크,20,찹스테이크를 접시에 담고 파슬리 가루를 뿌려 완성한다.
8-Aad1W4Mq0,마트에서 산 '돼지불고기'로  네가지 활용법 대방출,1,이번엔 한돈으로 만든 고추장 돼지불고기로 달려볼까요?
8-Aad1W4Mq0,마트에서 산 '돼지불고기'로  네가지 활용법 대방출,2,2가지 버전으로 알려드린 고추장찌개는 강추!
8-Aad1W4Mq0,마트에서 산 '돼지불고기'로  네가지 활용법 대방출,3,꼭 끓여보세요
8-Aad1W4Mq0,마트에서 산 '돼지불고기'로  네가지 활용법 대방출,5,★ [농협 창립 60주년 기념] 불고기 세트 ★
8-Aad1W4Mq0,마트에서 산 '돼지불고기'로  네가지 활용법 대방출,6,판매처 : 1) 농협 라이블리(온라인)
8-Aad1W4Mq0,마트에서 산 '돼지불고기'로  네가지 활용법 대방출,7,하나로 마트(오프라인)
81gLJ5kRu4Y,시금치 무침에 고기를 싸 먹는다고? (고기로 싸 먹는) 시금치 무침!,1,시금치는 깨끗하게 세척하여 뿌리부터 잘게 썰어 준다.
81gLJ5kRu4Y,시금치 무침에 고기를 싸 먹는다고? (고기로 싸 먹는) 시금치 무침!,2,청양고추는 가늘게 송송 썬다.
81gLJ5kRu4Y,시금치 무침에 고기를 싸 먹는다고? (고기로 싸 먹는) 시금치 무침!,3,마늘은 꼭지를 제거하고 잘게 다져 준비한다.
81gLJ5kRu4Y,시금치 무침에 고기를 싸 먹는다고? (고기로 싸 먹는) 시금치 무침!,4,"큰 볼에 시금치, 마늘, 청양고추를 넣어 섞는다."
81gLJ5kRu4Y,시금치 무침에 고기를 싸 먹는다고? (고기로 싸 먹는) 시금치 무침!,5,"후춧가루, 맛소금, 고춧가루를 넣어 간을 맞춘다."
81gLJ5kRu4Y,시금치 무침에 고기를 싸 먹는다고? (고기로 싸 먹는) 시금치 무침!,6,"깨소금, 참기름을 넣고 버무려 완성한다."
87zznFb0-us,"어묵탕 지겨우셨죠? 오늘 저녁, 빨간 어묵으로 끝내드릴게요!",1,사각어묵 5장은 길게 반 접고 다시 반 접어 4겹을 만든 후 어묵의 양끝 1cm 정도를 남기고 꼬치로 지그재그로 꽂는다.
87zznFb0-us,"어묵탕 지겨우셨죠? 오늘 저녁, 빨간 어묵으로 끝내드릴게요!",2,*어묵을 꼬아서 꽂을 경우 길게 3번만 접어 꽂는다.
87zznFb0-us,"어묵탕 지겨우셨죠? 오늘 저녁, 빨간 어묵으로 끝내드릴게요!",3,*꼬치가 없다면 나무젓가락을 이용해도 좋다.
87zznFb0-us,"어묵탕 지겨우셨죠? 오늘 저녁, 빨간 어묵으로 끝내드릴게요!",4,나머지 사각어묵 5장은 먹기 좋은 크기로 자유롭게 잘라 준비한다.
87zznFb0-us,"어묵탕 지겨우셨죠? 오늘 저녁, 빨간 어묵으로 끝내드릴게요!",5,대파는 길게 반 갈라 3cm 길이로 자르고 양파는 0.8cm 두께로 굵게 채 썰어 준비한다.
87zznFb0-us,"어묵탕 지겨우셨죠? 오늘 저녁, 빨간 어묵으로 끝내드릴게요!",6,청양고추는 두께 0.8cm로 어슷썰어 준비한다.
87zznFb0-us,"어묵탕 지겨우셨죠? 오늘 저녁, 빨간 어묵으로 끝내드릴게요!",7,"넙적한 냄비에 물을 붓고 황설탕, 고추장, 진간장, 굵은고추가루, 고운고추가루, 후추가루를 넣고 강 불에 올려 잘 풀어가며 섞는다."
87zznFb0-us,"어묵탕 지겨우셨죠? 오늘 저녁, 빨간 어묵으로 끝내드릴게요!",8,*후추가루가 너무 많이 들어 갈 경우 맛이 안 좋아질 수 있으니 주의한다.
87zznFb0-us,"어묵탕 지겨우셨죠? 오늘 저녁, 빨간 어묵으로 끝내드릴게요!",9,"양념장이 풀리면 손질해둔 대파, 양파, 청양고추를 넣고 끓인다."
87zznFb0-us,"어묵탕 지겨우셨죠? 오늘 저녁, 빨간 어묵으로 끝내드릴게요!",10,국물이 끓으면 어묵을 넣고 국자로 끼얹어가며 중 불에서 약6분 끓인다.
8l9H8FlhiOo,와인을 넣은 '홍합탕',1,* 홍합탕
8l9H8FlhiOo,와인을 넣은 '홍합탕',2,홍합은 족사를 제거하고 깨끗이 씻어 준비한다.
8l9H8FlhiOo,와인을 넣은 '홍합탕',3,대파와 청양고추를 큼직하게 썰어 육수용으로 준비한다.
8l9H8FlhiOo,와인을 넣은 '홍합탕',4,"깊은 팬에 홍합과 물, 대파, 청양고추를 넣어 끓여준다."
8l9H8FlhiOo,와인을 넣은 '홍합탕',5,홍합이 입을 열면 간을 보고 부족한 간은 맛소금으로 맞춰준다.
8l9H8FlhiOo,와인을 넣은 '홍합탕',6,마무리될 때 식초를 살짝 넣어 준다.
8l9H8FlhiOo,와인을 넣은 '홍합탕',7,홍합탕이 완성되면 육수용 야채를 걷어내고 그릇에 담아준다.
8l9H8FlhiOo,와인을 넣은 '홍합탕',8,* 홍합와인탕
8l9H8FlhiOo,와인을 넣은 '홍합탕',9,양파는 다져주고 마늘은 으깨서 준비해 준다.
8l9H8FlhiOo,와인을 넣은 '홍합탕',10,완숙 토마토는 꼭지를 제거하고 반 갈라 씨를 제거하고 썰어준다.
8l9H8FlhiOo,와인을 넣은 '홍합탕',11,깊은 팬에 식용유를 두르고 다진 양파와 으깬 마늘을 넣고 색이 날 때까지 볶아준다.
8l9H8FlhiOo,와인을 넣은 '홍합탕',12,양파와 마늘이 노릇하게 색이 나면 토마토를 넣고 볶아준다.
8l9H8FlhiOo,와인을 넣은 '홍합탕',13,토마토를 살짝 볶아주다가 손질한 홍합을 넣어준다.
8l9H8FlhiOo,와인을 넣은 '홍합탕',14,화이트 와인과 물을 넣고 끓여준다.
8l9H8FlhiOo,와인을 넣은 '홍합탕',15,마무리될 때 버터를 넣어 준다.
8l9H8FlhiOo,와인을 넣은 '홍합탕',16,홍합와인탕이 완성되면 그릇에 담아준다.
8uwmFQH614M,🔥부대찌개🔥 육수 없이도 진한 맛 내는 방법! (+T.M.T 주의),1,대파는 길게 반 갈라 4cm 길이로 썬다.
8uwmFQH614M,🔥부대찌개🔥 육수 없이도 진한 맛 내는 방법! (+T.M.T 주의),2,양파는 두께 0.4cm로 채 썬다.
8uwmFQH614M,🔥부대찌개🔥 육수 없이도 진한 맛 내는 방법! (+T.M.T 주의),3,"소시지 1개는 두께 0.4cm로 어슷썰기 하고, 나머지 1개는 길게 4등분 하여 3cm 정도 길이로 자른다."
8uwmFQH614M,🔥부대찌개🔥 육수 없이도 진한 맛 내는 방법! (+T.M.T 주의),4,"통조림 햄 1/3개는 두께 0.4cm 정도로 편 썰고,1/3개는 두께 0.5cm 정도로 채 썬다."
8uwmFQH614M,🔥부대찌개🔥 육수 없이도 진한 맛 내는 방법! (+T.M.T 주의),5,나머지 1/3개의 통조림 햄은 비닐봉지에 넣고 손바닥으로 으깨어 준비한다.
8uwmFQH614M,🔥부대찌개🔥 육수 없이도 진한 맛 내는 방법! (+T.M.T 주의),6,"냄비에 대파, 양파를 깔고 손질한 소시지와 햄을 올린다."
8uwmFQH614M,🔥부대찌개🔥 육수 없이도 진한 맛 내는 방법! (+T.M.T 주의),7,양념장 재료와 김치를 냄비에 넣고 베이크드빈스를 올린다.
8uwmFQH614M,🔥부대찌개🔥 육수 없이도 진한 맛 내는 방법! (+T.M.T 주의),8,* 양념장을 한데 넣고 섞어서 넣어도 좋다.
8uwmFQH614M,🔥부대찌개🔥 육수 없이도 진한 맛 내는 방법! (+T.M.T 주의),9,물을 넣고 슬라이스치즈를 올린 후 강 불에 끓인다.
8uwmFQH614M,🔥부대찌개🔥 육수 없이도 진한 맛 내는 방법! (+T.M.T 주의),10,찌개가 끓으면 가스 버너로 옮겨 강불에 약 3분 정도 끓여 완성한다.
8uwmFQH614M,🔥부대찌개🔥 육수 없이도 진한 맛 내는 방법! (+T.M.T 주의),11,* 라면을 넣을 경우 끓었을 때 물 1컵을 넣고 다시 끓으면 면을 넣어 익힌다.
9J_tqZrDSng,"팔아도 될 만큼 맛있는 김치찌개 비법전수! 돼지고기, 햄, 꽁치 등 기본 양념장으로 다 만들 수 있어요! l 백종원의 대용량 레시피",1,"김치찌개의 베이스인 기본 양념장을 만들어 놓으시면 돼지고기 김치찌개, 햄 전골, 꽁치 김치찌개 등 다양하게 변형한 김치찌개를 만드실 수 있습니다."
9J_tqZrDSng,"팔아도 될 만큼 맛있는 김치찌개 비법전수! 돼지고기, 햄, 꽁치 등 기본 양념장으로 다 만들 수 있어요! l 백종원의 대용량 레시피",2,코팅 팬을 불에 올린 뒤 식용유를 두른다.
9J_tqZrDSng,"팔아도 될 만큼 맛있는 김치찌개 비법전수! 돼지고기, 햄, 꽁치 등 기본 양념장으로 다 만들 수 있어요! l 백종원의 대용량 레시피",3,신맛이 날 정도로 잘 익은 김치를 코팅 팬에 쏟아 넣는다.
9J_tqZrDSng,"팔아도 될 만큼 맛있는 김치찌개 비법전수! 돼지고기, 햄, 꽁치 등 기본 양념장으로 다 만들 수 있어요! l 백종원의 대용량 레시피",4,"다진 마늘, 후춧가루를 넣고 골고루 섞어준다."
9J_tqZrDSng,"팔아도 될 만큼 맛있는 김치찌개 비법전수! 돼지고기, 햄, 꽁치 등 기본 양념장으로 다 만들 수 있어요! l 백종원의 대용량 레시피",5,MSG를 넣고 골고루 섞어준다.
9J_tqZrDSng,"팔아도 될 만큼 맛있는 김치찌개 비법전수! 돼지고기, 햄, 꽁치 등 기본 양념장으로 다 만들 수 있어요! l 백종원의 대용량 레시피",6,김치의 식감이 살아 있을 때까지 5분간 끓여준다.
9J_tqZrDSng,"팔아도 될 만큼 맛있는 김치찌개 비법전수! 돼지고기, 햄, 꽁치 등 기본 양념장으로 다 만들 수 있어요! l 백종원의 대용량 레시피",7,굵은 고춧가루를 넣고 충분히 섞어준다.
9J_tqZrDSng,"팔아도 될 만큼 맛있는 김치찌개 비법전수! 돼지고기, 햄, 꽁치 등 기본 양념장으로 다 만들 수 있어요! l 백종원의 대용량 레시피",8,고운 고춧가루를 넣고 충분히 섞어준다.
9J_tqZrDSng,"팔아도 될 만큼 맛있는 김치찌개 비법전수! 돼지고기, 햄, 꽁치 등 기본 양념장으로 다 만들 수 있어요! l 백종원의 대용량 레시피",9,양파는 굵게 채 썰어 준비한다.
9J_tqZrDSng,"팔아도 될 만큼 맛있는 김치찌개 비법전수! 돼지고기, 햄, 꽁치 등 기본 양념장으로 다 만들 수 있어요! l 백종원의 대용량 레시피",10,대파는 어슷하게 썰어 준비한다.
9J_tqZrDSng,"팔아도 될 만큼 맛있는 김치찌개 비법전수! 돼지고기, 햄, 꽁치 등 기본 양념장으로 다 만들 수 있어요! l 백종원의 대용량 레시피",11,청양고추는 송송 썰어 준비한다.
9J_tqZrDSng,"팔아도 될 만큼 맛있는 김치찌개 비법전수! 돼지고기, 햄, 꽁치 등 기본 양념장으로 다 만들 수 있어요! l 백종원의 대용량 레시피",12,"스팸, 어묵, 두부는 먹기 좋은 크기로 썰어 준비한다."
9J_tqZrDSng,"팔아도 될 만큼 맛있는 김치찌개 비법전수! 돼지고기, 햄, 꽁치 등 기본 양념장으로 다 만들 수 있어요! l 백종원의 대용량 레시피",13,비엔나소시지는 십자로 칼집을 넣어 문어 모양을 만든다.
9J_tqZrDSng,"팔아도 될 만큼 맛있는 김치찌개 비법전수! 돼지고기, 햄, 꽁치 등 기본 양념장으로 다 만들 수 있어요! l 백종원의 대용량 레시피",14,냄비에 김치찌개 베이스를 넣어준다.
9J_tqZrDSng,"팔아도 될 만큼 맛있는 김치찌개 비법전수! 돼지고기, 햄, 꽁치 등 기본 양념장으로 다 만들 수 있어요! l 백종원의 대용량 레시피",15,잘게 자른 돼지고기를 넣어준다.
9J_tqZrDSng,"팔아도 될 만큼 맛있는 김치찌개 비법전수! 돼지고기, 햄, 꽁치 등 기본 양념장으로 다 만들 수 있어요! l 백종원의 대용량 레시피",16,"양파, 청양고추, 대파, 두부를 넣어준다."
9J_tqZrDSng,"팔아도 될 만큼 맛있는 김치찌개 비법전수! 돼지고기, 햄, 꽁치 등 기본 양념장으로 다 만들 수 있어요! l 백종원의 대용량 레시피",17,쌀뜨물을 넣어준다.
9J_tqZrDSng,"팔아도 될 만큼 맛있는 김치찌개 비법전수! 돼지고기, 햄, 꽁치 등 기본 양념장으로 다 만들 수 있어요! l 백종원의 대용량 레시피",18,"간 마늘, 굵은 고춧가루를 넣어준다."
9J_tqZrDSng,"팔아도 될 만큼 맛있는 김치찌개 비법전수! 돼지고기, 햄, 꽁치 등 기본 양념장으로 다 만들 수 있어요! l 백종원의 대용량 레시피",19,골고루 섞어서 끓여준다.
9J_tqZrDSng,"팔아도 될 만큼 맛있는 김치찌개 비법전수! 돼지고기, 햄, 꽁치 등 기본 양념장으로 다 만들 수 있어요! l 백종원의 대용량 레시피",20,쇠고기다시다를 넣고 충분히 끓여 완성한다.
9J_tqZrDSng,"팔아도 될 만큼 맛있는 김치찌개 비법전수! 돼지고기, 햄, 꽁치 등 기본 양념장으로 다 만들 수 있어요! l 백종원의 대용량 레시피",21,"통조림 꽁치, 통조림 꽁치 국물을 넣어준다."
9J_tqZrDSng,"팔아도 될 만큼 맛있는 김치찌개 비법전수! 돼지고기, 햄, 꽁치 등 기본 양념장으로 다 만들 수 있어요! l 백종원의 대용량 레시피",22,멸치다시다를 넣고 충분히 끓여 완성한다.
9J_tqZrDSng,"팔아도 될 만큼 맛있는 김치찌개 비법전수! 돼지고기, 햄, 꽁치 등 기본 양념장으로 다 만들 수 있어요! l 백종원의 대용량 레시피",23,"스팸, 프랑크소시지, 비엔나소시지를 넣어준다."
9J_tqZrDSng,"팔아도 될 만큼 맛있는 김치찌개 비법전수! 돼지고기, 햄, 꽁치 등 기본 양념장으로 다 만들 수 있어요! l 백종원의 대용량 레시피",24,쇠고기다시를 넣고 충분히 끓여 완성한다.
9OYciHKmgus,[Sub] 다이어트에 좋은 '오리엔탈?' 두부샐러드,1,*튀긴 두부 버전
9OYciHKmgus,[Sub] 다이어트에 좋은 '오리엔탈?' 두부샐러드,2,두부는 물기를 제거하고 정사각형으로 썰어 준비한다.
9OYciHKmgus,[Sub] 다이어트에 좋은 '오리엔탈?' 두부샐러드,3,"양상추, 치커리는 먹기 좋은 크기로 뜯어 그릇에 담는다."
9OYciHKmgus,[Sub] 다이어트에 좋은 '오리엔탈?' 두부샐러드,4,"방울토마토, 올리브는 반으로 잘라 준비한다."
9OYciHKmgus,[Sub] 다이어트에 좋은 '오리엔탈?' 두부샐러드,5,두부에 감자 전분을 입혀 자작한 기름에 튀겨낸다.
9OYciHKmgus,[Sub] 다이어트에 좋은 '오리엔탈?' 두부샐러드,6,올리브오일과 장아찌 소스를 섞어 드레싱을 만든다.
9OYciHKmgus,[Sub] 다이어트에 좋은 '오리엔탈?' 두부샐러드,7,(기호에 맞게 장아찌 소스의 양을 조절한다.)
9OYciHKmgus,[Sub] 다이어트에 좋은 '오리엔탈?' 두부샐러드,8,완성 그릇에 준비한 재료를 담은 후 드레싱을 뿌려 완성한다.
9OYciHKmgus,[Sub] 다이어트에 좋은 '오리엔탈?' 두부샐러드,9,*으깬 두부 버전
9OYciHKmgus,[Sub] 다이어트에 좋은 '오리엔탈?' 두부샐러드,10,"양상추, 치커리는 먹기 좋은 크기로 뜯어 그릇에 담아준다."
9OYciHKmgus,[Sub] 다이어트에 좋은 '오리엔탈?' 두부샐러드,11,"방울토마토, 올리브는 반으로 자른다."
9OYciHKmgus,[Sub] 다이어트에 좋은 '오리엔탈?' 두부샐러드,12,두부는 물기를 제거하고 손으로 으깨 채소 위에 올려준다.
9OYciHKmgus,[Sub] 다이어트에 좋은 '오리엔탈?' 두부샐러드,13,후춧가루를 뿌려준다.
9OYciHKmgus,[Sub] 다이어트에 좋은 '오리엔탈?' 두부샐러드,14,올리브오일과 장아찌 소스를 섞어 드레싱을 만들어 준다.
9OYciHKmgus,[Sub] 다이어트에 좋은 '오리엔탈?' 두부샐러드,15,샐러드에 소스를 뿌려 완성한다.
9Wvd9VL0OpM,카레는 먹고싶고... 많은 재료 사오기 귀찮을 땐...🤔,1,"냄비에 물, 건더기 스프를 넣고 강불에 끓인다."
9Wvd9VL0OpM,카레는 먹고싶고... 많은 재료 사오기 귀찮을 땐...🤔,2,"물이 끓어오르면 고형 카레, 분말 스프를 넣고 고형 카레가 녹을 때까지 끓인다."
9Wvd9VL0OpM,카레는 먹고싶고... 많은 재료 사오기 귀찮을 땐...🤔,3,* 카레가루를 사용할 경우 약 2큰술 정도 사용한다.
9Wvd9VL0OpM,카레는 먹고싶고... 많은 재료 사오기 귀찮을 땐...🤔,4,* 분말 스프가 많이 들어가면 짤 수 있으니 간을 보면서 넣는다.
9Wvd9VL0OpM,카레는 먹고싶고... 많은 재료 사오기 귀찮을 땐...🤔,5,면을 넣고 면이 끊어지지 않도록 풀어가며 끓인다.
9Wvd9VL0OpM,카레는 먹고싶고... 많은 재료 사오기 귀찮을 땐...🤔,6,"면이 한 가닥씩 전체적으로 풀어지면 간 마늘, 버터를 넣고 약 1분 30초간 끓인다"
9Wvd9VL0OpM,카레는 먹고싶고... 많은 재료 사오기 귀찮을 땐...🤔,7,후춧가루를 넣고 잘 섞어준 후 불을 끈다.
9Wvd9VL0OpM,카레는 먹고싶고... 많은 재료 사오기 귀찮을 땐...🤔,8,그릇에 옮겨 담아 완성한다.
9YlFFVisCBY,중독성 강한 통옥수수구이,1,식은 옥수수는 전자레인지에 30초~1분 정도 돌려 따뜻하게 준비한다.
9YlFFVisCBY,중독성 강한 통옥수수구이,2,(낱알 옥수수는 떼어서 전자레인지에 돌려 준비한다.)
9YlFFVisCBY,중독성 강한 통옥수수구이,3,옥수수는 칼을 이용하여 반으로 잘라 심지 부분에 나무젓가락을 꽂는다.
9YlFFVisCBY,중독성 강한 통옥수수구이,4,"프라이팬을 약 불에 올린 후 마요네즈, 황설탕을 넣고 저어가며 설탕을 녹여 마요네즈소스를 만든다."
9YlFFVisCBY,중독성 강한 통옥수수구이,5,준비해 둔 옥수수에 주걱을 이용하여 마요네즈소스를 골고루 묻힌다.
9YlFFVisCBY,중독성 강한 통옥수수구이,6,(낱알 옥수수는 소스에 넣고 버무린다.)
9YlFFVisCBY,중독성 강한 통옥수수구이,7,소스가 묻은 옥수수에 파마산치즈가루를 뿌려 그릇에 담는다.
9YlFFVisCBY,중독성 강한 통옥수수구이,8,고운고춧가루를 골고루 뿌려 완성한다.
9YlFFVisCBY,중독성 강한 통옥수수구이,9,(아이들이 먹을 경우 고춧가루를 뿌리지 않는다.)
9ljJ2Ybkaho,한국인 입맛 정조준 라면! 매운 라면 국물 맛 좌우하는 마지막 한 스푼의 비법은? [한돈 라면],1,대파는 두께 0.3cm로 송송 썰어 준비한다.
9ljJ2Ybkaho,한국인 입맛 정조준 라면! 매운 라면 국물 맛 좌우하는 마지막 한 스푼의 비법은? [한돈 라면],2,*대파는 두께나 길이에 따라 1대~1과 1/2대를 사용한다.
9ljJ2Ybkaho,한국인 입맛 정조준 라면! 매운 라면 국물 맛 좌우하는 마지막 한 스푼의 비법은? [한돈 라면],3,양파는 두께 0.3cm로 채썰어 준비한다.
9ljJ2Ybkaho,한국인 입맛 정조준 라면! 매운 라면 국물 맛 좌우하는 마지막 한 스푼의 비법은? [한돈 라면],4,"깊은 프라이팬에 식용유, 다진 돼지고기를 넣고 강불에 볶는다."
9ljJ2Ybkaho,한국인 입맛 정조준 라면! 매운 라면 국물 맛 좌우하는 마지막 한 스푼의 비법은? [한돈 라면],6,돼지고기가 익고 대파와 양파의 숨이 죽으면 불을 끄고 굵은 고춧가루를 넣고 볶아 고추기름을 만든다.
9ljJ2Ybkaho,한국인 입맛 정조준 라면! 매운 라면 국물 맛 좌우하는 마지막 한 스푼의 비법은? [한돈 라면],7,"물을 넣고 다시 강불로 켠 후 건더기스프, 분말스프를 넣고 끓인다."
9ljJ2Ybkaho,한국인 입맛 정조준 라면! 매운 라면 국물 맛 좌우하는 마지막 한 스푼의 비법은? [한돈 라면],8,*간이 싱거울 경우 소금이나 국간장을 이용하여 간을 맞춘다.
9ljJ2Ybkaho,한국인 입맛 정조준 라면! 매운 라면 국물 맛 좌우하는 마지막 한 스푼의 비법은? [한돈 라면],10,면이 한 가닥씩 전체적으로 풀어지면 완성 그릇에 면을 먼저 건져낸다.
9ljJ2Ybkaho,한국인 입맛 정조준 라면! 매운 라면 국물 맛 좌우하는 마지막 한 스푼의 비법은? [한돈 라면],11,달걀이 원하는 정도로 익으면 불을 끄고 면이 담긴 그릇에 국물을 붓는다.
9ljJ2Ybkaho,한국인 입맛 정조준 라면! 매운 라면 국물 맛 좌우하는 마지막 한 스푼의 비법은? [한돈 라면],12,고명용으로 남겨둔 대파와 간마늘을 얹어 완성한다.
AdHOym7nqo0,통으로 데친 고급진 오징어 숙회! 특제 초장과 함께 즐겨보세요. ㅣ 백종원의 대용량 레시피,1,*오징어 손질하기
AdHOym7nqo0,통으로 데친 고급진 오징어 숙회! 특제 초장과 함께 즐겨보세요. ㅣ 백종원의 대용량 레시피,2,냉동 오징어는 해동한 뒤 한 마리씩 잡고 손질한다.
AdHOym7nqo0,통으로 데친 고급진 오징어 숙회! 특제 초장과 함께 즐겨보세요. ㅣ 백종원의 대용량 레시피,3,우선 가위를 이용해 배를 가른다.
AdHOym7nqo0,통으로 데친 고급진 오징어 숙회! 특제 초장과 함께 즐겨보세요. ㅣ 백종원의 대용량 레시피,4,다리를 잡고 잡아당겨 다리와 내장을 떼어낸다.
AdHOym7nqo0,통으로 데친 고급진 오징어 숙회! 특제 초장과 함께 즐겨보세요. ㅣ 백종원의 대용량 레시피,5,오징어 몸통 안쪽에 있는 투명한 심을 아래쪽부터 잡아당겨 떼어낸다.
AdHOym7nqo0,통으로 데친 고급진 오징어 숙회! 특제 초장과 함께 즐겨보세요. ㅣ 백종원의 대용량 레시피,6,심 위쪽은 엄지손가락을 심 밑에 넣고 밀어가며 잡아당겨야 깨끗이 떨어진다.
AdHOym7nqo0,통으로 데친 고급진 오징어 숙회! 특제 초장과 함께 즐겨보세요. ㅣ 백종원의 대용량 레시피,7,몸통 양쪽에 붙어있는 내장을 잡아당겨 뗀다.
AdHOym7nqo0,통으로 데친 고급진 오징어 숙회! 특제 초장과 함께 즐겨보세요. ㅣ 백종원의 대용량 레시피,8,다리 윗부분에 붙어있는 내장은 가위를 이용해 잘라낸다.
AdHOym7nqo0,통으로 데친 고급진 오징어 숙회! 특제 초장과 함께 즐겨보세요. ㅣ 백종원의 대용량 레시피,9,"다리 위쪽에는 눈이 달려있는데, 눈 사이로 가위를 넣어 가른다."
AdHOym7nqo0,통으로 데친 고급진 오징어 숙회! 특제 초장과 함께 즐겨보세요. ㅣ 백종원의 대용량 레시피,10,가른 부위를 벌려 위쪽에 보이는 눈이 터지지 않도록 잡아당겨 떼어낸다.
AdHOym7nqo0,통으로 데친 고급진 오징어 숙회! 특제 초장과 함께 즐겨보세요. ㅣ 백종원의 대용량 레시피,11,눈을 뗀 부근에 오징어 입이 있다.
AdHOym7nqo0,통으로 데친 고급진 오징어 숙회! 특제 초장과 함께 즐겨보세요. ㅣ 백종원의 대용량 레시피,12,이것도 가위로 잘라낸다.
AdHOym7nqo0,통으로 데친 고급진 오징어 숙회! 특제 초장과 함께 즐겨보세요. ㅣ 백종원의 대용량 레시피,13,오징어 다리를 하나씩 잡고 위에서부터 훑어내려 빨판을 제거한다.
AdHOym7nqo0,통으로 데친 고급진 오징어 숙회! 특제 초장과 함께 즐겨보세요. ㅣ 백종원의 대용량 레시피,14,*오징어 데치기
AdHOym7nqo0,통으로 데친 고급진 오징어 숙회! 특제 초장과 함께 즐겨보세요. ㅣ 백종원의 대용량 레시피,15,"냄비에 물, 꽃소금, 식초, 맛술을 넣고 끓여준다."
AdHOym7nqo0,통으로 데친 고급진 오징어 숙회! 특제 초장과 함께 즐겨보세요. ㅣ 백종원의 대용량 레시피,16,손질한 오징어 몸통과 다리를 넣는다.
AdHOym7nqo0,통으로 데친 고급진 오징어 숙회! 특제 초장과 함께 즐겨보세요. ㅣ 백종원의 대용량 레시피,17,오징어가 굳고 하얗게 익을 때까지 1분간 데친다.
AdHOym7nqo0,통으로 데친 고급진 오징어 숙회! 특제 초장과 함께 즐겨보세요. ㅣ 백종원의 대용량 레시피,18,오징어가 익으면 찬물에 식힌다.
AdHOym7nqo0,통으로 데친 고급진 오징어 숙회! 특제 초장과 함께 즐겨보세요. ㅣ 백종원의 대용량 레시피,19,*초고추장 만들기
AdHOym7nqo0,통으로 데친 고급진 오징어 숙회! 특제 초장과 함께 즐겨보세요. ㅣ 백종원의 대용량 레시피,20,"Ver1 : 고추장, 식초, 설탕을 볼에 넣고 섞어준다."
AdHOym7nqo0,통으로 데친 고급진 오징어 숙회! 특제 초장과 함께 즐겨보세요. ㅣ 백종원의 대용량 레시피,21,"Ver2 : Ver1의 초고추장을 종지에 담고 간 마늘, 깨소금, 참기름, 쪽파를 곁들인다."
AdHOym7nqo0,통으로 데친 고급진 오징어 숙회! 특제 초장과 함께 즐겨보세요. ㅣ 백종원의 대용량 레시피,22,*담아내기
AdHOym7nqo0,통으로 데친 고급진 오징어 숙회! 특제 초장과 함께 즐겨보세요. ㅣ 백종원의 대용량 레시피,23,완성 접시에 1cm 두께로 자른 오징어 몸통을 담는다.
AdHOym7nqo0,통으로 데친 고급진 오징어 숙회! 특제 초장과 함께 즐겨보세요. ㅣ 백종원의 대용량 레시피,24,오징어 다리는 길이대로 10등분 하여 담는다.
AdHOym7nqo0,통으로 데친 고급진 오징어 숙회! 특제 초장과 함께 즐겨보세요. ㅣ 백종원의 대용량 레시피,25,"쪽파, 마늘, 청양고추를 곁들인다."
AlK2Gl6kHZI,[Sub] 정말 '크리미'해요. 집에서 간단하게 색다른 오므라이스!!,1,* 소스
AlK2Gl6kHZI,[Sub] 정말 '크리미'해요. 집에서 간단하게 색다른 오므라이스!!,2,"프라이팬에 식용유, 밀가루를 넣어 갈색빛 나게 볶는다."
AlK2Gl6kHZI,[Sub] 정말 '크리미'해요. 집에서 간단하게 색다른 오므라이스!!,3,색이 나면 물을 넣어가면서 루를 풀어준다.
AlK2Gl6kHZI,[Sub] 정말 '크리미'해요. 집에서 간단하게 색다른 오므라이스!!,4,"덩어리가 다 풀리면 케첩, 간장, 황설탕, 후추를 넣어 농도 나게 끓인다."
AlK2Gl6kHZI,[Sub] 정말 '크리미'해요. 집에서 간단하게 색다른 오므라이스!!,5,식초를 넣고 섞어 마무리한다.
AlK2Gl6kHZI,[Sub] 정말 '크리미'해요. 집에서 간단하게 색다른 오므라이스!!,6,* 볶음밥
AlK2Gl6kHZI,[Sub] 정말 '크리미'해요. 집에서 간단하게 색다른 오므라이스!!,7,"양파, 당근은 잘게 다져 준비한다."
AlK2Gl6kHZI,[Sub] 정말 '크리미'해요. 집에서 간단하게 색다른 오므라이스!!,8,"프라이팬에 식용유를 두르고 양파, 당근을 넣어 볶는다."
AlK2Gl6kHZI,[Sub] 정말 '크리미'해요. 집에서 간단하게 색다른 오므라이스!!,9,"채소가 익으면 한쪽으로 밀어둔 후 간장, 미림을 넣어 눌어붙게 한다."
AlK2Gl6kHZI,[Sub] 정말 '크리미'해요. 집에서 간단하게 색다른 오므라이스!!,11,밥을 밥공기로 모양을 잡아 완성 접시에 담아둔다.
AlK2Gl6kHZI,[Sub] 정말 '크리미'해요. 집에서 간단하게 색다른 오므라이스!!,12,* 달걀옷
AlK2Gl6kHZI,[Sub] 정말 '크리미'해요. 집에서 간단하게 색다른 오므라이스!!,13,달걀을 그릇에 담아 풀어둔다.
AlK2Gl6kHZI,[Sub] 정말 '크리미'해요. 집에서 간단하게 색다른 오므라이스!!,14,프라이팬에 기름을 두르고 예열이 되면 달걀물을 넣는다.
AlK2Gl6kHZI,[Sub] 정말 '크리미'해요. 집에서 간단하게 색다른 오므라이스!!,15,스크램블 치듯이 저어 반숙으로 익힌다.
AlK2Gl6kHZI,[Sub] 정말 '크리미'해요. 집에서 간단하게 색다른 오므라이스!!,16,완성 그릇에 담아 둔 밥 위에 덮어준다.
At-u3lwsFtk,올 한해도 떡만둣국 드시고 대박 나세요!! ㅣ 백종원의 쿠킹로그,1,[ 떡만둣국 ]
At-u3lwsFtk,올 한해도 떡만둣국 드시고 대박 나세요!! ㅣ 백종원의 쿠킹로그,2,떡국 떡은 물에 30분이상 담궈 준비한다.
At-u3lwsFtk,올 한해도 떡만둣국 드시고 대박 나세요!! ㅣ 백종원의 쿠킹로그,3,"프라이팬에 참기름, 식용유를 두르고 소고기를 넣어 노릇하게 볶는다."
At-u3lwsFtk,올 한해도 떡만둣국 드시고 대박 나세요!! ㅣ 백종원의 쿠킹로그,4,고기가 볶아지면 물 500ml를 넣는다.
At-u3lwsFtk,올 한해도 떡만둣국 드시고 대박 나세요!! ㅣ 백종원의 쿠킹로그,6,고기에 간이 배이면 물을 추가하여 끓여준다.
At-u3lwsFtk,올 한해도 떡만둣국 드시고 대박 나세요!! ㅣ 백종원의 쿠킹로그,7,대파는 송송썰어 준비한다.
At-u3lwsFtk,올 한해도 떡만둣국 드시고 대박 나세요!! ㅣ 백종원의 쿠킹로그,8,"떡국의 육수가 끓어오르면 떡국 떡, 만두, 간 마늘을 넣어 끓인다."
At-u3lwsFtk,올 한해도 떡만둣국 드시고 대박 나세요!! ㅣ 백종원의 쿠킹로그,9,"간을 본 후 꽃소금, 액젓을 이용하여 간을 맞춘다."
At-u3lwsFtk,올 한해도 떡만둣국 드시고 대박 나세요!! ㅣ 백종원의 쿠킹로그,10,그릇에 담기 직전에 달걀을 잘 풀어 부어준다.
At-u3lwsFtk,올 한해도 떡만둣국 드시고 대박 나세요!! ㅣ 백종원의 쿠킹로그,11,썰어 둔 대파는 육수에 넣어 끓이거나 고명으로 올린다.
At-u3lwsFtk,올 한해도 떡만둣국 드시고 대박 나세요!! ㅣ 백종원의 쿠킹로그,12,"완성그릇에 떡만둣국을 담고 준비해 둔 지단,김가루, 후춧가루를 올린다."
At-u3lwsFtk,올 한해도 떡만둣국 드시고 대박 나세요!! ㅣ 백종원의 쿠킹로그,13,[ 지단_version1 ]
At-u3lwsFtk,올 한해도 떡만둣국 드시고 대박 나세요!! ㅣ 백종원의 쿠킹로그,14,프라이팬에 식용유를 두르고 키친타올을 이용하여 코팅한다.
At-u3lwsFtk,올 한해도 떡만둣국 드시고 대박 나세요!! ㅣ 백종원의 쿠킹로그,15,"달걀은 노른자, 흰자를 분리하여 둔다."
At-u3lwsFtk,올 한해도 떡만둣국 드시고 대박 나세요!! ㅣ 백종원의 쿠킹로그,16,"달궈진 프라이팬에 흰자, 노른자를 각각 얇게 부쳐준다."
At-u3lwsFtk,올 한해도 떡만둣국 드시고 대박 나세요!! ㅣ 백종원의 쿠킹로그,17,부쳐진 지단을 말아 얇게 채 썰어 준다.
At-u3lwsFtk,올 한해도 떡만둣국 드시고 대박 나세요!! ㅣ 백종원의 쿠킹로그,18,[ 지단_version2 ]
At-u3lwsFtk,올 한해도 떡만둣국 드시고 대박 나세요!! ㅣ 백종원의 쿠킹로그,19,달걀을 물을 넣어 잘 풀어둔다.
At-u3lwsFtk,올 한해도 떡만둣국 드시고 대박 나세요!! ㅣ 백종원의 쿠킹로그,20,프라이팬에 식용유를 두르고 풀어둔 달걀을 부어 부쳐낸다.
At-u3lwsFtk,올 한해도 떡만둣국 드시고 대박 나세요!! ㅣ 백종원의 쿠킹로그,21,지단을 말아서 채 썰어 준다.
B2s5seuBCn0,꿀팁 대공개! 고추장찌개가 맛있어지는 비법은...!,1,애호박은 양 끝을 잘라낸 후 길게 반으로 자른다.
B2s5seuBCn0,꿀팁 대공개! 고추장찌개가 맛있어지는 비법은...!,2,애호박을 눕힌 상태에서 가운데에 기준점을 잡고 길이 2cm 크기 삼각형 모양으로 자른다.
B2s5seuBCn0,꿀팁 대공개! 고추장찌개가 맛있어지는 비법은...!,3,양파도 애호박과 같은 모양과 크기로 잘라 준비한다.
B2s5seuBCn0,꿀팁 대공개! 고추장찌개가 맛있어지는 비법은...!,4,대파는 두께 1.5cm 통으로 썰어 준비한다.
B2s5seuBCn0,꿀팁 대공개! 고추장찌개가 맛있어지는 비법은...!,5,표고버섯은 꼭지를 떼어낸 후 한 입 크기로 잘라 준비한다.
B2s5seuBCn0,꿀팁 대공개! 고추장찌개가 맛있어지는 비법은...!,6,청양고추는 두께 0.5cm로 송송 썰어 준비한다.
B2s5seuBCn0,꿀팁 대공개! 고추장찌개가 맛있어지는 비법은...!,7,깊은 프라이팬이나 냄비에 식용유를 두른 후 돼지고기를 넣고 강불에 볶는다.
B2s5seuBCn0,꿀팁 대공개! 고추장찌개가 맛있어지는 비법은...!,8,*돼지고기는 껍질이 있는 것을 사용하면 더욱 맛이 좋다.
B2s5seuBCn0,꿀팁 대공개! 고추장찌개가 맛있어지는 비법은...!,10,고추장을 넣고 수분이 날아가 기름이 튀는 정도까지 볶은 후 준비해 둔 물을 1/4컵 정도만 넣어 고기에 간이 배이도록 졸인다.
B2s5seuBCn0,꿀팁 대공개! 고추장찌개가 맛있어지는 비법은...!,11,*이 과정을 2번 반복하면 더욱 맛이 좋다.
B2s5seuBCn0,꿀팁 대공개! 고추장찌개가 맛있어지는 비법은...!,12,*물 대신 쌀뜨물을 사용하면 좋다.
B2s5seuBCn0,꿀팁 대공개! 고추장찌개가 맛있어지는 비법은...!,13,수분이 사라질 때까지 졸아들면 굵은 고춧가루를 넣고 볶는다.
B2s5seuBCn0,꿀팁 대공개! 고추장찌개가 맛있어지는 비법은...!,14,"나머지 물을 넣고 국간장, 꽃소금을 넣은 후 강불로 키워 끓인다."
B2s5seuBCn0,꿀팁 대공개! 고추장찌개가 맛있어지는 비법은...!,16,*감자를 사용할 경우 호박과 같은 크기로 잘라 이 때 넣고 끓인다.
B2s5seuBCn0,꿀팁 대공개! 고추장찌개가 맛있어지는 비법은...!,17,찌개가 끓어오르면 간마늘을 넣고 중불로 줄여 5분 정도 끓인다.
B2s5seuBCn0,꿀팁 대공개! 고추장찌개가 맛있어지는 비법은...!,18,*마늘의 매콤한 향을 좋아하는 경우에는 찌개가 완성되고 마지막에 간마늘을 넣는다.
B2s5seuBCn0,꿀팁 대공개! 고추장찌개가 맛있어지는 비법은...!,19,*끓이는 시간은 원하는 고기의 식감에 따라 조절한다.
B2s5seuBCn0,꿀팁 대공개! 고추장찌개가 맛있어지는 비법은...!,20,"애호박, 양파, 표고버섯, 대파, 청양고추를 넣고 강불에 3분 정도 끓인다."
B2s5seuBCn0,꿀팁 대공개! 고추장찌개가 맛있어지는 비법은...!,22,국그릇에 옮겨 담은 후 후춧가루를 뿌려 완성한다.
BqxpjY7TJ8g,정말 쉽게 만드는 마파두부!! ㅣ 백종원의 쿠킹로그,1,두부는 사방 1.5cm 정도로 깍둑썰기하여 준비한다.
BqxpjY7TJ8g,정말 쉽게 만드는 마파두부!! ㅣ 백종원의 쿠킹로그,2,"쪽파, 대파는 송송 썰어 준비한다."
BqxpjY7TJ8g,정말 쉽게 만드는 마파두부!! ㅣ 백종원의 쿠킹로그,3,프라이팬에 식용유를 두른 후 중불에서 파를 볶는다.
BqxpjY7TJ8g,정말 쉽게 만드는 마파두부!! ㅣ 백종원의 쿠킹로그,4,파가 익기 시작하면 돼지고기를 넣고 풀어가면서 볶아준다.
BqxpjY7TJ8g,정말 쉽게 만드는 마파두부!! ㅣ 백종원의 쿠킹로그,5,"고기가 노릇하게 익으면 물, 만능양념장, 된장을 넣어 풀어준다."
BqxpjY7TJ8g,정말 쉽게 만드는 마파두부!! ㅣ 백종원의 쿠킹로그,6,된장이 풀리면 잘라 둔 두부를 넣는다.
BqxpjY7TJ8g,정말 쉽게 만드는 마파두부!! ㅣ 백종원의 쿠킹로그,7,전분가루에 물을 섞어 마파두부에 넣고 골고루 섞어준다.
BqxpjY7TJ8g,정말 쉽게 만드는 마파두부!! ㅣ 백종원의 쿠킹로그,8,참기름을 두르고 쪽파를 뿌려 완성한다.
Bt0PPGfItZw,이걸 먹으면 나도 왕이 될 상인가~? 궁중 떡볶이!,1,떡볶이용 떡은 물에 담가 불린 후 체에 밭쳐 물기를 제거한다.
Bt0PPGfItZw,이걸 먹으면 나도 왕이 될 상인가~? 궁중 떡볶이!,2,대파는 두께 0.5cm로 어슷 썰어 준비한다.
Bt0PPGfItZw,이걸 먹으면 나도 왕이 될 상인가~? 궁중 떡볶이!,3,양파는 두께 0.5cm로 채 썰어 준비한다.
Bt0PPGfItZw,이걸 먹으면 나도 왕이 될 상인가~? 궁중 떡볶이!,4,소불고기는 먹기 좋은 크기로 잘게 썰어 준비한다.
Bt0PPGfItZw,이걸 먹으면 나도 왕이 될 상인가~? 궁중 떡볶이!,5,"피망은 돌려가며 어슷하게 썰고, 표고버섯은 기둥을 제거한 후 8등분 하여 준비한다."
Bt0PPGfItZw,이걸 먹으면 나도 왕이 될 상인가~? 궁중 떡볶이!,6,당근은 0.5cm 정도 두께로 편 썬다.
Bt0PPGfItZw,이걸 먹으면 나도 왕이 될 상인가~? 궁중 떡볶이!,7,"깊은 프라이팬을 중 불에 올리고 소고기를 넣어 가볍게 볶은 후 물, 황설탕, 떡을 넣고 끓인다."
Bt0PPGfItZw,이걸 먹으면 나도 왕이 될 상인가~? 궁중 떡볶이!,8,"물이 끓으면 당근, 양파, 표고버섯을 넣고 끓여가며 볶는다."
Bt0PPGfItZw,이걸 먹으면 나도 왕이 될 상인가~? 궁중 떡볶이!,9,"Tip: 물의 양은 사용하는 불의 세기, 냄비의 크기에 따라 조절한다."
Bt0PPGfItZw,이걸 먹으면 나도 왕이 될 상인가~? 궁중 떡볶이!,10,"채소가 반 정도 익으면 진간장, 간마늘을 넣고 섞는다."
Bt0PPGfItZw,이걸 먹으면 나도 왕이 될 상인가~? 궁중 떡볶이!,11,떡이 말랑해지면 약 불로 줄여 뭉근하게 졸인다.
Bt0PPGfItZw,이걸 먹으면 나도 왕이 될 상인가~? 궁중 떡볶이!,12,Tip: 색을 진하게 내고 싶을 경우 노두유나 캬라멜을 추가한다.
Bt0PPGfItZw,이걸 먹으면 나도 왕이 될 상인가~? 궁중 떡볶이!,13,"떡이 완전히 익으면 청피망, 대파, 후춧가루, 참기름을 넣고 골고루 섞는다."
Bt0PPGfItZw,이걸 먹으면 나도 왕이 될 상인가~? 궁중 떡볶이!,14,궁중떡볶이를 접시에 담고 통깨를 뿌려 완성한다.
C3W_z8TTCDw,먹다 남긴 족발로 만드는 '족발덮밥'. 스푸파 방콕 '카오카무' 그 맛 납니다~! ㅣ 백종원의 쿠킹로그,1,*족발 덮밥 만드는 법
C3W_z8TTCDw,먹다 남긴 족발로 만드는 '족발덮밥'. 스푸파 방콕 '카오카무' 그 맛 납니다~! ㅣ 백종원의 쿠킹로그,2,족발은 살을 발라 잘게 썰어 준비한다.
C3W_z8TTCDw,먹다 남긴 족발로 만드는 '족발덮밥'. 스푸파 방콕 '카오카무' 그 맛 납니다~! ㅣ 백종원의 쿠킹로그,3,양파는 잘게 다진다.
C3W_z8TTCDw,먹다 남긴 족발로 만드는 '족발덮밥'. 스푸파 방콕 '카오카무' 그 맛 납니다~! ㅣ 백종원의 쿠킹로그,4,달걀은 껍질을 제거하여 준비한다.
C3W_z8TTCDw,먹다 남긴 족발로 만드는 '족발덮밥'. 스푸파 방콕 '카오카무' 그 맛 납니다~! ㅣ 백종원의 쿠킹로그,5,"냄비에 족발, 간장, 황설탕, 양파, 물 1L(재료가 잠길 정도)를 넣고 끓인다."
C3W_z8TTCDw,먹다 남긴 족발로 만드는 '족발덮밥'. 스푸파 방콕 '카오카무' 그 맛 납니다~! ㅣ 백종원의 쿠킹로그,6,육수가 ½ 정도로 졸아들면 물 500ml를 추가하여 끓인다.
C3W_z8TTCDw,먹다 남긴 족발로 만드는 '족발덮밥'. 스푸파 방콕 '카오카무' 그 맛 납니다~! ㅣ 백종원의 쿠킹로그,7,또 한 번 육수가 ½ 정도로 졸아들면 물 500ml를 추가하고 달걀을 넣어 끓인다.
C3W_z8TTCDw,먹다 남긴 족발로 만드는 '족발덮밥'. 스푸파 방콕 '카오카무' 그 맛 납니다~! ㅣ 백종원의 쿠킹로그,8,족발이 부드러워지면 강불로 키워 5분 정도 졸인 후 불을 끈다.
C3W_z8TTCDw,먹다 남긴 족발로 만드는 '족발덮밥'. 스푸파 방콕 '카오카무' 그 맛 납니다~! ㅣ 백종원의 쿠킹로그,9,"완성 그릇에 밥, 졸인 족발, 졸인 달걀을 담고 완성한다."
C3W_z8TTCDw,먹다 남긴 족발로 만드는 '족발덮밥'. 스푸파 방콕 '카오카무' 그 맛 납니다~! ㅣ 백종원의 쿠킹로그,10,※ 물양은 냄비의 크기와 화력에 따라 가감한다.
C3W_z8TTCDw,먹다 남긴 족발로 만드는 '족발덮밥'. 스푸파 방콕 '카오카무' 그 맛 납니다~! ㅣ 백종원의 쿠킹로그,11,*덮밥 소스 만드는 법
C3W_z8TTCDw,먹다 남긴 족발로 만드는 '족발덮밥'. 스푸파 방콕 '카오카무' 그 맛 납니다~! ㅣ 백종원의 쿠킹로그,12,"양파, 깐 마늘은 세척하여 잘게 다진다."
C3W_z8TTCDw,먹다 남긴 족발로 만드는 '족발덮밥'. 스푸파 방콕 '카오카무' 그 맛 납니다~! ㅣ 백종원의 쿠킹로그,13,"홍고추, 청양고추는 세척하여 반으로 갈라 잘게 썰어 다진다."
C3W_z8TTCDw,먹다 남긴 족발로 만드는 '족발덮밥'. 스푸파 방콕 '카오카무' 그 맛 납니다~! ㅣ 백종원의 쿠킹로그,14,"그릇에 다진 재료들과 액젓, 설탕, 식초를 넣고 섞어 완성한다."
CQZyh-OszCo,최애 간식 기름 떡볶이,1,떡볶이떡은 깊은 볼에 담아 물에 씻은 후 체에 밭쳐 물기를 제거한다.
CQZyh-OszCo,최애 간식 기름 떡볶이,2,대파는 두께 0.5cm로 송송 썰어 준비한다.
CQZyh-OszCo,최애 간식 기름 떡볶이,3,"깊은 볼에 대파, 황설탕, 진간장, 참기름, 물기를 제거한 떡볶이떡을 넣어 골고루 버무린다."
CQZyh-OszCo,최애 간식 기름 떡볶이,4,"양념과 골고루 섞인 떡볶이에 굵은 고춧가루, 고운고춧가루를 넣어 골고루 버무린다."
CQZyh-OszCo,최애 간식 기름 떡볶이,5,떡볶이에 색이 나면 식용유를 넣고 버무린다.
CQZyh-OszCo,최애 간식 기름 떡볶이,6,약 불에 프라이팬을 올리고 떡이 골고루 바닥에 닿도록 펼쳐서 올린다.
CQZyh-OszCo,최애 간식 기름 떡볶이,7,떡볶이가 타지 않게 떡을 굴려가며 바짝 굽는다.
CQZyh-OszCo,최애 간식 기름 떡볶이,8,떡이 말랑말랑 해졌는지 확인 하고 기호에 맞게 황설탕을 뿌려 코팅한다.
CQZyh-OszCo,최애 간식 기름 떡볶이,9,떡볶이를 접시에 담고 깨소금을 뿌려 완성한다.
CS2s_N37qjM,이렇게만 끓이시면 '인생 된장찌개' 됩니다. 자작자작 비벼먹는 된장찌개,1,무는 두께 0.5cm로 채 썰어 준비한다.
CS2s_N37qjM,이렇게만 끓이시면 '인생 된장찌개' 됩니다. 자작자작 비벼먹는 된장찌개,2,*채칼을 이용하여 썰어도 좋다.
CS2s_N37qjM,이렇게만 끓이시면 '인생 된장찌개' 됩니다. 자작자작 비벼먹는 된장찌개,3,"대파, 청양고추, 홍고추는 두께 0.3cm로 송송 썰어 준비한다."
CS2s_N37qjM,이렇게만 끓이시면 '인생 된장찌개' 됩니다. 자작자작 비벼먹는 된장찌개,4,대패 삼겹살은 약 1/3정도 크기로 먹기 좋게 잘라 준비한다.
CS2s_N37qjM,이렇게만 끓이시면 '인생 된장찌개' 됩니다. 자작자작 비벼먹는 된장찌개,5,*고기의 크기는 원하는 정도로 자른다.
CS2s_N37qjM,이렇게만 끓이시면 '인생 된장찌개' 됩니다. 자작자작 비벼먹는 된장찌개,6,냄비에 대패삼겹살을 넣고 강 불에 볶는다.
CS2s_N37qjM,이렇게만 끓이시면 '인생 된장찌개' 됩니다. 자작자작 비벼먹는 된장찌개,9,*냄비에 들러 붙은 고기는 타지 않게 잘 긁어가며 볶는다.
CS2s_N37qjM,이렇게만 끓이시면 '인생 된장찌개' 됩니다. 자작자작 비벼먹는 된장찌개,10,"무가 부드럽게 휘어지면 된장, 고추장을 넣고 볶는다."
CS2s_N37qjM,이렇게만 끓이시면 '인생 된장찌개' 됩니다. 자작자작 비벼먹는 된장찌개,11,"물, 황설탕을 넣고 바글바글 끓어 오르면 간 마늘을 넣은 후 중 약불로 줄여 약 15분 끓인다."
CS2s_N37qjM,이렇게만 끓이시면 '인생 된장찌개' 됩니다. 자작자작 비벼먹는 된장찌개,12,*물 대신 쌀뜨물을 넣으면 좋다.
CS2s_N37qjM,이렇게만 끓이시면 '인생 된장찌개' 됩니다. 자작자작 비벼먹는 된장찌개,13,"청양고추, 홍고추, 대파를 넣고 섞은 후 다시 한번 끓어오르면 불을 끈다."
CS2s_N37qjM,이렇게만 끓이시면 '인생 된장찌개' 됩니다. 자작자작 비벼먹는 된장찌개,14,뚝배기에 옮겨 담아 한번 더 끓여 완성한다.
CS2s_N37qjM,이렇게만 끓이시면 '인생 된장찌개' 됩니다. 자작자작 비벼먹는 된장찌개,15,* 뚝배기가 없다면 국 그릇에 담아도 좋다.
CVtdTM6gJTY,라면땅 업그레이드. 설탕+마요+스프 꿀맛탱,1,접시를 준비해 라면을 올리고 윗면에 마요네즈를 골고루 짠다.
CVtdTM6gJTY,라면땅 업그레이드. 설탕+마요+스프 꿀맛탱,2,주걱이나 숟가락을 이용해 마요네즈가 모든 면에 골고루 묻도록 펴 바른다.
CVtdTM6gJTY,라면땅 업그레이드. 설탕+마요+스프 꿀맛탱,3,숟가락을 이용해 마요네즈 위에 황설탕을 골고루 뿌린다.
CVtdTM6gJTY,라면땅 업그레이드. 설탕+마요+스프 꿀맛탱,4,"뒤집어 반대쪽 면에도 마요네즈, 황설탕을 골고루 바른다."
CVtdTM6gJTY,라면땅 업그레이드. 설탕+마요+스프 꿀맛탱,5,전자레인지용 접시에 라면을 옮겨 담고 전자레인지에 넣은 후 약 2분 20초 정도 돌린다.
CVtdTM6gJTY,라면땅 업그레이드. 설탕+마요+스프 꿀맛탱,6,Tip: 각자 사용하는 전자레인지의 용량에 따라 약 2분~3분 사이에서 시간을 조절한다.
CVtdTM6gJTY,라면땅 업그레이드. 설탕+마요+스프 꿀맛탱,7,Tip: 라면땅의 밑부분에 색이 잘 나기 때문에 양쪽 면의 색을 골고루 내기 위해서는 중간에 한 번 뒤집는다.
CVtdTM6gJTY,라면땅 업그레이드. 설탕+마요+스프 꿀맛탱,8,전자레인지에서 라면땅을 꺼내어 라면땅의 윗면과 아랫면에 라면수프를 뿌린다.
CVtdTM6gJTY,라면땅 업그레이드. 설탕+마요+스프 꿀맛탱,9,구워진 라면땅을 식힌 후 먹기 좋게 쪼개어 먹는다.
C_PYoYG1fWY,"통장 잔고가 허전하다고요,,? 저렴하고 간단한 반찬으로 보릿고개 버티세요",1,"대파, 홍고추, 청양고추는 길게 반으로 갈라 두께 0.2cm로 송송 썬다."
C_PYoYG1fWY,"통장 잔고가 허전하다고요,,? 저렴하고 간단한 반찬으로 보릿고개 버티세요",2,양파는 결 반대 방향으로 반을 자른 후 두께 0.2cm로 채 썬다.
C_PYoYG1fWY,"통장 잔고가 허전하다고요,,? 저렴하고 간단한 반찬으로 보릿고개 버티세요",3,"당근은 길이 4cm,두께 0.2cm로 채 썬다."
C_PYoYG1fWY,"통장 잔고가 허전하다고요,,? 저렴하고 간단한 반찬으로 보릿고개 버티세요",4,"깊은 그릇에 손질한 채소를 모두 넣은 후 황설탕, 간 마늘, 진간장, 멸치액젓, 정수물, 굵은 고춧가루, 간 깨를 넣고 섞는다."
C_PYoYG1fWY,"통장 잔고가 허전하다고요,,? 저렴하고 간단한 반찬으로 보릿고개 버티세요",5,*깨는 절구에 갈거나 비닐봉지에 담은 후 병이나 밀대로 밀어 사용한다.
C_PYoYG1fWY,"통장 잔고가 허전하다고요,,? 저렴하고 간단한 반찬으로 보릿고개 버티세요",6,*골고루 섞은 후 채소에서 물이 나올 때까지 두면 양념이 부드러워지고 맛이 좋다.
C_PYoYG1fWY,"통장 잔고가 허전하다고요,,? 저렴하고 간단한 반찬으로 보릿고개 버티세요",7,*바로 먹을 경우 기호에 맞게 참기름을 추가해도 좋다.
C_PYoYG1fWY,"통장 잔고가 허전하다고요,,? 저렴하고 간단한 반찬으로 보릿고개 버티세요",8,넓적한 그릇을 준비한 후 바닥에 양념장을 약 1/2큰술을 바른 후 깻잎을 올린다.
C_PYoYG1fWY,"통장 잔고가 허전하다고요,,? 저렴하고 간단한 반찬으로 보릿고개 버티세요",9,깻잎 위에 또 다시 양념장 약 1/2큰술을 바르고 깻잎을 올린다.
C_PYoYG1fWY,"통장 잔고가 허전하다고요,,? 저렴하고 간단한 반찬으로 보릿고개 버티세요",10,"(6)의 과정을 반복하여 완성한 후 바로 먹을 만큼만 접시에 담고, 남은 깻잎 무침은 밀폐용기에 담아 보관한다."
DNj3YiaP42s,명절에 빠질 수 없는 '잡채' 이번 추석에는 온 가족이 다함께 만들어 보는 건 어떠세요? l 백종원의 쿠킹로그,1,당면을 물에 30분 정도 불린다.
DNj3YiaP42s,명절에 빠질 수 없는 '잡채' 이번 추석에는 온 가족이 다함께 만들어 보는 건 어떠세요? l 백종원의 쿠킹로그,2,시금치는 뿌리를 제거하고 한 줄기씩 뜯어 준비한다.
DNj3YiaP42s,명절에 빠질 수 없는 '잡채' 이번 추석에는 온 가족이 다함께 만들어 보는 건 어떠세요? l 백종원의 쿠킹로그,3,양파는 결 방향으로 가늘게 채 썬다.
DNj3YiaP42s,명절에 빠질 수 없는 '잡채' 이번 추석에는 온 가족이 다함께 만들어 보는 건 어떠세요? l 백종원의 쿠킹로그,4,당근은 채 썰고 대파는 길게 어슷썰기 한다.
DNj3YiaP42s,명절에 빠질 수 없는 '잡채' 이번 추석에는 온 가족이 다함께 만들어 보는 건 어떠세요? l 백종원의 쿠킹로그,5,목이버섯은 물에 30분 정도 불려 한 입 크기로 뜯거나 잘라 준비한다.
DNj3YiaP42s,명절에 빠질 수 없는 '잡채' 이번 추석에는 온 가족이 다함께 만들어 보는 건 어떠세요? l 백종원의 쿠킹로그,6,프라이팬에 식용유를 1 큰 술 정도 두르고 채 썬 돼지고기를 볶아준다.
DNj3YiaP42s,명절에 빠질 수 없는 '잡채' 이번 추석에는 온 가족이 다함께 만들어 보는 건 어떠세요? l 백종원의 쿠킹로그,7,"프라이팬에 식용유 1 큰 술 정도 둘러 양파, 후춧가루를 넣어 중불에서 숨이 죽지 않게 볶는다."
DNj3YiaP42s,명절에 빠질 수 없는 '잡채' 이번 추석에는 온 가족이 다함께 만들어 보는 건 어떠세요? l 백종원의 쿠킹로그,8,"프라이팬에 식용유를 1/2 큰 술 정도 두르고 당근, 소금을 넣어 중불에서 볶는다."
DNj3YiaP42s,명절에 빠질 수 없는 '잡채' 이번 추석에는 온 가족이 다함께 만들어 보는 건 어떠세요? l 백종원의 쿠킹로그,9,프라이팬에 식용유를 1/2 큰 술 정도 두르고 목이버섯을 중불에서 볶는다.
DNj3YiaP42s,명절에 빠질 수 없는 '잡채' 이번 추석에는 온 가족이 다함께 만들어 보는 건 어떠세요? l 백종원의 쿠킹로그,10,프라이팬에 식용유를 1/3 큰 술 정도 두르고 대파를 중불에서 볶는다..
DNj3YiaP42s,명절에 빠질 수 없는 '잡채' 이번 추석에는 온 가족이 다함께 만들어 보는 건 어떠세요? l 백종원의 쿠킹로그,11,물에 소금을 넣고 끓여 시금치를 12초 정도 데쳐낸다.
DNj3YiaP42s,명절에 빠질 수 없는 '잡채' 이번 추석에는 온 가족이 다함께 만들어 보는 건 어떠세요? l 백종원의 쿠킹로그,12,끓는 물에 불린 당면을 넣어 삶고 찬물에 헹궈 준비한다.
DNj3YiaP42s,명절에 빠질 수 없는 '잡채' 이번 추석에는 온 가족이 다함께 만들어 보는 건 어떠세요? l 백종원의 쿠킹로그,13,찬물에 헹군 당면의 물기를 충분히 제거하고 가위를 이용하여 먹기 좋게 자른다.
DNj3YiaP42s,명절에 빠질 수 없는 '잡채' 이번 추석에는 온 가족이 다함께 만들어 보는 건 어떠세요? l 백종원의 쿠킹로그,14,"당면에 볶은 재료, 시금치, 간 마늘을 넣어 골고루 섞어준다."
DNj3YiaP42s,명절에 빠질 수 없는 '잡채' 이번 추석에는 온 가족이 다함께 만들어 보는 건 어떠세요? l 백종원의 쿠킹로그,15,"설탕, 간장, 소금을 넣어 간을 맞추고 참기름, 후춧가루, MSG, 캐러멜을 넣어 섞는다."
DNj3YiaP42s,명절에 빠질 수 없는 '잡채' 이번 추석에는 온 가족이 다함께 만들어 보는 건 어떠세요? l 백종원의 쿠킹로그,16,완성접시에 담은 후 통깨를 뿌려 마무리한다.
DnQ09ZZCjCs,초간단 김치찌개 ㅣ 백종원의 백종원 레시피,1,대파와 고추는 송송 썰어 준비합니다.
DnQ09ZZCjCs,초간단 김치찌개 ㅣ 백종원의 백종원 레시피,2,"냄비에 목살과 쌀뜨물을 넣고 충분히 끓여, 고기 육수를 우려냅니다."
DnQ09ZZCjCs,초간단 김치찌개 ㅣ 백종원의 백종원 레시피,3,고기 육수가 충분히 우러나면 김치와 다진마늘을 넣습니다.
DnQ09ZZCjCs,초간단 김치찌개 ㅣ 백종원의 백종원 레시피,4,국물이 끓어오르면 대파와 고추를 넣습니다.
DnQ09ZZCjCs,초간단 김치찌개 ㅣ 백종원의 백종원 레시피,5,고춧가루를 넣고 잘 섞습니다.
DnQ09ZZCjCs,초간단 김치찌개 ㅣ 백종원의 백종원 레시피,6,굵은 고춧가루와 고운 고춧가루를 반씩 섞어 넣으면 더욱 좋습니다.
DnQ09ZZCjCs,초간단 김치찌개 ㅣ 백종원의 백종원 레시피,7,국간장과 새우젓을 넣고 잘 저어 줍니다.
DnQ09ZZCjCs,초간단 김치찌개 ㅣ 백종원의 백종원 레시피,8,"※ 기호에 따라 다른 채소를 넣거나, 물의 양을 조절해 자신만의 레시피를 만들어 보세요!"
EUdt9GjWj5c,밥도둑을 두 개나 만들어버렸어요;; 간장맛 vs 고추장맛 과연 승자는?,1,*간장버전
EUdt9GjWj5c,밥도둑을 두 개나 만들어버렸어요;; 간장맛 vs 고추장맛 과연 승자는?,2,"깊은 볼에 진간장, 물엿, 황설탕을 섞어 양념장을 준비한다."
EUdt9GjWj5c,밥도둑을 두 개나 만들어버렸어요;; 간장맛 vs 고추장맛 과연 승자는?,3,청양고추는 반 갈라 0.3cm로 송송 썰거나 어슷썰기 한다.
EUdt9GjWj5c,밥도둑을 두 개나 만들어버렸어요;; 간장맛 vs 고추장맛 과연 승자는?,4,프라이팬에 식용유를 두른 후 멸치를 넣고 볶아 비린내를 날린다.
EUdt9GjWj5c,밥도둑을 두 개나 만들어버렸어요;; 간장맛 vs 고추장맛 과연 승자는?,5,"*국멸치를 사용할 경우 머리를 떼어낸 후 반을 갈라 내장, 가시를 제거한다."
EUdt9GjWj5c,밥도둑을 두 개나 만들어버렸어요;; 간장맛 vs 고추장맛 과연 승자는?,6,"*국멸치보다 큰 멸치를 사용 할 경우 머리, 내장, 가시를 제거한 후 반으로 한번 더 갈라 사용한다."
EUdt9GjWj5c,밥도둑을 두 개나 만들어버렸어요;; 간장맛 vs 고추장맛 과연 승자는?,7,멸치가 볶아지면 프라이팬 한 쪽으로 밀어 둔 후 불을 약하게 줄인다.
EUdt9GjWj5c,밥도둑을 두 개나 만들어버렸어요;; 간장맛 vs 고추장맛 과연 승자는?,8,빈 공간에 만들어 둔 양념장을 넣고 잘 저어가며 설탕이 녹을 때 까지 끓인다.
EUdt9GjWj5c,밥도둑을 두 개나 만들어버렸어요;; 간장맛 vs 고추장맛 과연 승자는?,9,양념장이 보글보글 끓어 전체적으로 거품이 생기면 멸치와 골고루 섞은 후 청양고추를 넣고 볶는다.
EUdt9GjWj5c,밥도둑을 두 개나 만들어버렸어요;; 간장맛 vs 고추장맛 과연 승자는?,10,"불을 끈 후 참기름, 통깨를 넣고 섞어 완성한다."
EUdt9GjWj5c,밥도둑을 두 개나 만들어버렸어요;; 간장맛 vs 고추장맛 과연 승자는?,11,*고추장버전
EUdt9GjWj5c,밥도둑을 두 개나 만들어버렸어요;; 간장맛 vs 고추장맛 과연 승자는?,12,"깊은 볼에 고운 고춧가루, 물엿, 황설탕, 고추장을 섞어 준비한다."
EUdt9GjWj5c,밥도둑을 두 개나 만들어버렸어요;; 간장맛 vs 고추장맛 과연 승자는?,13,"*국멸치를 사용 할 경우 머리를 떼어낸 후 반을 갈라 내장, 가시를 제거한다."
EUdt9GjWj5c,밥도둑을 두 개나 만들어버렸어요;; 간장맛 vs 고추장맛 과연 승자는?,14,"불을 끈 후 참기름, 통깨를 넣고 섞어 완성한다"
EhTxL1sWnMI,닭가슴살과 라면만 가지고 초계국수 맛 나는 초계라면 완성입니다,1,"깊은 그릇에 라면 분말스프, 양조식초, 황설탕, 연겨자를 넣어 덩어리가 풀어지고 설탕이 녹을 때 까지 섞은 후 정수물 1컵을 섞어 육수를 만든다."
EhTxL1sWnMI,닭가슴살과 라면만 가지고 초계국수 맛 나는 초계라면 완성입니다,2,* 설탕은 취향에 맞게 1큰술~1과1/2큰술 사이로 조절한다.
EhTxL1sWnMI,닭가슴살과 라면만 가지고 초계국수 맛 나는 초계라면 완성입니다,3,닭가슴살 반개를 결대로 찢어 준비한다.
EhTxL1sWnMI,닭가슴살과 라면만 가지고 초계국수 맛 나는 초계라면 완성입니다,4,* 닭가슴살 1개를 다 사용해도 좋다.
EhTxL1sWnMI,닭가슴살과 라면만 가지고 초계국수 맛 나는 초계라면 완성입니다,5,"오이는 두께0.3cm로 채 썰고, 청양고추는 두께 0.3cm로 어슷썰어 준비한다."
EhTxL1sWnMI,닭가슴살과 라면만 가지고 초계국수 맛 나는 초계라면 완성입니다,6,* 오이와 청양고추의 양은 기호에 맞게 준비한다.
EhTxL1sWnMI,닭가슴살과 라면만 가지고 초계국수 맛 나는 초계라면 완성입니다,7,"냄비에 물 500ml를 넣고 바글바글 끓으면 면, 후레이크, 닭가슴살을 넣고 약 4분 삶는다."
EhTxL1sWnMI,닭가슴살과 라면만 가지고 초계국수 맛 나는 초계라면 완성입니다,8,* 꼬들하게 면을 삶을 경우 찬물에 식혔을때 면이 딱딱해질 수 있으니 주의한다.
EhTxL1sWnMI,닭가슴살과 라면만 가지고 초계국수 맛 나는 초계라면 완성입니다,9,삶은 면은 찬물에 충분히 헹군 후 체에 밭쳐 물기를 제거한다.
EhTxL1sWnMI,닭가슴살과 라면만 가지고 초계국수 맛 나는 초계라면 완성입니다,10,"완성 그릇에 삶은 면, 닭가슴살을 담고 얼음을 넣는다."
EhTxL1sWnMI,닭가슴살과 라면만 가지고 초계국수 맛 나는 초계라면 완성입니다,11,"고명으로 오이채, 청양고추를 올리고 육수를 붓는다."
EhTxL1sWnMI,닭가슴살과 라면만 가지고 초계국수 맛 나는 초계라면 완성입니다,12,통깨를 뿌려 완성한다.
Eino3yP-Wk0,얼큰하고 매콤하게~ 밥도둑 두부조림! Hot and spicy dubujorim!,1,"대파, 청양고추를 두께 0.3cm로 송송 썬다."
Eino3yP-Wk0,얼큰하고 매콤하게~ 밥도둑 두부조림! Hot and spicy dubujorim!,2,두부를 반으로 갈라 두께 1cm로 자른다.
Eino3yP-Wk0,얼큰하고 매콤하게~ 밥도둑 두부조림! Hot and spicy dubujorim!,3,얇은 팬에 썰어놓은 두부를 깐다.
Eino3yP-Wk0,얼큰하고 매콤하게~ 밥도둑 두부조림! Hot and spicy dubujorim!,4,두부가 반쯤 잠기도록 정수물을 붓는다.
Eino3yP-Wk0,얼큰하고 매콤하게~ 밥도둑 두부조림! Hot and spicy dubujorim!,5,"새우젓, 굵은 고춧가루, 진간장, 황설탕, 간 마늘, 간 생강, 청양고추, 대파를 넣고 졸여준다."
Eino3yP-Wk0,얼큰하고 매콤하게~ 밥도둑 두부조림! Hot and spicy dubujorim!,6,(두부가 끓어오르는 양념에 살짝 잠길 수 있게 해준다.)
Eino3yP-Wk0,얼큰하고 매콤하게~ 밥도둑 두부조림! Hot and spicy dubujorim!,7,양념장이 반 정도 졸아들면 들기름을 넣어 졸인다.
Eino3yP-Wk0,얼큰하고 매콤하게~ 밥도둑 두부조림! Hot and spicy dubujorim!,8,양념장이 자작할 정도까지 졸으면 불을 끄고 접시에 담아 완성한다.
F3C8-uEMixU,햄버거 패티가 바삭 바삭! 돼지마늘버거입니다. ㅣ 백종원의 쿠킹로그,1,토마토는 0.5cm 정도 두께로 슬라이스 한다.
F3C8-uEMixU,햄버거 패티가 바삭 바삭! 돼지마늘버거입니다. ㅣ 백종원의 쿠킹로그,2,양파는 링 모양으로 썰거나 반으로 갈라 채 썰어 준비한다.
F3C8-uEMixU,햄버거 패티가 바삭 바삭! 돼지마늘버거입니다. ㅣ 백종원의 쿠킹로그,3,마늘은 잘게 다져 찬물에 담가 매운맛을 제거한다.
F3C8-uEMixU,햄버거 패티가 바삭 바삭! 돼지마늘버거입니다. ㅣ 백종원의 쿠킹로그,4,"그릇에 마요네즈, 황설탕, 식초, 다진마늘, 후춧가루를 넣어 섞어준다."
F3C8-uEMixU,햄버거 패티가 바삭 바삭! 돼지마늘버거입니다. ㅣ 백종원의 쿠킹로그,5,( 기호에 따라 간마늘의 양을 조절한다.
F3C8-uEMixU,햄버거 패티가 바삭 바삭! 돼지마늘버거입니다. ㅣ 백종원의 쿠킹로그,7,"고기에 맛소금, 후춧가루를 뿌려 밑간한다."
F3C8-uEMixU,햄버거 패티가 바삭 바삭! 돼지마늘버거입니다. ㅣ 백종원의 쿠킹로그,8,"큰 볼에 튀김가루, 물을 넣어 섞는다."
F3C8-uEMixU,햄버거 패티가 바삭 바삭! 돼지마늘버거입니다. ㅣ 백종원의 쿠킹로그,9,밑간해 둔 고기에 반죽옷을 입혀 170-180도 정도의 기름에 노릇하게 튀겨준다.
F3C8-uEMixU,햄버거 패티가 바삭 바삭! 돼지마늘버거입니다. ㅣ 백종원의 쿠킹로그,10,빵을 프라이팬에 올려 약불에 구워준다.
F3C8-uEMixU,햄버거 패티가 바삭 바삭! 돼지마늘버거입니다. ㅣ 백종원의 쿠킹로그,11,"빵에 소스를 바르고 양상추, 토마토, 소스, 고기튀김, 소스, 고기튀김, 양파 순으로 올린다."
F3C8-uEMixU,햄버거 패티가 바삭 바삭! 돼지마늘버거입니다. ㅣ 백종원의 쿠킹로그,12,마무리로 소스는 넉넉하게 뿌려준 후 빵으로 덮어 완성한다.
F5gdgqc5bgU,짬뽕은 어떻게 만들까요? 불쇼와 함께 맛보는 짬뽕!,1,저번에 화구 맛보기였다면 이번에 제대로!
F5gdgqc5bgU,짬뽕은 어떻게 만들까요? 불쇼와 함께 맛보는 짬뽕!,2,중화화구를 이용한 두번째 요리 짬뽕입니다~!
F5gdgqc5bgU,짬뽕은 어떻게 만들까요? 불쇼와 함께 맛보는 짬뽕!,3,오늘 같은 저녁 뜨끈하게 불맛나는 짬뽕 국물 어떠세요?
FI6iypOkNUg,"정말 시원한 멸치국수!! 육수, 양념장 고명에 뽀나스 메뉴는 비밀~ ㅣ 백종원의 쿠킹로그",1,멸치는 내장을 제거하여 준비한다.
FI6iypOkNUg,"정말 시원한 멸치국수!! 육수, 양념장 고명에 뽀나스 메뉴는 비밀~ ㅣ 백종원의 쿠킹로그",2,양파는 뿌리를 제거하고 껍질째 반으로 잘라 준비한다.
FI6iypOkNUg,"정말 시원한 멸치국수!! 육수, 양념장 고명에 뽀나스 메뉴는 비밀~ ㅣ 백종원의 쿠킹로그",3,"마른 냄비에 멸치, 디포리를 넣고 약불에서 볶아준다."
FI6iypOkNUg,"정말 시원한 멸치국수!! 육수, 양념장 고명에 뽀나스 메뉴는 비밀~ ㅣ 백종원의 쿠킹로그",4,"멸치, 디포리의 비린내가 날아가면 물, 양파, 대파, 다시마, 맛술을 넣어 끓인다."
FI6iypOkNUg,"정말 시원한 멸치국수!! 육수, 양념장 고명에 뽀나스 메뉴는 비밀~ ㅣ 백종원의 쿠킹로그",5,육수가 끓으면 불을 약하게 줄여 1시간 정도 끓여낸다.
FI6iypOkNUg,"정말 시원한 멸치국수!! 육수, 양념장 고명에 뽀나스 메뉴는 비밀~ ㅣ 백종원의 쿠킹로그",6,"국간장으로 색을 맞추고 소금, MSG를 넣어 간을 맞춘다."
FI6iypOkNUg,"정말 시원한 멸치국수!! 육수, 양념장 고명에 뽀나스 메뉴는 비밀~ ㅣ 백종원의 쿠킹로그",7,육수가 완성되면 체에 밭쳐 걸러내어 한 번 더 끓여준다.
FI6iypOkNUg,"정말 시원한 멸치국수!! 육수, 양념장 고명에 뽀나스 메뉴는 비밀~ ㅣ 백종원의 쿠킹로그",8,양념장
FI6iypOkNUg,"정말 시원한 멸치국수!! 육수, 양념장 고명에 뽀나스 메뉴는 비밀~ ㅣ 백종원의 쿠킹로그",9,대파는 십자 칼집을 넣어 잘게 썰어 준비한다.
FI6iypOkNUg,"정말 시원한 멸치국수!! 육수, 양념장 고명에 뽀나스 메뉴는 비밀~ ㅣ 백종원의 쿠킹로그",10,청양고추는 가늘게 송송 썰고 홍고추는 반으로 갈라 송송 썰어준다.
FI6iypOkNUg,"정말 시원한 멸치국수!! 육수, 양념장 고명에 뽀나스 메뉴는 비밀~ ㅣ 백종원의 쿠킹로그",11,"큰 볼에 대파, 청양고추, 홍고추, 간마늘, 깨소금, 고춧가루, 황설탕, 진간장, MSG를 넣어 골고루 섞어준다."
FI6iypOkNUg,"정말 시원한 멸치국수!! 육수, 양념장 고명에 뽀나스 메뉴는 비밀~ ㅣ 백종원의 쿠킹로그",12,부산(김해)식 국수
FI6iypOkNUg,"정말 시원한 멸치국수!! 육수, 양념장 고명에 뽀나스 메뉴는 비밀~ ㅣ 백종원의 쿠킹로그",13,단무지는 채 썬다.
FI6iypOkNUg,"정말 시원한 멸치국수!! 육수, 양념장 고명에 뽀나스 메뉴는 비밀~ ㅣ 백종원의 쿠킹로그",14,부추는 끓는 물에 소금을 넣어 데쳐낸다.
FI6iypOkNUg,"정말 시원한 멸치국수!! 육수, 양념장 고명에 뽀나스 메뉴는 비밀~ ㅣ 백종원의 쿠킹로그",15,데친 부추는 찬물에 헹궈 물기를 제거하고 먹기 좋게 잘라 준비한다.
FI6iypOkNUg,"정말 시원한 멸치국수!! 육수, 양념장 고명에 뽀나스 메뉴는 비밀~ ㅣ 백종원의 쿠킹로그",16,끓는 물에 소면을 넣고 끓어오르면 찬물을 부어가면서 삶아낸다.
FI6iypOkNUg,"정말 시원한 멸치국수!! 육수, 양념장 고명에 뽀나스 메뉴는 비밀~ ㅣ 백종원의 쿠킹로그",17,삶아진 소면은 체에 밭쳐 건져낸다.
FI6iypOkNUg,"정말 시원한 멸치국수!! 육수, 양념장 고명에 뽀나스 메뉴는 비밀~ ㅣ 백종원의 쿠킹로그",18,소면을 찬물에 담가 전분기가 빠지도록 헹궈낸다.
FI6iypOkNUg,"정말 시원한 멸치국수!! 육수, 양념장 고명에 뽀나스 메뉴는 비밀~ ㅣ 백종원의 쿠킹로그",19,"완성 그릇에 소면을 담고 단무지, 부추를 올린다."
FI6iypOkNUg,"정말 시원한 멸치국수!! 육수, 양념장 고명에 뽀나스 메뉴는 비밀~ ㅣ 백종원의 쿠킹로그",20,"양념장, 깨소금, 김가루, 후춧가루를 기호에 맞게 올린다."
FI6iypOkNUg,"정말 시원한 멸치국수!! 육수, 양념장 고명에 뽀나스 메뉴는 비밀~ ㅣ 백종원의 쿠킹로그",21,육수를 부어 마무리한다.
FI6iypOkNUg,"정말 시원한 멸치국수!! 육수, 양념장 고명에 뽀나스 메뉴는 비밀~ ㅣ 백종원의 쿠킹로그",22,기본형 국수
FI6iypOkNUg,"정말 시원한 멸치국수!! 육수, 양념장 고명에 뽀나스 메뉴는 비밀~ ㅣ 백종원의 쿠킹로그",23,"양파, 애호박, 당근은 일정하게 채 썰어 준비한다."
FI6iypOkNUg,"정말 시원한 멸치국수!! 육수, 양념장 고명에 뽀나스 메뉴는 비밀~ ㅣ 백종원의 쿠킹로그",24,표고버섯은 편 썬다.
FI6iypOkNUg,"정말 시원한 멸치국수!! 육수, 양념장 고명에 뽀나스 메뉴는 비밀~ ㅣ 백종원의 쿠킹로그",25,"마른 프라이팬에 양파, 애호박, 당근, 표고버섯을 각각 볶아 식혀준다."
FI6iypOkNUg,"정말 시원한 멸치국수!! 육수, 양념장 고명에 뽀나스 메뉴는 비밀~ ㅣ 백종원의 쿠킹로그",26,완성 그릇에 볶아 둔 채소를 돌려 담는다.
FI6iypOkNUg,"정말 시원한 멸치국수!! 육수, 양념장 고명에 뽀나스 메뉴는 비밀~ ㅣ 백종원의 쿠킹로그",27,양념장을 기호에 맞게 올리고 육수를 부어 완성한다.
FI6iypOkNUg,"정말 시원한 멸치국수!! 육수, 양념장 고명에 뽀나스 메뉴는 비밀~ ㅣ 백종원의 쿠킹로그",28,내 맘대로 국수
FI6iypOkNUg,"정말 시원한 멸치국수!! 육수, 양념장 고명에 뽀나스 메뉴는 비밀~ ㅣ 백종원의 쿠킹로그",29,냄비에 육수를 넣고 끓인다.
FI6iypOkNUg,"정말 시원한 멸치국수!! 육수, 양념장 고명에 뽀나스 메뉴는 비밀~ ㅣ 백종원의 쿠킹로그",30,"육수가 끓으면 양파, 애호박, 표고버섯, 당근을 넣는다."
FI6iypOkNUg,"정말 시원한 멸치국수!! 육수, 양념장 고명에 뽀나스 메뉴는 비밀~ ㅣ 백종원의 쿠킹로그",31,채소가 반 정도 익으면 달걀을 잘 풀어 넣어 익힌다.
FI6iypOkNUg,"정말 시원한 멸치국수!! 육수, 양념장 고명에 뽀나스 메뉴는 비밀~ ㅣ 백종원의 쿠킹로그",32,완성 그릇에 소면을 담고 채소를 데친 육수를 부어준다.
FI6iypOkNUg,"정말 시원한 멸치국수!! 육수, 양념장 고명에 뽀나스 메뉴는 비밀~ ㅣ 백종원의 쿠킹로그",33,양념장을 기호에 맞게 올려 마무리한다.
FI6iypOkNUg,"정말 시원한 멸치국수!! 육수, 양념장 고명에 뽀나스 메뉴는 비밀~ ㅣ 백종원의 쿠킹로그",34,달걀조림
FI6iypOkNUg,"정말 시원한 멸치국수!! 육수, 양념장 고명에 뽀나스 메뉴는 비밀~ ㅣ 백종원의 쿠킹로그",35,달걀은 미지근한 물에 깨끗하게 세척하여 준비한다.
FI6iypOkNUg,"정말 시원한 멸치국수!! 육수, 양념장 고명에 뽀나스 메뉴는 비밀~ ㅣ 백종원의 쿠킹로그",36,냄비에 멸치육수를 끓이고 나온 건더기를 넣어준다.
FI6iypOkNUg,"정말 시원한 멸치국수!! 육수, 양념장 고명에 뽀나스 메뉴는 비밀~ ㅣ 백종원의 쿠킹로그",37,"물, 진간장, 설탕, 간마늘을 넣어 끓인다."
FI6iypOkNUg,"정말 시원한 멸치국수!! 육수, 양념장 고명에 뽀나스 메뉴는 비밀~ ㅣ 백종원의 쿠킹로그",38,육수가 끓으면 달걀을 넣고 불을 중불로 줄인다.
FI6iypOkNUg,"정말 시원한 멸치국수!! 육수, 양념장 고명에 뽀나스 메뉴는 비밀~ ㅣ 백종원의 쿠킹로그",39,7분 정도가 지나면 국자를 이용하여 달걀을 두드려 깨준다.
FI6iypOkNUg,"정말 시원한 멸치국수!! 육수, 양념장 고명에 뽀나스 메뉴는 비밀~ ㅣ 백종원의 쿠킹로그",40,육수가 완전히 사라질 정도까지 졸여 완성한다.
FN02e4DYvpA,열무와 돼지고기를 된장으로 치치지직! 볶아내어 밥 위에 턱! 올려놓고 입안에 넣으면 아삭! 아삭! 으으으음!! 벌써 다 먹었네 '열무된장 양념덮밥',1,열무는 깨끗히 세척하여 2cm 정도 길이로 썰어준다.
FN02e4DYvpA,열무와 돼지고기를 된장으로 치치지직! 볶아내어 밥 위에 턱! 올려놓고 입안에 넣으면 아삭! 아삭! 으으으음!! 벌써 다 먹었네 '열무된장 양념덮밥',2,"양파는 사방 0.7cm로 네모지게 썰어주고, 대파, 청양고추, 홍고추는 잘게 송송 썰어준다."
FN02e4DYvpA,열무와 돼지고기를 된장으로 치치지직! 볶아내어 밥 위에 턱! 올려놓고 입안에 넣으면 아삭! 아삭! 으으으음!! 벌써 다 먹었네 '열무된장 양념덮밥',3,팬에 식용유를 두르고 대파를 넣고 볶아 파 기름을 낸다.
FN02e4DYvpA,열무와 돼지고기를 된장으로 치치지직! 볶아내어 밥 위에 턱! 올려놓고 입안에 넣으면 아삭! 아삭! 으으으음!! 벌써 다 먹었네 '열무된장 양념덮밥',4,파기름 향이 올라오기 시작하면 간 돼지고기를 넣고 뭉치지 않게 풀어가며 볶는다.
FN02e4DYvpA,열무와 돼지고기를 된장으로 치치지직! 볶아내어 밥 위에 턱! 올려놓고 입안에 넣으면 아삭! 아삭! 으으으음!! 벌써 다 먹었네 '열무된장 양념덮밥',5,"돼지고기가 익으면 양파를 넣어 노릇해질 때까지 볶은 후 간 마늘, 황설탕을 넣어 눌리듯 볶아준다."
FN02e4DYvpA,열무와 돼지고기를 된장으로 치치지직! 볶아내어 밥 위에 턱! 올려놓고 입안에 넣으면 아삭! 아삭! 으으으음!! 벌써 다 먹었네 '열무된장 양념덮밥',6,"재료가 골고루 볶아지면, 진간장을 넣어 튀기듯이 볶아준다."
FN02e4DYvpA,열무와 돼지고기를 된장으로 치치지직! 볶아내어 밥 위에 턱! 올려놓고 입안에 넣으면 아삭! 아삭! 으으으음!! 벌써 다 먹었네 '열무된장 양념덮밥',7,"재래식 된장, 고추장을 잘 풀어가며 기름에 튀기듯이 볶아준다."
FN02e4DYvpA,열무와 돼지고기를 된장으로 치치지직! 볶아내어 밥 위에 턱! 올려놓고 입안에 넣으면 아삭! 아삭! 으으으음!! 벌써 다 먹었네 '열무된장 양념덮밥',8,"된장, 고추장이 풀리면 굵은 고춧가루, 고운 고춧가루를 넣고 볶아준다."
FN02e4DYvpA,열무와 돼지고기를 된장으로 치치지직! 볶아내어 밥 위에 턱! 올려놓고 입안에 넣으면 아삭! 아삭! 으으으음!! 벌써 다 먹었네 '열무된장 양념덮밥',9,(고춧가루를 센 불에 볶으면 탈 수 있으니 주의한다.)
FN02e4DYvpA,열무와 돼지고기를 된장으로 치치지직! 볶아내어 밥 위에 턱! 올려놓고 입안에 넣으면 아삭! 아삭! 으으으음!! 벌써 다 먹었네 '열무된장 양념덮밥',10,손질해둔 열무를 넣고 수분이 나올 때까지 볶아준다.
FN02e4DYvpA,열무와 돼지고기를 된장으로 치치지직! 볶아내어 밥 위에 턱! 올려놓고 입안에 넣으면 아삭! 아삭! 으으으음!! 벌써 다 먹었네 '열무된장 양념덮밥',11,(물이 적게 나올 시에는 물을 소량 넣어 볶는다.)
FN02e4DYvpA,열무와 돼지고기를 된장으로 치치지직! 볶아내어 밥 위에 턱! 올려놓고 입안에 넣으면 아삭! 아삭! 으으으음!! 벌써 다 먹었네 '열무된장 양념덮밥',12,"청양고추, 홍고추를 넣고 볶아준다."
FN02e4DYvpA,열무와 돼지고기를 된장으로 치치지직! 볶아내어 밥 위에 턱! 올려놓고 입안에 넣으면 아삭! 아삭! 으으으음!! 벌써 다 먹었네 '열무된장 양념덮밥',13,참기름을 넣고 섞어준 후 불을 끈다.
FN02e4DYvpA,열무와 돼지고기를 된장으로 치치지직! 볶아내어 밥 위에 턱! 올려놓고 입안에 넣으면 아삭! 아삭! 으으으음!! 벌써 다 먹었네 '열무된장 양념덮밥',14,완성 접시에 밥을 담고 열무 된장 볶음을 얹어준다.
FN02e4DYvpA,열무와 돼지고기를 된장으로 치치지직! 볶아내어 밥 위에 턱! 올려놓고 입안에 넣으면 아삭! 아삭! 으으으음!! 벌써 다 먹었네 '열무된장 양념덮밥',15,(기호에 맞게 반찬으로 먹거나 삶은 소면에 얹어 먹는다.)
FN02e4DYvpA,열무와 돼지고기를 된장으로 치치지직! 볶아내어 밥 위에 턱! 올려놓고 입안에 넣으면 아삭! 아삭! 으으으음!! 벌써 다 먹었네 '열무된장 양념덮밥',16,깨소금을 뿌려 완성한다.
FQPtD59Imqo,편의점 마른안주를 더 맛있게 먹는 방법!,1,* 기본버전
FQPtD59Imqo,편의점 마른안주를 더 맛있게 먹는 방법!,2,청양고추는 반으로 갈라 잘게 썰어준다.
FQPtD59Imqo,편의점 마른안주를 더 맛있게 먹는 방법!,3,쪽파는 송송 썰어 준비한다.
FQPtD59Imqo,편의점 마른안주를 더 맛있게 먹는 방법!,4,"그릇에 청양고추, 마요네즈, 설탕, 식초를 넣는다."
FQPtD59Imqo,편의점 마른안주를 더 맛있게 먹는 방법!,5,설탕이 녹을 정도까지 잘 섞어준다.
FQPtD59Imqo,편의점 마른안주를 더 맛있게 먹는 방법!,6,종지에 소스를 담고 간장을 뿌려준다.
FQPtD59Imqo,편의점 마른안주를 더 맛있게 먹는 방법!,7,쪽파를 올려 마무리한다.
FQPtD59Imqo,편의점 마른안주를 더 맛있게 먹는 방법!,8,* 간장버전
FQPtD59Imqo,편의점 마른안주를 더 맛있게 먹는 방법!,9,"그릇에 청양고추, 마요네즈, 설탕, 식초, 진간장을 넣는다."
FQPtD59Imqo,편의점 마른안주를 더 맛있게 먹는 방법!,10,종지에 옮겨 담은 후 쪽파를 올려 마무리한다.
FQPtD59Imqo,편의점 마른안주를 더 맛있게 먹는 방법!,11,* 고추냉이버전
FQPtD59Imqo,편의점 마른안주를 더 맛있게 먹는 방법!,12,"그릇에 청양고추, 마요네즈, 설탕, 식초, 진간장, 고추냉이를 넣는다."
FbApByZGCXg,매콤새콤달콤 쫄면! 하지만 전 쫄면을 별로 좋아하진 않아요... 그 이유는...!,1,*양념장 만드는 법
FbApByZGCXg,매콤새콤달콤 쫄면! 하지만 전 쫄면을 별로 좋아하진 않아요... 그 이유는...!,2,"고추장, 황설탕, 고운 고춧가루, 진간장, 간 마늘, 식초를 섞어 양념장을 만든다."
FbApByZGCXg,매콤새콤달콤 쫄면! 하지만 전 쫄면을 별로 좋아하진 않아요... 그 이유는...!,3,*양조 식초 대신 사과식초를 사용해도 좋다.
FbApByZGCXg,매콤새콤달콤 쫄면! 하지만 전 쫄면을 별로 좋아하진 않아요... 그 이유는...!,4,*추가로 사과쥬스나 사과를 갈아서 1/3컵 정도 넣어 사용하면 좀 더 부드러운 양념장을 만들 수 있다.
FbApByZGCXg,매콤새콤달콤 쫄면! 하지만 전 쫄면을 별로 좋아하진 않아요... 그 이유는...!,5,*식초와 설탕 양은 기호에 맞게 양을 늘려도 좋다.
FbApByZGCXg,매콤새콤달콤 쫄면! 하지만 전 쫄면을 별로 좋아하진 않아요... 그 이유는...!,6,*채소 준비
FbApByZGCXg,매콤새콤달콤 쫄면! 하지만 전 쫄면을 별로 좋아하진 않아요... 그 이유는...!,7,콩나물은 끓는 물에 약 4분 정도 삶아 찬물에 헹궈 물기를 제거하여 준비한다.
FbApByZGCXg,매콤새콤달콤 쫄면! 하지만 전 쫄면을 별로 좋아하진 않아요... 그 이유는...!,8,*가위로 먹기 좋게 잘라 준비하면 비빌 때 편하다.
FbApByZGCXg,매콤새콤달콤 쫄면! 하지만 전 쫄면을 별로 좋아하진 않아요... 그 이유는...!,9,"달걀은 찬물에서부터 약 15분 정도 삶아 준비하고, 양배추, 당근은 가늘게 채 썰어 준비한다."
FbApByZGCXg,매콤새콤달콤 쫄면! 하지만 전 쫄면을 별로 좋아하진 않아요... 그 이유는...!,10,미역은 물에 불려 준비하고 상추는 두께 1cm정도로 채 썰어 준비한다.
FbApByZGCXg,매콤새콤달콤 쫄면! 하지만 전 쫄면을 별로 좋아하진 않아요... 그 이유는...!,11,*쫄면 만드는 법
FbApByZGCXg,매콤새콤달콤 쫄면! 하지만 전 쫄면을 별로 좋아하진 않아요... 그 이유는...!,12,냄비에 물을 넣고 강 불에 올려 면 삶을 물을 준비한다.
FbApByZGCXg,매콤새콤달콤 쫄면! 하지만 전 쫄면을 별로 좋아하진 않아요... 그 이유는...!,13,깊은 볼에 물을 받은 후 면을 넣고 끊어지지 않도록 살살 풀어 준비한다.
FbApByZGCXg,매콤새콤달콤 쫄면! 하지만 전 쫄면을 별로 좋아하진 않아요... 그 이유는...!,14,*접혀있는 부분을 결따라 먼저 풀어준 후 나머지 부분을 풀어줘야 끊어지지 않는다.
FbApByZGCXg,매콤새콤달콤 쫄면! 하지만 전 쫄면을 별로 좋아하진 않아요... 그 이유는...!,15,물이 바글바글 끓으면 풀어 둔 면을 넣고 약 4분 정도 삶아 찬물에 여러 번 헹궈 물기를 제거하여 준비한다.
FbApByZGCXg,매콤새콤달콤 쫄면! 하지만 전 쫄면을 별로 좋아하진 않아요... 그 이유는...!,16,"그릇에 삶아 둔 면을 담고 준비해 둔 채소, 삶은 달걀, 양념장, 통깨를 올려 완성한다."
FbApByZGCXg,매콤새콤달콤 쫄면! 하지만 전 쫄면을 별로 좋아하진 않아요... 그 이유는...!,17,*참기름은 기호에 맞게 선택한다.
FdL13qXf4MA,💪운동한다고 닭가슴살 사다 놓은 분들! 말복 '닭개장' 손쉽게 끓여봐요,1,닭가슴살은 물에 세척하여 준비한다.
FdL13qXf4MA,💪운동한다고 닭가슴살 사다 놓은 분들! 말복 '닭개장' 손쉽게 끓여봐요,2,"냄비에 물, 닭가슴살을 넣고 끓어 오르면 중불로 줄인 후 약 10분 삶는다."
FdL13qXf4MA,💪운동한다고 닭가슴살 사다 놓은 분들! 말복 '닭개장' 손쉽게 끓여봐요,3,닭가슴살이 익으면 건져내어 육수와 닭고기를 따로 준비한다.
FdL13qXf4MA,💪운동한다고 닭가슴살 사다 놓은 분들! 말복 '닭개장' 손쉽게 끓여봐요,4,대파는 길게 반 갈라 5~6cm 길이로 잘라 준비한다.
FdL13qXf4MA,💪운동한다고 닭가슴살 사다 놓은 분들! 말복 '닭개장' 손쉽게 끓여봐요,5,부추는 5cm 길이로 잘라 준비한다.
FdL13qXf4MA,💪운동한다고 닭가슴살 사다 놓은 분들! 말복 '닭개장' 손쉽게 끓여봐요,6,"느타리버섯은 잘게 찢어 준비하고, 양파는 두께 0.4cm로 채 썰어 준비한다."
FdL13qXf4MA,💪운동한다고 닭가슴살 사다 놓은 분들! 말복 '닭개장' 손쉽게 끓여봐요,7,닭가슴살이 식으면 결대로 찢는다.
FdL13qXf4MA,💪운동한다고 닭가슴살 사다 놓은 분들! 말복 '닭개장' 손쉽게 끓여봐요,8,*칼로 썰을 경우 끓이면서 살이 으스러질 수 있으니 주의한다.
FdL13qXf4MA,💪운동한다고 닭가슴살 사다 놓은 분들! 말복 '닭개장' 손쉽게 끓여봐요,9,"냄비에 참기름, 식용유, 대파를 넣고 대파의 숨이 죽을 때 까지 볶는다."
FdL13qXf4MA,💪운동한다고 닭가슴살 사다 놓은 분들! 말복 '닭개장' 손쉽게 끓여봐요,10,약불로 줄인 후 굵은고추가루를 넣고 볶아 고추기름을 뺀다.
FdL13qXf4MA,💪운동한다고 닭가슴살 사다 놓은 분들! 말복 '닭개장' 손쉽게 끓여봐요,11,"육수를 냄비에 넣은 후 느타리버섯, 양파, 닭가슴살, 간 생강, 간 마늘, 국간장, 꽃소금을 넣고 강불에 끓인다."
FdL13qXf4MA,💪운동한다고 닭가슴살 사다 놓은 분들! 말복 '닭개장' 손쉽게 끓여봐요,12,*간 생강을 많이 넣을 경우 맛이 변할 수 있으니 주의한다.
FdL13qXf4MA,💪운동한다고 닭가슴살 사다 놓은 분들! 말복 '닭개장' 손쉽게 끓여봐요,13,*꽃소금은 기호에 맞게 조금씩 넣어가며 간을 맞추는 것이 좋다.
FdL13qXf4MA,💪운동한다고 닭가슴살 사다 놓은 분들! 말복 '닭개장' 손쉽게 끓여봐요,14,*기호에 맞게 MSG나 소고기 다시다를 추가한다.
FdL13qXf4MA,💪운동한다고 닭가슴살 사다 놓은 분들! 말복 '닭개장' 손쉽게 끓여봐요,15,바글바글 끓어 오르면 중불로 줄인 후 약 15~20분 끓인다.
FdL13qXf4MA,💪운동한다고 닭가슴살 사다 놓은 분들! 말복 '닭개장' 손쉽게 끓여봐요,16,"달걀을 살짝 풀어 끓고 있는 닭개장에 둘러 넣은 후 부추, 숙주를 넣고 약 1분 정도 끓인다."
FdL13qXf4MA,💪운동한다고 닭가슴살 사다 놓은 분들! 말복 '닭개장' 손쉽게 끓여봐요,17,닭개장을 그릇에 옮겨 담은 후 후춧가루를 뿌려 완성한다.
FnihBW52Ux8,우주대스타 '김희철!!!'님과 만드는 달래간장+밥!,1,* 달래간장
FnihBW52Ux8,우주대스타 '김희철!!!'님과 만드는 달래간장+밥!,2,"팬에 돼지고기, 진간장, 황설탕을 넣고 고기가 익을 정도까지 끓인다."
FnihBW52Ux8,우주대스타 '김희철!!!'님과 만드는 달래간장+밥!,3,고기가 익으면 불을 끄고 간장을 식힌다.
FnihBW52Ux8,우주대스타 '김희철!!!'님과 만드는 달래간장+밥!,4,달래는 2cm 정도로 자르고 청양고추는 잘게 썰어둔다.
FnihBW52Ux8,우주대스타 '김희철!!!'님과 만드는 달래간장+밥!,5,"볼에 달래, 고기간장, 고춧가루, 간마늘, 청양고추를 넣어 섞는다."
FnihBW52Ux8,우주대스타 '김희철!!!'님과 만드는 달래간장+밥!,6,"골고루 섞이면 참기름, 깨소금을 넣고 섞어 마무리한다."
FnihBW52Ux8,우주대스타 '김희철!!!'님과 만드는 달래간장+밥!,7,* 밤밥
FnihBW52Ux8,우주대스타 '김희철!!!'님과 만드는 달래간장+밥!,8,쌀은 물에 30분 정도 불려 준비한다.
FnihBW52Ux8,우주대스타 '김희철!!!'님과 만드는 달래간장+밥!,9,밤은 ½ 크기로 잘라 준비한다.
FnihBW52Ux8,우주대스타 '김희철!!!'님과 만드는 달래간장+밥!,10,불린 물을 제거하고 밥솥에 쌀을 넣는다.
FnihBW52Ux8,우주대스타 '김희철!!!'님과 만드는 달래간장+밥!,11,물 2컵을 넣고 깐 밤을 올려 밥을 짓는다.
FnihBW52Ux8,우주대스타 '김희철!!!'님과 만드는 달래간장+밥!,12,* 콩나물밥
FnihBW52Ux8,우주대스타 '김희철!!!'님과 만드는 달래간장+밥!,13,콩나물은 한번 씻어서 준비한다.
FnihBW52Ux8,우주대스타 '김희철!!!'님과 만드는 달래간장+밥!,14,물 2컵을 넣고 콩나물을 올려 밥을 짓는다.
G25SAhShmQw,라떼는 말이야 고구마라떼,1,고구마는 껍질을 벗긴 후 양쪽 끝부분을 잘라내고 세로로 반 길게 갈라 약 1cm정도 두께로 자른다.
G25SAhShmQw,라떼는 말이야 고구마라떼,2,전자레인지용 그릇에 자른 고구마와 익힘용 물을 넣고 전자레인지에 5분 돌린다.
G25SAhShmQw,라떼는 말이야 고구마라떼,3,"믹서기에 익힌 고구마를 넣고 황설탕, 우유, 물, 버터를 넣어 약 1분 정도 곱게 간다."
G25SAhShmQw,라떼는 말이야 고구마라떼,4,"컵에 얼음을 담고 고구마 라떼를 넣어 아이스 고구마 라떼를 만들거나, 고구마 라떼를 컵에 담고 전자레인지에 약 40초~1분 정도 돌려 따뜻한 고구마 라떼를 만든다."
G25SAhShmQw,라떼는 말이야 고구마라떼,5,따뜻한 고구마라떼 위에 계피가루를 뿌려 완성한다.
G2kylWhMw5s,직접 반죽해서 만든 김치 수제비!,1,*수제비 반죽
G2kylWhMw5s,직접 반죽해서 만든 김치 수제비!,2,큰 볼에 밀가루를 체에 내려준다.
G2kylWhMw5s,직접 반죽해서 만든 김치 수제비!,3,소금을 넣어 섞어준다.
G2kylWhMw5s,직접 반죽해서 만든 김치 수제비!,4,물을 조금씩 넣어가면서 숟가락을 이용하여 섞어준다.
G2kylWhMw5s,직접 반죽해서 만든 김치 수제비!,5,반죽이 뭉치기 시작하면 손을 이용하여 반죽한다.
G2kylWhMw5s,직접 반죽해서 만든 김치 수제비!,6,봉지에 반죽을 넣고 공기가 안 들어가도록 묶어 10분 정도 숙성시킨다.
G2kylWhMw5s,직접 반죽해서 만든 김치 수제비!,7,*김치 수제비
G2kylWhMw5s,직접 반죽해서 만든 김치 수제비!,8,"냄비에 물, 멸치가루를 넣어 끓인다."
G2kylWhMw5s,직접 반죽해서 만든 김치 수제비!,9,"육수가 끓으면 신김치, 간마늘, 고춧가루, 국간장, 멸치액젓을 넣어 끓인다."
G2kylWhMw5s,직접 반죽해서 만든 김치 수제비!,10,"애호박은 채 썰고 청양고추, 대파는 송송 썰어 준비한다."
G2kylWhMw5s,직접 반죽해서 만든 김치 수제비!,11,육수의 간을 보고 불을 줄인 후 수제비 반죽을 뜯어 넣는다.
G2kylWhMw5s,직접 반죽해서 만든 김치 수제비!,12,한번 끓어오르면 채소를 넣고 끓인다.
G2kylWhMw5s,직접 반죽해서 만든 김치 수제비!,13,수제비가 익으면 완성접시에 담고 기호에 따라 후춧가루를 뿌린다.
GP8_7D5eM6A,고추기름이 포인트! '순두부찌개'로 오늘 저녁 어떠세요?! ㅣ 백종원의 백종원 레시피,1,*순두부 양념장 만드는 법
GP8_7D5eM6A,고추기름이 포인트! '순두부찌개'로 오늘 저녁 어떠세요?! ㅣ 백종원의 백종원 레시피,2,프라이팬에 식용유와 참기름을 넣는다.
GP8_7D5eM6A,고추기름이 포인트! '순두부찌개'로 오늘 저녁 어떠세요?! ㅣ 백종원의 백종원 레시피,3,"대파, 돼지고기를 넣고 안 뭉치게 풀어준다."
GP8_7D5eM6A,고추기름이 포인트! '순두부찌개'로 오늘 저녁 어떠세요?! ㅣ 백종원의 백종원 레시피,4,돼지고기가 어느 정도 익고 풀어지면 양파를 넣는다.
GP8_7D5eM6A,고추기름이 포인트! '순두부찌개'로 오늘 저녁 어떠세요?! ㅣ 백종원의 백종원 레시피,5,양파의 수분을 날린다는 생각으로 충분히 볶아준다.
GP8_7D5eM6A,고추기름이 포인트! '순두부찌개'로 오늘 저녁 어떠세요?! ㅣ 백종원의 백종원 레시피,6,"다진 마늘, 소금을 넣고 볶아준다."
GP8_7D5eM6A,고추기름이 포인트! '순두부찌개'로 오늘 저녁 어떠세요?! ㅣ 백종원의 백종원 레시피,7,"고춧가루, 황설탕을 넣고 볶아준다."
GP8_7D5eM6A,고추기름이 포인트! '순두부찌개'로 오늘 저녁 어떠세요?! ㅣ 백종원의 백종원 레시피,8,간장을 넣고 볶아 마무리한다.
GP8_7D5eM6A,고추기름이 포인트! '순두부찌개'로 오늘 저녁 어떠세요?! ㅣ 백종원의 백종원 레시피,9,*기본 순두부찌개 만드는 법
GP8_7D5eM6A,고추기름이 포인트! '순두부찌개'로 오늘 저녁 어떠세요?! ㅣ 백종원의 백종원 레시피,10,불을 켜고 뚝배기에 물을 넣는다.
GP8_7D5eM6A,고추기름이 포인트! '순두부찌개'로 오늘 저녁 어떠세요?! ㅣ 백종원의 백종원 레시피,11,순두부 양념장 160g을 넣는다.
GP8_7D5eM6A,고추기름이 포인트! '순두부찌개'로 오늘 저녁 어떠세요?! ㅣ 백종원의 백종원 레시피,12,순두부 1개를 반썰어 전량 넣는다.
GP8_7D5eM6A,고추기름이 포인트! '순두부찌개'로 오늘 저녁 어떠세요?! ㅣ 백종원의 백종원 레시피,13,순두부를 숟가락으로 적당히 부셔준다.
GP8_7D5eM6A,고추기름이 포인트! '순두부찌개'로 오늘 저녁 어떠세요?! ㅣ 백종원의 백종원 레시피,14,끓어오르면 계란을 넣어준다.
GP8_7D5eM6A,고추기름이 포인트! '순두부찌개'로 오늘 저녁 어떠세요?! ㅣ 백종원의 백종원 레시피,15,"잘게 썬 고추, 쪽파, 후춧가루를 곁들인다."
GpEiUb20IFo,"떡갈비 버거, 일명 '붹붹버거'입니다! 햄버거는 한식이죠~~?? l 백종원의 쿠킹로그",1,"큰 볼에 고기, 진간장, 황설탕, 감자전분, 간마늘, 후추를 넣어 치대어 준다."
GpEiUb20IFo,"떡갈비 버거, 일명 '붹붹버거'입니다! 햄버거는 한식이죠~~?? l 백종원의 쿠킹로그",2,골고루 섞이면 참기름을 넣고 섞어준다.
GpEiUb20IFo,"떡갈비 버거, 일명 '붹붹버거'입니다! 햄버거는 한식이죠~~?? l 백종원의 쿠킹로그",3,탁구공 크기로 고기 반죽을 성형하여 넓적하게 눌러준다.
GpEiUb20IFo,"떡갈비 버거, 일명 '붹붹버거'입니다! 햄버거는 한식이죠~~?? l 백종원의 쿠킹로그",4,햄버거 빵을 반으로 갈라 프라이팬에 버터를 두르고 약불에서 노릇하게 구워준다.
GpEiUb20IFo,"떡갈비 버거, 일명 '붹붹버거'입니다! 햄버거는 한식이죠~~?? l 백종원의 쿠킹로그",5,양파는 가늘게 채 썰어 준비한다.
GpEiUb20IFo,"떡갈비 버거, 일명 '붹붹버거'입니다! 햄버거는 한식이죠~~?? l 백종원의 쿠킹로그",6,프라이팬에 식용유를 두르고 떡갈비 반죽을 펼쳐 굽는다.
GpEiUb20IFo,"떡갈비 버거, 일명 '붹붹버거'입니다! 햄버거는 한식이죠~~?? l 백종원의 쿠킹로그",7,구워진 빵 위에 상추를 깔고 패티를 올린다.
GpEiUb20IFo,"떡갈비 버거, 일명 '붹붹버거'입니다! 햄버거는 한식이죠~~?? l 백종원의 쿠킹로그",8,"그 위에 케첩, 떡갈비 패티, 치즈, 떡갈비 패티 순으로 올려준다."
GpEiUb20IFo,"떡갈비 버거, 일명 '붹붹버거'입니다! 햄버거는 한식이죠~~?? l 백종원의 쿠킹로그",9,채 썬 양파를 올리고 마요네즈를 뿌려 빵으로 덮어 완성한다.
Gq9S0dJ3wHg,멸치 없이 채수로~ 쉽고 빠른 잔치국수 만들기!,1,*육수
Gq9S0dJ3wHg,멸치 없이 채수로~ 쉽고 빠른 잔치국수 만들기!,2,"양파, 애호박은 두께 0.5cm로 채 썰어 준비한다."
Gq9S0dJ3wHg,멸치 없이 채수로~ 쉽고 빠른 잔치국수 만들기!,3,"당근, 표고버섯은 두께 0.3cm로 채 썰어 준비한다."
Gq9S0dJ3wHg,멸치 없이 채수로~ 쉽고 빠른 잔치국수 만들기!,4,냄비에 물을 넣고 강불에 끓인다.
Gq9S0dJ3wHg,멸치 없이 채수로~ 쉽고 빠른 잔치국수 만들기!,5,물이 끓어 오르면 준비해둔 채소를 넣고 끓인다.
Gq9S0dJ3wHg,멸치 없이 채수로~ 쉽고 빠른 잔치국수 만들기!,6,"육수가 바글바글 끓으면 국간장, 꽃소금을 넣어 간을 맞춘다."
Gq9S0dJ3wHg,멸치 없이 채수로~ 쉽고 빠른 잔치국수 만들기!,7,달걀을 가볍게 풀어 냄비에 둘러 넣고 가볍게 섞은 후 불을 끈다.
Gq9S0dJ3wHg,멸치 없이 채수로~ 쉽고 빠른 잔치국수 만들기!,8,*양념간장
Gq9S0dJ3wHg,멸치 없이 채수로~ 쉽고 빠른 잔치국수 만들기!,9,대파는 두께 0.3cm로 송송 썰어 준비한다.
Gq9S0dJ3wHg,멸치 없이 채수로~ 쉽고 빠른 잔치국수 만들기!,10,* 두꺼운 대파의 경우 길게 반 갈라 송송 썬다.
Gq9S0dJ3wHg,멸치 없이 채수로~ 쉽고 빠른 잔치국수 만들기!,11,청양고추는 길게 반 갈라 두께 0.3cm로 송송 썬다.
Gq9S0dJ3wHg,멸치 없이 채수로~ 쉽고 빠른 잔치국수 만들기!,12,"깊은 볼에 대파, 청양고추, 진간장, 굵은 고춧가루, 깨소금, 황설탕, 간 마늘을 넣고 섞는다."
Gq9S0dJ3wHg,멸치 없이 채수로~ 쉽고 빠른 잔치국수 만들기!,13,* 깨소금은 절구에 넣고 빻아서 만든다.
Gq9S0dJ3wHg,멸치 없이 채수로~ 쉽고 빠른 잔치국수 만들기!,14,참기름을 넣고 섞어 양념간장을 만든다.
Gq9S0dJ3wHg,멸치 없이 채수로~ 쉽고 빠른 잔치국수 만들기!,15,*1인분 세팅
Gq9S0dJ3wHg,멸치 없이 채수로~ 쉽고 빠른 잔치국수 만들기!,16,냄비에 물을 넣고 강 불에 끓인다.
Gq9S0dJ3wHg,멸치 없이 채수로~ 쉽고 빠른 잔치국수 만들기!,17,물이 끓어오르면 소면을 넣고 뭉치지 않도록 저어가며 약 3분 30초 삶는다.
Gq9S0dJ3wHg,멸치 없이 채수로~ 쉽고 빠른 잔치국수 만들기!,18,*거품이 냄비 전체에 올라오면 물 1/4컵을 넣는다.
Gq9S0dJ3wHg,멸치 없이 채수로~ 쉽고 빠른 잔치국수 만들기!,19,( 2번 반복한다.)
Gq9S0dJ3wHg,멸치 없이 채수로~ 쉽고 빠른 잔치국수 만들기!,20,소면이 익으면 건져내어 찬물에 넣고 빨듯이 강하게 비벼서 전분을 제거한다.
Gq9S0dJ3wHg,멸치 없이 채수로~ 쉽고 빠른 잔치국수 만들기!,21,그릇에 물기를 제거한 소면을 담고 육수를 붓는다.
Gq9S0dJ3wHg,멸치 없이 채수로~ 쉽고 빠른 잔치국수 만들기!,22,"양념간장, 후춧가루를 올려 완성한다."
GsnwEVsotdU,메리 크리스마스! '함박스테이크'로 우아한 크리스마스 보내세요~ l 백종원의 쿠킹로그,1,[ 양파볶음 ]
GsnwEVsotdU,메리 크리스마스! '함박스테이크'로 우아한 크리스마스 보내세요~ l 백종원의 쿠킹로그,2,양파는 잘게 다져 준비한다.
GsnwEVsotdU,메리 크리스마스! '함박스테이크'로 우아한 크리스마스 보내세요~ l 백종원의 쿠킹로그,3,"프라이팬에 버터, 식용유, 양파를 넣어 약불에서 볶는다."
GsnwEVsotdU,메리 크리스마스! '함박스테이크'로 우아한 크리스마스 보내세요~ l 백종원의 쿠킹로그,4,"양파의 숨이 죽으면 간마늘, 소금을 넣어 노릇하게 볶아 식힌다."
GsnwEVsotdU,메리 크리스마스! '함박스테이크'로 우아한 크리스마스 보내세요~ l 백종원의 쿠킹로그,5,[ 스테이크 ]
GsnwEVsotdU,메리 크리스마스! '함박스테이크'로 우아한 크리스마스 보내세요~ l 백종원의 쿠킹로그,6,"큰 볼에 고기, 양파볶음, 우스터소스, 케첩, 달걀을 넣어 골고루 섞어 반죽을 만든다."
GsnwEVsotdU,메리 크리스마스! '함박스테이크'로 우아한 크리스마스 보내세요~ l 백종원의 쿠킹로그,7,반죽에 빵가루를 넣어 치대면서 섞어준다.
GsnwEVsotdU,메리 크리스마스! '함박스테이크'로 우아한 크리스마스 보내세요~ l 백종원의 쿠킹로그,8,반죽이 뭉쳐질 때까지 치댄 후 야구공 크기로 성형한다.
GsnwEVsotdU,메리 크리스마스! '함박스테이크'로 우아한 크리스마스 보내세요~ l 백종원의 쿠킹로그,9,(기호에 맞게 반죽 속에 모짜렐라치즈를 넣어 성형한다.)
GsnwEVsotdU,메리 크리스마스! '함박스테이크'로 우아한 크리스마스 보내세요~ l 백종원의 쿠킹로그,10,두께 2cm 정도의 크기로 성형한다.
GsnwEVsotdU,메리 크리스마스! '함박스테이크'로 우아한 크리스마스 보내세요~ l 백종원의 쿠킹로그,11,프라이팬에 식용유를 두르고 고기를 넣어 익힌다.
GsnwEVsotdU,메리 크리스마스! '함박스테이크'로 우아한 크리스마스 보내세요~ l 백종원의 쿠킹로그,12,고기가 익기 시작하면 중불로 줄인다.
GsnwEVsotdU,메리 크리스마스! '함박스테이크'로 우아한 크리스마스 보내세요~ l 백종원의 쿠킹로그,13,물 1/3컵 정도를 넣고 뚜껑을 덮어 익힌다.
GsnwEVsotdU,메리 크리스마스! '함박스테이크'로 우아한 크리스마스 보내세요~ l 백종원의 쿠킹로그,14,물이 증발하고 고기가 반 정도 익으면 뒤집어 준다.
GsnwEVsotdU,메리 크리스마스! '함박스테이크'로 우아한 크리스마스 보내세요~ l 백종원의 쿠킹로그,15,물 1/3컵을 더 부어 중약불에서 골고루 익혀준다.
GsnwEVsotdU,메리 크리스마스! '함박스테이크'로 우아한 크리스마스 보내세요~ l 백종원의 쿠킹로그,16,깨끗한 프라이팬에 식용유를 두르고 달걀 프라이를 한다.
GsnwEVsotdU,메리 크리스마스! '함박스테이크'로 우아한 크리스마스 보내세요~ l 백종원의 쿠킹로그,17,완성 그릇에 스테이크를 담고 밥을 주먹밥 모양으로 올려준다.
GsnwEVsotdU,메리 크리스마스! '함박스테이크'로 우아한 크리스마스 보내세요~ l 백종원의 쿠킹로그,18,"스테이크 위에 소스를 끼얹고 파슬리가루, 달걀프라이를 올려 완성한다."
GsnwEVsotdU,메리 크리스마스! '함박스테이크'로 우아한 크리스마스 보내세요~ l 백종원의 쿠킹로그,19,[ 스테이크소스 ]
GsnwEVsotdU,메리 크리스마스! '함박스테이크'로 우아한 크리스마스 보내세요~ l 백종원의 쿠킹로그,20,새송이버섯은 반으로 갈라 0.5cm 두께 정도로 편 썬다.
GsnwEVsotdU,메리 크리스마스! '함박스테이크'로 우아한 크리스마스 보내세요~ l 백종원의 쿠킹로그,21,양파는 0.5cm 두께로 채 썬다.
GsnwEVsotdU,메리 크리스마스! '함박스테이크'로 우아한 크리스마스 보내세요~ l 백종원의 쿠킹로그,22,고기를 구운 팬에 버터를 넣어 중불에서 녹인다.
GsnwEVsotdU,메리 크리스마스! '함박스테이크'로 우아한 크리스마스 보내세요~ l 백종원의 쿠킹로그,23,"버터가 녹으면 양파, 새송이버섯을 넣어 볶는다."
GsnwEVsotdU,메리 크리스마스! '함박스테이크'로 우아한 크리스마스 보내세요~ l 백종원의 쿠킹로그,24,"채소의 숨이 죽으면 황설탕, 후추, 케첩, 진간장을 넣어 볶는다."
GsnwEVsotdU,메리 크리스마스! '함박스테이크'로 우아한 크리스마스 보내세요~ l 백종원의 쿠킹로그,25,양념장이 채소와 골고루 섞이면 물을 넣고 끓여 농도를 맞춘다.
HChukhwE1do,★고추마늘치킨★ 충격! 백스비어 영업기밀 공개!ㅣ 백종원의 쿠킹로그,1,*닭 염지
HChukhwE1do,★고추마늘치킨★ 충격! 백스비어 영업기밀 공개!ㅣ 백종원의 쿠킹로그,2,토막닭은 깨끗하게 세척하여 물기를 제거한다.
HChukhwE1do,★고추마늘치킨★ 충격! 백스비어 영업기밀 공개!ㅣ 백종원의 쿠킹로그,3,"닭에 맛소금, MSG, 후추를 넣어 버무린 후 30분정도 염지한다."
HChukhwE1do,★고추마늘치킨★ 충격! 백스비어 영업기밀 공개!ㅣ 백종원의 쿠킹로그,4,*양념장
HChukhwE1do,★고추마늘치킨★ 충격! 백스비어 영업기밀 공개!ㅣ 백종원의 쿠킹로그,5,청양고추는 꼭지를 제거하고 반으로 갈라 잘게 다진다.
HChukhwE1do,★고추마늘치킨★ 충격! 백스비어 영업기밀 공개!ㅣ 백종원의 쿠킹로그,6,사천고추는 잘게 잘라준다.
HChukhwE1do,★고추마늘치킨★ 충격! 백스비어 영업기밀 공개!ㅣ 백종원의 쿠킹로그,7,"냄비에 진간장, 황설탕, 물엿, 미림, MSG, 노두유를 넣어 끓인다."
HChukhwE1do,★고추마늘치킨★ 충격! 백스비어 영업기밀 공개!ㅣ 백종원의 쿠킹로그,8,"양념장이 끓어오르면 불을 줄이고 간마늘, 청양고추, 사천고추를 넣어 섞는다."
HChukhwE1do,★고추마늘치킨★ 충격! 백스비어 영업기밀 공개!ㅣ 백종원의 쿠킹로그,9,*치킨
HChukhwE1do,★고추마늘치킨★ 충격! 백스비어 영업기밀 공개!ㅣ 백종원의 쿠킹로그,10,떡국떡은 물에 담궈 1시간 이상 불려준다.
HChukhwE1do,★고추마늘치킨★ 충격! 백스비어 영업기밀 공개!ㅣ 백종원의 쿠킹로그,11,큰 코팅팬에 식용유를 넣고 160-170도 정도로 예열한다.
HChukhwE1do,★고추마늘치킨★ 충격! 백스비어 영업기밀 공개!ㅣ 백종원의 쿠킹로그,12,"반죽용 튀김가루, 물을 넣어 반죽물을 만들어준다."
HChukhwE1do,★고추마늘치킨★ 충격! 백스비어 영업기밀 공개!ㅣ 백종원의 쿠킹로그,13,염지 된 닭에 반죽물을 골고루 묻혀준다.
HChukhwE1do,★고추마늘치킨★ 충격! 백스비어 영업기밀 공개!ㅣ 백종원의 쿠킹로그,14,비닐봉지에 튀김가루를 담고 반죽물 입힌 닭을 넣고 흔들어 섞어준다.
HChukhwE1do,★고추마늘치킨★ 충격! 백스비어 영업기밀 공개!ㅣ 백종원의 쿠킹로그,15,예열 된 기름에 닭을 넣어 8분정도 튀겨낸다.
HChukhwE1do,★고추마늘치킨★ 충격! 백스비어 영업기밀 공개!ㅣ 백종원의 쿠킹로그,16,불린떡은 물기를 완전히 제거하고 기름에 넣어 1분정도 튀긴다.
HChukhwE1do,★고추마늘치킨★ 충격! 백스비어 영업기밀 공개!ㅣ 백종원의 쿠킹로그,17,"큰 볼에 튀긴 닭, 튀긴 떡을 넣고 양념장을 넣어 버무린다."
HI8DlDs1gko,초:초:초간단 만능양념장으로 만드는 춘천식 닭갈비! 1:1:1:1:1:1 ㅣ 백종원의 쿠킹로그,1,*만능 양념장 만드는 법
HI8DlDs1gko,초:초:초간단 만능양념장으로 만드는 춘천식 닭갈비! 1:1:1:1:1:1 ㅣ 백종원의 쿠킹로그,2,"큰 볼에 고추장, 황설탕, 굵은 고춧가루, 맛술, 진간장, 간 마늘을 넣고 뭉치지 않게 잘 섞어준다."
HI8DlDs1gko,초:초:초간단 만능양념장으로 만드는 춘천식 닭갈비! 1:1:1:1:1:1 ㅣ 백종원의 쿠킹로그,3,*닭갈비 만드는 법
HI8DlDs1gko,초:초:초간단 만능양념장으로 만드는 춘천식 닭갈비! 1:1:1:1:1:1 ㅣ 백종원의 쿠킹로그,4,닭 다리 살은 먹기 좋은 크기로 잘라 준비한다.
HI8DlDs1gko,초:초:초간단 만능양념장으로 만드는 춘천식 닭갈비! 1:1:1:1:1:1 ㅣ 백종원의 쿠킹로그,5,양파는 2cm 정도 두께로 굵게 채 썰고 감자는 0.5cm 두께로 편 썰어 1cm 정도로 채 썰어 준비한다.
HI8DlDs1gko,초:초:초간단 만능양념장으로 만드는 춘천식 닭갈비! 1:1:1:1:1:1 ㅣ 백종원의 쿠킹로그,6,양배추는 큼지막하게 손질한다.
HI8DlDs1gko,초:초:초간단 만능양념장으로 만드는 춘천식 닭갈비! 1:1:1:1:1:1 ㅣ 백종원의 쿠킹로그,7,대파의 이파리 부분은 3cm 정도 길이로 썰고 줄기 부분은 반으로 갈라 3cm로 썰어준다.
HI8DlDs1gko,초:초:초간단 만능양념장으로 만드는 춘천식 닭갈비! 1:1:1:1:1:1 ㅣ 백종원의 쿠킹로그,8,마늘은 깨끗하게 세척한 후 꼭지를 제거하여 준비한다.
HI8DlDs1gko,초:초:초간단 만능양념장으로 만드는 춘천식 닭갈비! 1:1:1:1:1:1 ㅣ 백종원의 쿠킹로그,9,꽈리고추는 줄기를 제거하고 1/2로 자르고 청양고추는 송송 썰어 준비한다.
HI8DlDs1gko,초:초:초간단 만능양념장으로 만드는 춘천식 닭갈비! 1:1:1:1:1:1 ㅣ 백종원의 쿠킹로그,10,"큰 볼에 닭 다리 살, 감자, 양파, 양배추, 청양고추, 꽈리고추, 마늘, 만능 양념장을 넣어 섞는다."
HI8DlDs1gko,초:초:초간단 만능양념장으로 만드는 춘천식 닭갈비! 1:1:1:1:1:1 ㅣ 백종원의 쿠킹로그,11,"골고루 양념장에 베이면 대파를 넣어 섞어준 후 후춧가루, 참기름을 뿌려 섞는다."
HI8DlDs1gko,초:초:초간단 만능양념장으로 만드는 춘천식 닭갈비! 1:1:1:1:1:1 ㅣ 백종원의 쿠킹로그,12,접시에 양념해 둔 닭갈비를 옮겨 담고 깨소금을 뿌린다.
HI8DlDs1gko,초:초:초간단 만능양념장으로 만드는 춘천식 닭갈비! 1:1:1:1:1:1 ㅣ 백종원의 쿠킹로그,13,프라이팬에 불을 켜고 양념해둔 재료를 올린 후 중불에서 서서히 익힌다.
HI8DlDs1gko,초:초:초간단 만능양념장으로 만드는 춘천식 닭갈비! 1:1:1:1:1:1 ㅣ 백종원의 쿠킹로그,14,눌어붙기 시작하면 물을 넣어 타지 않게 볶아준다.
HI8DlDs1gko,초:초:초간단 만능양념장으로 만드는 춘천식 닭갈비! 1:1:1:1:1:1 ㅣ 백종원의 쿠킹로그,15,너무 큰 닭 다리 살은 가위를 이용하여 한 입 크기로 잘라준다.
HI8DlDs1gko,초:초:초간단 만능양념장으로 만드는 춘천식 닭갈비! 1:1:1:1:1:1 ㅣ 백종원의 쿠킹로그,16,간을 본 후 떡사리를 넣어 익힌다.
HI8DlDs1gko,초:초:초간단 만능양념장으로 만드는 춘천식 닭갈비! 1:1:1:1:1:1 ㅣ 백종원의 쿠킹로그,17,우동 사리는 끓는 물에 데쳐 물기를 제거한 후 볶아진 닭갈비에 넣고 볶아 완성한다.
HIma0ha9F-I,'맛남의 광장' 막내 동준님과 함께 만드는 편육냉채! 응용 버전도 확인해보세요! ㅣ 백종원의 쿠킹로그,1,*고추기름
HIma0ha9F-I,'맛남의 광장' 막내 동준님과 함께 만드는 편육냉채! 응용 버전도 확인해보세요! ㅣ 백종원의 쿠킹로그,2,"프라이팬에 식용유, 대파, 참기름을 넣어 파 기름을 낸다."
HIma0ha9F-I,'맛남의 광장' 막내 동준님과 함께 만드는 편육냉채! 응용 버전도 확인해보세요! ㅣ 백종원의 쿠킹로그,3,유리 볼에 식용유와 동량의 고춧가루를 넣고 파 기름을 부어가면서 빠르게 섞어준다.
HIma0ha9F-I,'맛남의 광장' 막내 동준님과 함께 만드는 편육냉채! 응용 버전도 확인해보세요! ㅣ 백종원의 쿠킹로그,4,[편육냉채_동준 버전]
HIma0ha9F-I,'맛남의 광장' 막내 동준님과 함께 만드는 편육냉채! 응용 버전도 확인해보세요! ㅣ 백종원의 쿠킹로그,5,"식초, 설탕을 1:1 비율로 섞어 녹여준다."
HIma0ha9F-I,'맛남의 광장' 막내 동준님과 함께 만드는 편육냉채! 응용 버전도 확인해보세요! ㅣ 백종원의 쿠킹로그,6,대파는 어슷 썰기 하여 준비한다.
HIma0ha9F-I,'맛남의 광장' 막내 동준님과 함께 만드는 편육냉채! 응용 버전도 확인해보세요! ㅣ 백종원의 쿠킹로그,7,마늘은 가늘게 편 썰어 준비한다.
HIma0ha9F-I,'맛남의 광장' 막내 동준님과 함께 만드는 편육냉채! 응용 버전도 확인해보세요! ㅣ 백종원의 쿠킹로그,8,양념장에 마늘을 넣어 섞어준다.
HIma0ha9F-I,'맛남의 광장' 막내 동준님과 함께 만드는 편육냉채! 응용 버전도 확인해보세요! ㅣ 백종원의 쿠킹로그,9,편육은 한 장씩 뜯어내어 준비한다.
HIma0ha9F-I,'맛남의 광장' 막내 동준님과 함께 만드는 편육냉채! 응용 버전도 확인해보세요! ㅣ 백종원의 쿠킹로그,10,완성 접시에 편육을 깔아주고 대파를 올린다.
HIma0ha9F-I,'맛남의 광장' 막내 동준님과 함께 만드는 편육냉채! 응용 버전도 확인해보세요! ㅣ 백종원의 쿠킹로그,11,냉채소스를 뿌려 마무리한다.
HIma0ha9F-I,'맛남의 광장' 막내 동준님과 함께 만드는 편육냉채! 응용 버전도 확인해보세요! ㅣ 백종원의 쿠킹로그,12,[편육냉채_업그레이드 버전]
HIma0ha9F-I,'맛남의 광장' 막내 동준님과 함께 만드는 편육냉채! 응용 버전도 확인해보세요! ㅣ 백종원의 쿠킹로그,13,파채는 깨끗하게 세척하여 먹기 좋은 크기로 잘라 준비한다.
HIma0ha9F-I,'맛남의 광장' 막내 동준님과 함께 만드는 편육냉채! 응용 버전도 확인해보세요! ㅣ 백종원의 쿠킹로그,14,마늘은 굵게 다지고 편육은 0.5cm 두께로 채 썰어 준비한다.
HIma0ha9F-I,'맛남의 광장' 막내 동준님과 함께 만드는 편육냉채! 응용 버전도 확인해보세요! ㅣ 백종원의 쿠킹로그,15,"당근, 오이는 가늘게 편 썰어 준비한다."
HIma0ha9F-I,'맛남의 광장' 막내 동준님과 함께 만드는 편육냉채! 응용 버전도 확인해보세요! ㅣ 백종원의 쿠킹로그,16,"양념장에 다진마늘, 연겨자를 넣어 섞어준다."
HIma0ha9F-I,'맛남의 광장' 막내 동준님과 함께 만드는 편육냉채! 응용 버전도 확인해보세요! ㅣ 백종원의 쿠킹로그,17,"큰 볼에 파채, 편육, 양념장을 넣고 버무려 완성 그릇에 담는다."
HIma0ha9F-I,'맛남의 광장' 막내 동준님과 함께 만드는 편육냉채! 응용 버전도 확인해보세요! ㅣ 백종원의 쿠킹로그,18,"썰어 둔 당근, 오이를 올린다."
HIma0ha9F-I,'맛남의 광장' 막내 동준님과 함께 만드는 편육냉채! 응용 버전도 확인해보세요! ㅣ 백종원의 쿠킹로그,19,기호에 맞게 고추기름을 뿌려 완성한다.
HIma0ha9F-I,'맛남의 광장' 막내 동준님과 함께 만드는 편육냉채! 응용 버전도 확인해보세요! ㅣ 백종원의 쿠킹로그,20,[닭 다리 살 응용버전]
HIma0ha9F-I,'맛남의 광장' 막내 동준님과 함께 만드는 편육냉채! 응용 버전도 확인해보세요! ㅣ 백종원의 쿠킹로그,21,"닭 다리 살은 맛소금, 후춧가루 밑간하고 껍질 쪽을 프라이팬에 닿게 올려 강 불로 켜준다."
HIma0ha9F-I,'맛남의 광장' 막내 동준님과 함께 만드는 편육냉채! 응용 버전도 확인해보세요! ㅣ 백종원의 쿠킹로그,22,익는 소리가 나기 시작하면 불을 중약 불로 줄이고 뚜껑을 덮어 바삭하게 구워준다.
HIma0ha9F-I,'맛남의 광장' 막내 동준님과 함께 만드는 편육냉채! 응용 버전도 확인해보세요! ㅣ 백종원의 쿠킹로그,23,"식초, 황설탕은 1:1 비율로 섞어 녹여준다."
HIma0ha9F-I,'맛남의 광장' 막내 동준님과 함께 만드는 편육냉채! 응용 버전도 확인해보세요! ㅣ 백종원의 쿠킹로그,24,마늘은 굵게 다져 양념장에 섞어준다.
HIma0ha9F-I,'맛남의 광장' 막내 동준님과 함께 만드는 편육냉채! 응용 버전도 확인해보세요! ㅣ 백종원의 쿠킹로그,25,구워진 닭 다리 살은 먹기 좋은 크기로 잘라 준비한다.
HIma0ha9F-I,'맛남의 광장' 막내 동준님과 함께 만드는 편육냉채! 응용 버전도 확인해보세요! ㅣ 백종원의 쿠킹로그,26,"완성 그릇에 대파를 담고 닭 다리 살, 양념장을 올린다."
HIma0ha9F-I,'맛남의 광장' 막내 동준님과 함께 만드는 편육냉채! 응용 버전도 확인해보세요! ㅣ 백종원의 쿠킹로그,27,기호에 맞게 고추기름을 둘러 마무리한다.
HIz6eyE80V4,밤으로 만든 ‘밤라면',1,양파는 채 썰고 대파는 송송 썰어 준비한다.
HIz6eyE80V4,밤으로 만든 ‘밤라면',2,"냄비에 식용유, 양파, 간 돼지고기를 넣어 볶는다."
HIz6eyE80V4,밤으로 만든 ‘밤라면',3,고기가 익으면 간장을 넣어 볶아주고 물을 넣어 끓인다.
HIz6eyE80V4,밤으로 만든 ‘밤라면',4,"믹서에 깐 밤, 물을 넣어 갈아준다."
HIz6eyE80V4,밤으로 만든 ‘밤라면',5,"라면 물이 끓어오르면 라면스프, 면을 넣고 80% 정도 삶아 면을 건져낸다."
HIz6eyE80V4,밤으로 만든 ‘밤라면',6,달걀을 반 정도만 풀어 준비한다.
HIz6eyE80V4,밤으로 만든 ‘밤라면',7,라면 육수에 갈아 둔 밤 소스를 넣어 섞어준다.
HIz6eyE80V4,밤으로 만든 ‘밤라면',8,밤 소스가 골고루 섞이면 달걀을 넣고 저어준다.
HIz6eyE80V4,밤으로 만든 ‘밤라면',9,"참기름, 썰어 둔 대파를 1/2 양 정도 넣어 면 위에 부어준다."
HIz6eyE80V4,밤으로 만든 ‘밤라면',10,고명용 대파를 올려 마무리한다.
HSPOnMZNoY4,떡볶이와 함께 먹은 비밀 튀김. 그거,1,큰 냄비에 식용유를 넣고 170~180도 정도로 예열한다.
HSPOnMZNoY4,떡볶이와 함께 먹은 비밀 튀김. 그거,2,만두피는 4등분 하여 한 장씩 떼어 넣어준다.
HSPOnMZNoY4,떡볶이와 함께 먹은 비밀 튀김. 그거,3,만두피가 노릇하게 튀겨지면 건져내어 기름을 제거한다.
HSPOnMZNoY4,떡볶이와 함께 먹은 비밀 튀김. 그거,4,황설탕과 계핏가루를 볼에 담은 후 골고루 섞어준다.
HSPOnMZNoY4,떡볶이와 함께 먹은 비밀 튀김. 그거,5,기름기가 제거된 만두피를 계피 설탕에 넣어 골고루 버무려 완성한다.
HwtpISNf3wU,해장 킹!!!  무파 라면!!,1,무는 0.5cm정도 두께로 채 썬다.
HwtpISNf3wU,해장 킹!!!  무파 라면!!,2,"청양고추,대파는 두께 0.3cm로 송송 썬다."
HwtpISNf3wU,해장 킹!!!  무파 라면!!,3,"냄비에 들기름, 새우젓을 넣고 중 불에 볶는다."
HwtpISNf3wU,해장 킹!!!  무파 라면!!,4,새우젓이 볶아지면 무를 넣고 볶는다.
HwtpISNf3wU,해장 킹!!!  무파 라면!!,5,무에서 물이 나오기 시작하면 간마늘을 넣고 약 불에서 무가 연해질 때 까지 볶는다.
HwtpISNf3wU,해장 킹!!!  무파 라면!!,6,"무가 부드럽게 휘어지면 강 불로 켜고 정수물을 붓고 건더기스프, 분말스프를 넣는다."
HwtpISNf3wU,해장 킹!!!  무파 라면!!,7,물이 끓어오르면 면을 넣고 잘 풀어준다.
HwtpISNf3wU,해장 킹!!!  무파 라면!!,8,면이 풀어지면 청양고추를 넣고 1분 정도 끓인다.
HwtpISNf3wU,해장 킹!!!  무파 라면!!,9,완성 되기 10초 전에 대파를 넣어 완성한다.
IGikNAE92Ls,김밥으로 볶음밥! 넣고 볶으면 끝!,1,팬에 식용유를 두르고 달궈준다.
IGikNAE92Ls,김밥으로 볶음밥! 넣고 볶으면 끝!,2,간장불고기 김밥을 넣고 잘게 부숴주며 볶는다.
IGikNAE92Ls,김밥으로 볶음밥! 넣고 볶으면 끝!,3,김밥을 고루고루 볶아주고 완성 접시에 담아 마무리한다.
IGikNAE92Ls,김밥으로 볶음밥! 넣고 볶으면 끝!,4,땡초크랩마요 김밥
IGikNAE92Ls,김밥으로 볶음밥! 넣고 볶으면 끝!,5,땡초크랩마요 김밥을 넣고 잘게 부숴주며 볶는다.
IO6AeSPfJ0Y,"영양듬뿍 전복죽, 생각보다 쉬워요~",1,전용솔이나 칫솔을 이용하여 전복살의 구석구석 이물질을 흐르는 물에서 잘 닦는다.
IO6AeSPfJ0Y,"영양듬뿍 전복죽, 생각보다 쉬워요~",2,Tip: 양식 전복은 비교적 깨끗하기 때문에 완전히 하얗게 닦지 않아도된다.
IO6AeSPfJ0Y,"영양듬뿍 전복죽, 생각보다 쉬워요~",3,씻은 전복은 껍질의 두꺼운 쪽과 얇은 쪽 중 얇은 쪽 방향에 숟가락을 넣고 살살 긁어서 껍질과 분리한다.
IO6AeSPfJ0Y,"영양듬뿍 전복죽, 생각보다 쉬워요~",4,전복살에 붙어있는 뾰족한 모양의 내장부분을 뽑아낸 다음 내장의 볼록한 부분을 가위로 살짝 잘라내서 내장을 빼주고 내장과 살이 붙어있는 경계를 동그랗게 따라가면서 잘라낸다.
IO6AeSPfJ0Y,"영양듬뿍 전복죽, 생각보다 쉬워요~",5,내장과 연결되어있던 구멍에 가위를 넣어 자른 후 손으로 눌러 이빨을 제거한다.
IO6AeSPfJ0Y,"영양듬뿍 전복죽, 생각보다 쉬워요~",6,"당근은 가로, 세로 0.5cm 정도로 작게 다지고, 전복은 두께 0.3cm 정도로 얇게 편썰어 준비한다."
IO6AeSPfJ0Y,"영양듬뿍 전복죽, 생각보다 쉬워요~",7,"믹서기에 전복내장, 밥, 준비된 정수물의 1/2양을 먼저 넣고 간다."
IO6AeSPfJ0Y,"영양듬뿍 전복죽, 생각보다 쉬워요~",8,Tip: 냉동이나 죽은 전복을 사용할 경우에는 내장이 신선하지 않아 비린내가 날 수 있으므로 내장을 사용하지 않는다.
IO6AeSPfJ0Y,"영양듬뿍 전복죽, 생각보다 쉬워요~",9,"중불에 냄비를 올리고 참기름, 전복, 당근을 넣고 전복의 비린맛이 날아가도록 약 1분 정도 볶는다."
IO6AeSPfJ0Y,"영양듬뿍 전복죽, 생각보다 쉬워요~",10,"갈아둔 재료, 남은 정수물을 넣고 주걱으로 저어주면서 끓인다."
IO6AeSPfJ0Y,"영양듬뿍 전복죽, 생각보다 쉬워요~",11,Tip: 준비된 정수물 양의 절반양만 사용하고 나머지 양을 우유로 대체해도 좋다.
IO6AeSPfJ0Y,"영양듬뿍 전복죽, 생각보다 쉬워요~",12,달걀은 흰자와 노른자를 분리하여 준비한다.
IO6AeSPfJ0Y,"영양듬뿍 전복죽, 생각보다 쉬워요~",13,전복죽이 끓어오르면 약불로 줄이고 쌀알이 퍼질 때까지 골고루 저어주면서 약 8분 정도 끓인다.
IO6AeSPfJ0Y,"영양듬뿍 전복죽, 생각보다 쉬워요~",14,맛소금을 넣어 간을 맞춘다.
IO6AeSPfJ0Y,"영양듬뿍 전복죽, 생각보다 쉬워요~",15,Tip: 믹서기에 밥알이 너무 갈렸을 때에는 밥1~2큰술을 추가하여 끓인다.
IO6AeSPfJ0Y,"영양듬뿍 전복죽, 생각보다 쉬워요~",16,전복죽을 주걱으로 저어주면서 달걀 흰자를 천천히 둘러 넣고 골고루 섞이도록 한다.
IO6AeSPfJ0Y,"영양듬뿍 전복죽, 생각보다 쉬워요~",17,절구에 통깨를 넣고 갈아서 준비한다.
IO6AeSPfJ0Y,"영양듬뿍 전복죽, 생각보다 쉬워요~",18,"그릇에 전복죽을 담고 달걀노른자를 올리고, 간깨, 참기름을 뿌리고 기호에 따라 후추가루를 뿌려 완성한다."
IasQ3XURCTI,닭똥집볶음에 맥주 한 잔! ㅋ ㅑ (feat.맥주 상식),1,"닭 근위을 흐르는 물에 세척한 후, 결 반대 방향으로 반 잘라준다."
IasQ3XURCTI,닭똥집볶음에 맥주 한 잔! ㅋ ㅑ (feat.맥주 상식),2,마늘을 편으로 썰어 준비해둔다.
IasQ3XURCTI,닭똥집볶음에 맥주 한 잔! ㅋ ㅑ (feat.맥주 상식),3,프라이팬에 식용유를 두르고 닭 근위를 튀기듯이 볶아준다.
IasQ3XURCTI,닭똥집볶음에 맥주 한 잔! ㅋ ㅑ (feat.맥주 상식),5,체에 밭쳐 기름을 제거한다.
IasQ3XURCTI,닭똥집볶음에 맥주 한 잔! ㅋ ㅑ (feat.맥주 상식),6,"볶아진 닭 근위에 맛소금, 후추, 참기름을 넣고 불을 끈 후 잔 열을 이용하여 볶아준다."
IgTaHfnAbic,오징어튀김 좋아하시는 분은 꼭 해보세요~ 진미채전!,1,*진미채전
IgTaHfnAbic,오징어튀김 좋아하시는 분은 꼭 해보세요~ 진미채전!,2,진미채는 가위를 이용하여 먹기 좋은 길이로 자른다.
IgTaHfnAbic,오징어튀김 좋아하시는 분은 꼭 해보세요~ 진미채전!,3,*진미채를 잘라서 사용해야 모양을 잡기에 편하다.
IgTaHfnAbic,오징어튀김 좋아하시는 분은 꼭 해보세요~ 진미채전!,4,"깊은 볼에 진미채, 부침가루, 물을 넣고 뭉치지 않도록 섞어 준비한다."
IgTaHfnAbic,오징어튀김 좋아하시는 분은 꼭 해보세요~ 진미채전!,5,*모든 재료의 비율은 부피상 1:1:1로 준비한다.
IgTaHfnAbic,오징어튀김 좋아하시는 분은 꼭 해보세요~ 진미채전!,7,프라이팬에 식용유를 두른 후 중 불에 예열한다.
IgTaHfnAbic,오징어튀김 좋아하시는 분은 꼭 해보세요~ 진미채전!,8,반죽 묻은 진미채를 프라이팬에 올린 후 그 위에 반죽물을 뿌려 모양을 만든다.
IgTaHfnAbic,오징어튀김 좋아하시는 분은 꼭 해보세요~ 진미채전!,9,약 불로 줄여 앞 뒤로 노릇노릇하게 구운 후 진미채전이 알맞게 익으면 그릇에 옮겨 담아 완성한다.
IgTaHfnAbic,오징어튀김 좋아하시는 분은 꼭 해보세요~ 진미채전!,10,*양념장
IgTaHfnAbic,오징어튀김 좋아하시는 분은 꼭 해보세요~ 진미채전!,11,"진간장, 식초를 볼에 담아 섞어서 완성한다."
IgTaHfnAbic,오징어튀김 좋아하시는 분은 꼭 해보세요~ 진미채전!,12,*진간장과 식초의 비율은 1:2로 준비한다.
J4qwXDjduQw,명절 음식 소고기 육전으로 끝내 드립니다,1,"넓은 접시나 쟁반에 소고기를 한 장씩 올리고 맛소금, 후추를 뿌려 밑간한다."
J4qwXDjduQw,명절 음식 소고기 육전으로 끝내 드립니다,2,"*밀가루가 없을 경우 부침가루, 튀김가루, 전분가루 등을 사용해도 좋다."
J4qwXDjduQw,명절 음식 소고기 육전으로 끝내 드립니다,3,*밀가루 대신 부침가루나 튀김가루를 사용 할 경우 밑 간을 하지 않아도 된다.
J4qwXDjduQw,명절 음식 소고기 육전으로 끝내 드립니다,4,달걀은 깊은 볼에 깨트려 넣고 알끈을 잘 풀어 섞는다.
J4qwXDjduQw,명절 음식 소고기 육전으로 끝내 드립니다,5,"넓은 쟁반에 밀가루, 달걀물을 각각 담아 준비한다."
J4qwXDjduQw,명절 음식 소고기 육전으로 끝내 드립니다,6,프라이팬을 중 불에 올리고 식용유를 둘러 넣고 예열한다.
J4qwXDjduQw,명절 음식 소고기 육전으로 끝내 드립니다,7,"밑 간한 소고기를 한 장씩 앞 뒤로 밀가루, 달걀물 순서로 입혀 예열 된 프라이팬에 올린다."
J4qwXDjduQw,명절 음식 소고기 육전으로 끝내 드립니다,8,*고기가 커 찢어져서 부치기 힘들 것 같은 경우 고기를 잘라서 부쳐도 좋다.
J4qwXDjduQw,명절 음식 소고기 육전으로 끝내 드립니다,9,육전의 한 쪽면이 노릇하게 익으면 뒤집는다.
J4qwXDjduQw,명절 음식 소고기 육전으로 끝내 드립니다,10,양 면이 골고루 노릇해지고 소고기가 익으면 먹기 좋게 잘라 접시에 옮겨 담아 완성한다.
J4qwXDjduQw,명절 음식 소고기 육전으로 끝내 드립니다,11,"[지나친 음주는 뇌졸중, 기억력 손상이나 치매를 유발합니다."
J4qwXDjduQw,명절 음식 소고기 육전으로 끝내 드립니다,12,임신 중 음주는 기형아 출생 위험을 높입니다.]
JBgLd7TqB7U,설날을 기다리며 김치만두 만들어요!,1,볼에 신 김치를 넣고 가위로 잘게 잘라 준비한다.
JBgLd7TqB7U,설날을 기다리며 김치만두 만들어요!,2,대파는 길게 반 갈라 두께 0.3cm로 잘게 썰어 볼에 담아 준비한다.
JBgLd7TqB7U,설날을 기다리며 김치만두 만들어요!,3,불린 당면은 물기를 제거 한 후 가위로 잘게 잘라 준비한다.
JBgLd7TqB7U,설날을 기다리며 김치만두 만들어요!,4,Tip: 만두피로 싸기 편하도록 당면은 가능한 잘게 자른다.
JBgLd7TqB7U,설날을 기다리며 김치만두 만들어요!,5,"볼에 신 김치, 대파, 불린당면, 간 돼지고기, 황설탕, 간 마늘, 굵은 고춧가루, 진간장, 굴소스, 껍질 있는 들깨가루를 넣어 골고루 섞는다."
JBgLd7TqB7U,설날을 기다리며 김치만두 만들어요!,6,"Tip: 기호에 맞게 MSG, 소고기다시다를 추가한다."
JBgLd7TqB7U,설날을 기다리며 김치만두 만들어요!,7,재료를 장갑 낀 손으로 골고루 섞은 후 참기름을 넣고 섞어 만두속을 만들어 준비한다.
JBgLd7TqB7U,설날을 기다리며 김치만두 만들어요!,8,쟁반에 밀가루를 뿌려 얇게 펴고 작은 그릇에 물을 담아 준비한다.
JBgLd7TqB7U,설날을 기다리며 김치만두 만들어요!,9,냄비에 만두가 잠길 정도의 물을 붓고 강 불에 끓인다.
JBgLd7TqB7U,설날을 기다리며 김치만두 만들어요!,10,만두피를 손바닥 위에 올리고 손가락 끝에 물을 찍어 만두피의 가장자리에 한 바퀴 돌려 물을 묻힌다.
JBgLd7TqB7U,설날을 기다리며 김치만두 만들어요!,11,숟가락이나 나이프로 크게 한 번 떠서 만두피 중앙에 올리고 만두소를 가볍게 눌러 다듬어 준 후 만두피 중앙을 먼저 집어서 붙인다.
JBgLd7TqB7U,설날을 기다리며 김치만두 만들어요!,12,나머지 만두피 모서리 부분을 벌어지지 않도록 붙인다.
JBgLd7TqB7U,설날을 기다리며 김치만두 만들어요!,13,반달로 된 만두는 양쪽 끝을 잡고 터지지 않게 모아 붙인다.
JBgLd7TqB7U,설날을 기다리며 김치만두 만들어요!,14,냄비의 물이 끓으면 만두를 넣고 약 5분 정도 삶는다.
JBgLd7TqB7U,설날을 기다리며 김치만두 만들어요!,15,완전히 익은 만두를 접시에 옮겨 담아 완성한다.
JKZqaFpJHn0,오트밀도 이제 맛있는 음식 입니다. (K 오트밀),1,"냄비에 신 김치, 물, 꽃소금, 국간장을 넣어 끓인다."
JKZqaFpJHn0,오트밀도 이제 맛있는 음식 입니다. (K 오트밀),2,끓어오르기 전에 오트밀을 넣고 섞어준다.
JKZqaFpJHn0,오트밀도 이제 맛있는 음식 입니다. (K 오트밀),3,오트밀이 퍼지고 농도가 걸쭉해질 때까지 끓인다.
JKZqaFpJHn0,오트밀도 이제 맛있는 음식 입니다. (K 오트밀),4,완성 그릇에 옮겨 담은 후 통조림 참치를 올린다.
JKZqaFpJHn0,오트밀도 이제 맛있는 음식 입니다. (K 오트밀),5,"참기름, 깨소금을 뿌려 완성한다."
JV5pUbCiy1s,정말 간단해요! 안주로 안성맞춤인 시금치베이컨볶음!,1,시금치는 세척하여 꼭지 부분은 잘게 잘라 준비한다.
JV5pUbCiy1s,정말 간단해요! 안주로 안성맞춤인 시금치베이컨볶음!,2,베이컨은 1cm 정도 두께로 자른다.
JV5pUbCiy1s,정말 간단해요! 안주로 안성맞춤인 시금치베이컨볶음!,3,마늘은 굵게 다져 준비한다.
JV5pUbCiy1s,정말 간단해요! 안주로 안성맞춤인 시금치베이컨볶음!,4,"프라이팬에 식용유를 두르고 마늘, 베이컨, 맛소금을 넣어 볶는다."
JV5pUbCiy1s,정말 간단해요! 안주로 안성맞춤인 시금치베이컨볶음!,5,마늘이 노릇해지면 시금치를 넣고 볶아 완성한다.
JZlMEBj7P2M,손님이 줄어든 이유? 다 흑백요리사 때문이에요,1,도우 재료를 다 넣고 반죽해 따뜻한 온도의 찜솥에서 빠르게 발효시킨다(45도/20분)
JZlMEBj7P2M,손님이 줄어든 이유? 다 흑백요리사 때문이에요,2,또는 상온에서 2~3시간 발효시킨다
JZlMEBj7P2M,손님이 줄어든 이유? 다 흑백요리사 때문이에요,3,피자 속을 채울 두부를 으깨고 수분을 빼준다
JZlMEBj7P2M,손님이 줄어든 이유? 다 흑백요리사 때문이에요,4,"으깬 두부에 여러 가지 치즈들, 잘게 자른 햄, 레몬 제스트를 넣고 섞어준다"
JZlMEBj7P2M,손님이 줄어든 이유? 다 흑백요리사 때문이에요,5,도우에 속 재료를 넣고 모양을 만들어 튀겨준다
JZlMEBj7P2M,손님이 줄어든 이유? 다 흑백요리사 때문이에요,6,"⦁튀길 때, 기름의 온도는 140도에서 시작해서 180도 이상에서 마무리 해준다(3~4분 소요)"
JZlMEBj7P2M,손님이 줄어든 이유? 다 흑백요리사 때문이에요,7,토마토와 마늘 베이스의 마리나라 소스를 끓여 곁들인다
JZlMEBj7P2M,손님이 줄어든 이유? 다 흑백요리사 때문이에요,8,"⦁간 마늘에 올리브유, 토마토퓌레, 소금, 설탕, 후추를 넣고 끓여준다"
JZlMEBj7P2M,손님이 줄어든 이유? 다 흑백요리사 때문이에요,9,소스 위에 피자 튀김과 바질을 올려 완성한다.
JmiW-dD1RqM,삼색나물 마지막 고사리나물 ^^. 새해 복 많이 받으세요 ! ㅣ 백종원의 백종원레시피,1,고사리는 깨끗하게 세척하여 물기를 제거한다.
JmiW-dD1RqM,삼색나물 마지막 고사리나물 ^^. 새해 복 많이 받으세요 ! ㅣ 백종원의 백종원레시피,2,물기를 뺀 고사리는 6~7cm 정도로 잘라 준비한다.
JmiW-dD1RqM,삼색나물 마지막 고사리나물 ^^. 새해 복 많이 받으세요 ! ㅣ 백종원의 백종원레시피,3,대파는 송송 썰어 둔다.
JmiW-dD1RqM,삼색나물 마지막 고사리나물 ^^. 새해 복 많이 받으세요 ! ㅣ 백종원의 백종원레시피,4,"프라이팬에 들기름, 대파를 넣고 중불에서 볶는다."
JmiW-dD1RqM,삼색나물 마지막 고사리나물 ^^. 새해 복 많이 받으세요 ! ㅣ 백종원의 백종원레시피,5,거품이 나기 시작하면 간마늘을 넣어 볶는다.
JmiW-dD1RqM,삼색나물 마지막 고사리나물 ^^. 새해 복 많이 받으세요 ! ㅣ 백종원의 백종원레시피,6,마늘이 익으면 고사리를 넣어 볶는다.
JmiW-dD1RqM,삼색나물 마지막 고사리나물 ^^. 새해 복 많이 받으세요 ! ㅣ 백종원의 백종원레시피,7,"쌀뜨물, 국간장, 황설탕 ,꽃소금을 넣고 수분이 없어질 정도까지 졸인다."
JmiW-dD1RqM,삼색나물 마지막 고사리나물 ^^. 새해 복 많이 받으세요 ! ㅣ 백종원의 백종원레시피,8,갈아둔 깨를 넣어 섞는다.
JmiW-dD1RqM,삼색나물 마지막 고사리나물 ^^. 새해 복 많이 받으세요 ! ㅣ 백종원의 백종원레시피,9,완성그릇에 담고 깨소금을 뿌려 마무리한다.
Jq2SwKMw8vI,5분 안에 만드는 초간단 비빔밥 만들기! (Feat. 전자레인지),1,표고버섯은 기둥을 제거하고 두께 약 0.2cm 정도 얇게 채썬다.
Jq2SwKMw8vI,5분 안에 만드는 초간단 비빔밥 만들기! (Feat. 전자레인지),3,말린 표고 버섯 사용 시 물에 불린 뒤 기둥을 제거하여 사용한다.
Jq2SwKMw8vI,5분 안에 만드는 초간단 비빔밥 만들기! (Feat. 전자레인지),4,무와 당근도 두께 약 0.2cm 정도 얇게 채썬다.
Jq2SwKMw8vI,5분 안에 만드는 초간단 비빔밥 만들기! (Feat. 전자레인지),5,무와 당근은 잘 익지 않으므로 최대한 얇게 썰어주면 좋다.
Jq2SwKMw8vI,5분 안에 만드는 초간단 비빔밥 만들기! (Feat. 전자레인지),6,기호에 따라 양파를 추가로 넣어도 좋다.
Jq2SwKMw8vI,5분 안에 만드는 초간단 비빔밥 만들기! (Feat. 전자레인지),7,애호박도 두께 약 0.2m 정도로 얇게 채썬다.
Jq2SwKMw8vI,5분 안에 만드는 초간단 비빔밥 만들기! (Feat. 전자레인지),8,"썰어둔 표고버섯, 무, 당근, 애호박과 콩나물을 한데 섞어 준비한다."
Jq2SwKMw8vI,5분 안에 만드는 초간단 비빔밥 만들기! (Feat. 전자레인지),9,콩나물 특유의 풋내가 거북하다면 콩나물 머리부분을 제거해도 된다.
Jq2SwKMw8vI,5분 안에 만드는 초간단 비빔밥 만들기! (Feat. 전자레인지),10,전자레인지 용기에 밥 1 공기를 넓게 담고 밥 위에 고추장을 넓게 바른다.
Jq2SwKMw8vI,5분 안에 만드는 초간단 비빔밥 만들기! (Feat. 전자레인지),11,고추장을 바른 밥 위에 한데 섞은 재료를 올린다.
Jq2SwKMw8vI,5분 안에 만드는 초간단 비빔밥 만들기! (Feat. 전자레인지),12,전자레인지용 뚜껑 또는 랩을 감싸 전자레인지 1000w 기준 3분 30초간 조리한다.
Jq2SwKMw8vI,5분 안에 만드는 초간단 비빔밥 만들기! (Feat. 전자레인지),13,조리 되는 동안 팬에 식용유를 둘러 달걀프라이를 튀기듯이 부쳐서 준비한다.
Jq2SwKMw8vI,5분 안에 만드는 초간단 비빔밥 만들기! (Feat. 전자레인지),14,"조리 된 비빔밥 위에 달걀 프라이를 올리고 김가루, 통깨, 참기름을 둘러 완성한다."
JrTVWvj8uhs,정말 너무 간단해서 아무나 할 수 있다.,1,*들기름두부구이
JrTVWvj8uhs,정말 너무 간단해서 아무나 할 수 있다.,2,손두부는 두께 1.5cm로 두툼하게 편 썬다.
JrTVWvj8uhs,정말 너무 간단해서 아무나 할 수 있다.,3,* 손두부가 없다면 팩두부를 사용해도 된다.
JrTVWvj8uhs,정말 너무 간단해서 아무나 할 수 있다.,4,"* 양념장 없이 먹을 경우, 두부에 꽃소금 또는 맛소금을 뿌려 밑간한다."
JrTVWvj8uhs,정말 너무 간단해서 아무나 할 수 있다.,5,"두부를 굽기 전, 키친타올을 이용하여 두부의 물기를 제거한다."
JrTVWvj8uhs,정말 너무 간단해서 아무나 할 수 있다.,6,"팬을 강 불에 예열한 후, 들기름을 두르고 두부를 올린다."
JrTVWvj8uhs,정말 너무 간단해서 아무나 할 수 있다.,7,* 들기름은 발연점이 낮아 팬 크기에 비해 양이 적을 경우 빨리 탈 수 있으니 팬 크기에 맞게 들기름 양을 조절하여 사용한다.
JrTVWvj8uhs,정말 너무 간단해서 아무나 할 수 있다.,8,두부의 한쪽 면이 노릇하게 익으면 뒤집은 후 중 불로 줄여 앞 뒤로 튀기듯이 노릇하게 부친다.
JrTVWvj8uhs,정말 너무 간단해서 아무나 할 수 있다.,9,* 프라이팬을 한 쪽으로 기울여 두부와 들기름을 모아 옆면도 노릇하게 구워지도록 한다.
JrTVWvj8uhs,정말 너무 간단해서 아무나 할 수 있다.,10,두부가 전체적으로 노릇하게 잘 구워지면 접시에 담아 양념장을 곁들여 완성한다.
JrTVWvj8uhs,정말 너무 간단해서 아무나 할 수 있다.,11,*양념장
JrTVWvj8uhs,정말 너무 간단해서 아무나 할 수 있다.,12,"대파, 청양고추는 길게 반 갈라 두께0.3cm로 송송 썬다."
JrTVWvj8uhs,정말 너무 간단해서 아무나 할 수 있다.,13,* 대파는 흰부분과 파란부분을 섞어서 사용하는 것이 좋다.
JrTVWvj8uhs,정말 너무 간단해서 아무나 할 수 있다.,14,"깊은 그릇에 대파, 청양고추를 담은 후 평평하게 펼친다."
JrTVWvj8uhs,정말 너무 간단해서 아무나 할 수 있다.,15,"진간장을 먼저 넣어준 후 황설탕, 굵은고추가루, 간마늘, 깨소금, 참기름을 넣고 섞어서 양념장을 완성한다."
JrTVWvj8uhs,정말 너무 간단해서 아무나 할 수 있다.,16,* 진간장은 채소가 자작하게 잠길 정도까지만 넣어야 채즙과 비율이 알맞다.
JrTVWvj8uhs,정말 너무 간단해서 아무나 할 수 있다.,17,* 깨소금은 통깨를 절구 또는 비닐봉지에 넣고 빻아서 만들어 사용한다.
Js2p5JPj3XQ,연돈 볼카츠? 집에서 만들어 봅시다,1,양파는 결 반대 방향으로 3등분 한 후 두께 0.3cm로 채썬다.
Js2p5JPj3XQ,연돈 볼카츠? 집에서 만들어 봅시다,2,*너무 길게 썰면 부서질 수 있으니 최대한 잘게 잘라 준비한다.
Js2p5JPj3XQ,연돈 볼카츠? 집에서 만들어 봅시다,3,채 썬 양파는 깊은 볼에 담아 뭉치지 않게 풀어 준비한다.
Js2p5JPj3XQ,연돈 볼카츠? 집에서 만들어 봅시다,4,*양파를 기름에 볶아 사용하면 더욱 맛이 좋다.
Js2p5JPj3XQ,연돈 볼카츠? 집에서 만들어 봅시다,5,양파가 담긴 볼에 다진 돼지고기를 넣고 골고루 섞는다.
Js2p5JPj3XQ,연돈 볼카츠? 집에서 만들어 봅시다,6,*돼지고기는 살코기와 지방을 7:3 비율로 섞어 사용하면 더욱 맛이 좋다.
Js2p5JPj3XQ,연돈 볼카츠? 집에서 만들어 봅시다,7,"양파와 고기가 섞이면 맛소금, 달걀물, 후춧가루를 넣고 섞은 후 빵가루를 넣고 섞는다."
Js2p5JPj3XQ,연돈 볼카츠? 집에서 만들어 봅시다,8,*반죽이 너무 쳐져 성형이 힘들 경우 빵가루의 양을 늘려서 사용한다.
Js2p5JPj3XQ,연돈 볼카츠? 집에서 만들어 봅시다,9,반죽을 야구공보다 작은 사이즈로 뭉쳐 둥글 넙적하게 성형한다.
Js2p5JPj3XQ,연돈 볼카츠? 집에서 만들어 봅시다,10,"튀김옷 용 달걀물은 알끈을 잘 풀어 움푹한 곳에 펼쳐 담고 밀가루, 빵가루도 움푹한 곳에 각각 펼쳐 담는다."
Js2p5JPj3XQ,연돈 볼카츠? 집에서 만들어 봅시다,11,"멘치카츠 반죽을 밀가루, 달걀, 빵가루 순으로 골고루 입힌 후 다시 한번 넙적하게 누른다."
Js2p5JPj3XQ,연돈 볼카츠? 집에서 만들어 봅시다,12,깊은 프라이팬에 멘치카츠가 잠길 정도의 기름을 넣고 170도로 예열한다.
Js2p5JPj3XQ,연돈 볼카츠? 집에서 만들어 봅시다,13,*프라이팬의 사이즈에 따라 기름의 양을 조절한다.
Js2p5JPj3XQ,연돈 볼카츠? 집에서 만들어 봅시다,14,*기름에 뜨는 빵가루는 탈 수 있으니 체를 이용하여 건져낸다.
Js2p5JPj3XQ,연돈 볼카츠? 집에서 만들어 봅시다,15,기름이 예열되면 성형해둔 반죽의 빵가루를 가볍게 털어낸 후 기름에 넣고 중 약불로 줄여 약 7분~8분 정도 튀긴다.
Js2p5JPj3XQ,연돈 볼카츠? 집에서 만들어 봅시다,16,*반죽의 크기에 따라 튀기는 시간을 조절한다.
Js2p5JPj3XQ,연돈 볼카츠? 집에서 만들어 봅시다,17,*반죽을 넣자마자 색이 변하면 불을 잠시 끄고 조금씩 중약불까지 키워가며 튀긴다.
Js2p5JPj3XQ,연돈 볼카츠? 집에서 만들어 봅시다,18,*7분을 튀긴 후에도 원하는 색이 나지 않았을 경우 온도를 올려 원하는 색이 나올 때까지 튀긴다.
Js2p5JPj3XQ,연돈 볼카츠? 집에서 만들어 봅시다,19,볼카츠가 떠오르고 겉색상이 노릇노릇해지면 체에 밭쳐 기름기를 제거한 후 접시에 보기 좋게 옮겨 담는다.
Js2p5JPj3XQ,연돈 볼카츠? 집에서 만들어 봅시다,20,완성된 볼카츠는 케첩이나 돈까스 소스를 곁들여 먹는다.
JvuV9aAh7VY,8분 만에 끝내는 밑반찬 4종! 만들어 두면 일주일은 든든해요!,1,밑반찬 만들고 싶은데 뭘 만들어야 할지는 모르겠고
JvuV9aAh7VY,8분 만에 끝내는 밑반찬 4종! 만들어 두면 일주일은 든든해요!,4,하나만 있어도 밥 한 공기는 뚝딱하는 반찬들인데
JvuV9aAh7VY,8분 만에 끝내는 밑반찬 4종! 만들어 두면 일주일은 든든해요!,5,따라 하기 정말 쉬우니까 넉넉하게 만들어서
JxWbJX-UNwY,"약 4,000원어치 고기로 만드는 그럴~듯한 스테이크!",1,*돼지고기 밑간
JxWbJX-UNwY,"약 4,000원어치 고기로 만드는 그럴~듯한 스테이크!",2,칼끝을 이용하여 돼지고기 근막을 끊어 준비한다.
JxWbJX-UNwY,"약 4,000원어치 고기로 만드는 그럴~듯한 스테이크!",3,*칼집을 너무 많이 넣을 경우 고기가 찢어질 수 있으니 주의한다.
JxWbJX-UNwY,"약 4,000원어치 고기로 만드는 그럴~듯한 스테이크!",4,"돼지고기 앞·뒷면에 골고루 맛소금, 후춧가루를 뿌린다."
JxWbJX-UNwY,"약 4,000원어치 고기로 만드는 그럴~듯한 스테이크!",5,비닐봉지에 밑간한 돼지고기를 넣고 식용유를 넣은 후 골고루 문질러 10분간 재운다.
JxWbJX-UNwY,"약 4,000원어치 고기로 만드는 그럴~듯한 스테이크!",6,*돼지고기뒷다리살스테이크
JxWbJX-UNwY,"약 4,000원어치 고기로 만드는 그럴~듯한 스테이크!",7,마늘은 꼭지를 제거하고 양파는 사방 2-3cm로 깍뚝썰기 하거나 두께 1cm 원형모양으로 자른다.
JxWbJX-UNwY,"약 4,000원어치 고기로 만드는 그럴~듯한 스테이크!",8,새송이버섯은 길게 3등분하여 준비한다.
JxWbJX-UNwY,"약 4,000원어치 고기로 만드는 그럴~듯한 스테이크!",9,프라이팬에 식용유를 넣고 강불에 올린 후 연기가 나기 시작하면 밑간한 고기를 올린다.
JxWbJX-UNwY,"약 4,000원어치 고기로 만드는 그럴~듯한 스테이크!",10,*뚜껑이 없다면 키친타올을 이용하여 덮는다.
JxWbJX-UNwY,"약 4,000원어치 고기로 만드는 그럴~듯한 스테이크!",11,팬을 흔들어서 기름이 골고루 들어가게 해준 후 기름이 튀지 않을 정도만 뚜껑을 덮고 약 2분간 익힌다.
JxWbJX-UNwY,"약 4,000원어치 고기로 만드는 그럴~듯한 스테이크!",12,"돼지고기가 노릇하게 익으면 뒤집은 후 중불로 줄이고 기름이 있는 쪽에 마늘, 양파를 올려 굽는다."
JxWbJX-UNwY,"약 4,000원어치 고기로 만드는 그럴~듯한 스테이크!",13,"양쪽 면이 노릇하게 구워지면 기름을 2큰술만 남기고 따라낸 후 고기를 팬 한쪽으로 밀어두고 빈공간에 황설탕, 버터를 넣는다."
JxWbJX-UNwY,"약 4,000원어치 고기로 만드는 그럴~듯한 스테이크!",14,"버터와 황설탕이 녹으면 진간장, 케첩을 넣고 골고루 섞는다."
JxWbJX-UNwY,"약 4,000원어치 고기로 만드는 그럴~듯한 스테이크!",15,물을 넣고 잘 섞은 후 새송이버섯을 넣고 약 3분 정도 소스가 걸쭉해질 때까지 졸인다.
JxWbJX-UNwY,"약 4,000원어치 고기로 만드는 그럴~듯한 스테이크!",16,*화력에 따라 소스 졸이는 시간을 조절한다.
JxWbJX-UNwY,"약 4,000원어치 고기로 만드는 그럴~듯한 스테이크!",17,3분 뒤 돼지고기를 접시에 먼저 담고 소스를 1분 정도 더 졸인다.
JxWbJX-UNwY,"약 4,000원어치 고기로 만드는 그럴~듯한 스테이크!",18,새로운 프라이팬에 식용유를 넉넉히 두른 후 튀기듯이 반숙 달걀프라이를 한다.
JxWbJX-UNwY,"약 4,000원어치 고기로 만드는 그럴~듯한 스테이크!",19,"돼지고기 위에 달걀프라이를 올리고 옆에 마늘, 새송이버섯, 양파를 담은 후 소스를 전체적으로 뿌린다."
JxWbJX-UNwY,"약 4,000원어치 고기로 만드는 그럴~듯한 스테이크!",20,"스테이크 위에 통후춧가루, 파슬리를 뿌려 완성한다."
JzyYs3lV2Gs,콩 없이 만드는 콩국수! 2021ver.,1,*콩물
JzyYs3lV2Gs,콩 없이 만드는 콩국수! 2021ver.,2,"믹서기에 통깨, 두부, 정수 물, 황설탕, 꽃소금, 땅콩버터를 넣고 곱게 갈아 준비한다."
JzyYs3lV2Gs,콩 없이 만드는 콩국수! 2021ver.,4,* 1컵의 물양에 얼음 1/2컵을 넣고 갈아도 좋다.
JzyYs3lV2Gs,콩 없이 만드는 콩국수! 2021ver.,5,* 물 대신 우유를 사용하면 더욱 고소한 맛을 낼 수 있다.
JzyYs3lV2Gs,콩 없이 만드는 콩국수! 2021ver.,6,*콩국수
JzyYs3lV2Gs,콩 없이 만드는 콩국수! 2021ver.,7,냄비에 국수 삶을 물을 넣고 강불에 끓인다.
JzyYs3lV2Gs,콩 없이 만드는 콩국수! 2021ver.,8,물이 바글바글 끓으면 소면을 펼쳐 넣고 약 4분 삶는다.
JzyYs3lV2Gs,콩 없이 만드는 콩국수! 2021ver.,9,* 물이 끓어 올라 거품이 넘치려고 하면 물을 반 컵씩 붓는다.
JzyYs3lV2Gs,콩 없이 만드는 콩국수! 2021ver.,10,( 2~3번 반복 )
JzyYs3lV2Gs,콩 없이 만드는 콩국수! 2021ver.,11,삶은 면은 체에 밭쳐 건져낸 후 찬물에 빨듯이 강하게 비벼서 전분기를 씻어낸다.
JzyYs3lV2Gs,콩 없이 만드는 콩국수! 2021ver.,12,국수 그릇에 면을 보기 좋게 담은 후 콩물을 붓는다.
JzyYs3lV2Gs,콩 없이 만드는 콩국수! 2021ver.,13,"면 위에 오이채, 방울토마토를 올리고 콩물에 각 얼음을 띄워 완성한다."
JzyYs3lV2Gs,콩 없이 만드는 콩국수! 2021ver.,14,"* 오이는 길이 5cm, 두께 0.3cm로 채 썰고, 방울토마토는 꼭지를 제거한 후 반으로 갈라 준비한다."
K55CPyYTUJI,대한민국 대표 음식 김치! 맛있는 여러 가지 김치 눈으로 맛보고 가세요~ㅣ 백종원의 쿠킹로그,1,요새 김장철이죠?
K55CPyYTUJI,대한민국 대표 음식 김치! 맛있는 여러 가지 김치 눈으로 맛보고 가세요~ㅣ 백종원의 쿠킹로그,2,사먹는 것도 좋지만 김치를 한번 직접 만들어 보는 건 어떨까요?
K55CPyYTUJI,대한민국 대표 음식 김치! 맛있는 여러 가지 김치 눈으로 맛보고 가세요~ㅣ 백종원의 쿠킹로그,4,[배추 절이기]
K55CPyYTUJI,대한민국 대표 음식 김치! 맛있는 여러 가지 김치 눈으로 맛보고 가세요~ㅣ 백종원의 쿠킹로그,5,물에 찹쌀가루를 넣어 풀어준다.
K55CPyYTUJI,대한민국 대표 음식 김치! 맛있는 여러 가지 김치 눈으로 맛보고 가세요~ㅣ 백종원의 쿠킹로그,6,풀어 둔 찹쌀물을 냄비에 붓고 중불에서 바닥을 긁어가며 끓인다.
K55CPyYTUJI,대한민국 대표 음식 김치! 맛있는 여러 가지 김치 눈으로 맛보고 가세요~ㅣ 백종원의 쿠킹로그,7,찹쌀 풀에 소고기 다시다 2 큰 술을 넣어 섞어준다.
K55CPyYTUJI,대한민국 대표 음식 김치! 맛있는 여러 가지 김치 눈으로 맛보고 가세요~ㅣ 백종원의 쿠킹로그,8,"찹쌀 풀의 농도가 잡히면 고춧가루, MSG를 넣어 섞어준다."
K55CPyYTUJI,대한민국 대표 음식 김치! 맛있는 여러 가지 김치 눈으로 맛보고 가세요~ㅣ 백종원의 쿠킹로그,9,무는 채칼을 이용하여 썰어준다.
K55CPyYTUJI,대한민국 대표 음식 김치! 맛있는 여러 가지 김치 눈으로 맛보고 가세요~ㅣ 백종원의 쿠킹로그,10,"채 썬 무에 꽃소금, 멸치 액젓, 새우젓을 넣어 절여준다."
K55CPyYTUJI,대한민국 대표 음식 김치! 맛있는 여러 가지 김치 눈으로 맛보고 가세요~ㅣ 백종원의 쿠킹로그,11,"갓은 뿌리를 제거하고 줄기 부분은 3cm, 이파리는 2cm 정도 길이로 자른다."
K55CPyYTUJI,대한민국 대표 음식 김치! 맛있는 여러 가지 김치 눈으로 맛보고 가세요~ㅣ 백종원의 쿠킹로그,12,당근은 채 칼을 이용하여 썰어준다.
K55CPyYTUJI,대한민국 대표 음식 김치! 맛있는 여러 가지 김치 눈으로 맛보고 가세요~ㅣ 백종원의 쿠킹로그,13,"손질해둔 채소에 절여둔 무, 불린 고춧가루, 간 마늘, 한 생강, 황설탕을 넣어 섞어준다."
K55CPyYTUJI,대한민국 대표 음식 김치! 맛있는 여러 가지 김치 눈으로 맛보고 가세요~ㅣ 백종원의 쿠킹로그,14,절인 배추에 김칫소를 한 장 한 장 얇게 발라준다.
K55CPyYTUJI,대한민국 대표 음식 김치! 맛있는 여러 가지 김치 눈으로 맛보고 가세요~ㅣ 백종원의 쿠킹로그,15,골고루 양념이 묻으면 김칫소가 나오지 않게 배추의 모양을 잡고 큰 이파리로 감싼다.
K55CPyYTUJI,대한민국 대표 음식 김치! 맛있는 여러 가지 김치 눈으로 맛보고 가세요~ㅣ 백종원의 쿠킹로그,16,김치통에 담은 후 꾹꾹 눌러 틈이 생기지 않게 한다.
K55CPyYTUJI,대한민국 대표 음식 김치! 맛있는 여러 가지 김치 눈으로 맛보고 가세요~ㅣ 백종원의 쿠킹로그,17,김치통이 채워지면 남은 절인 배추 이파리로 김치를 덮어 보관한다.
K55CPyYTUJI,대한민국 대표 음식 김치! 맛있는 여러 가지 김치 눈으로 맛보고 가세요~ㅣ 백종원의 쿠킹로그,18,[배추 절이는 법]
K55CPyYTUJI,대한민국 대표 음식 김치! 맛있는 여러 가지 김치 눈으로 맛보고 가세요~ㅣ 백종원의 쿠킹로그,19,배추는 밑동을 잘라내 거 겉 잎을 뜯어낸다.
K55CPyYTUJI,대한민국 대표 음식 김치! 맛있는 여러 가지 김치 눈으로 맛보고 가세요~ㅣ 백종원의 쿠킹로그,20,배추를 반으로 가른다.
K55CPyYTUJI,대한민국 대표 음식 김치! 맛있는 여러 가지 김치 눈으로 맛보고 가세요~ㅣ 백종원의 쿠킹로그,21,큰 냄비나 볼에 물과 천일염을 넣어 소금물을 만든다.
K55CPyYTUJI,대한민국 대표 음식 김치! 맛있는 여러 가지 김치 눈으로 맛보고 가세요~ㅣ 백종원의 쿠킹로그,22,배추 줄기 부분에 천일염을 문질러 가며 골고루 절여준다.
K55CPyYTUJI,대한민국 대표 음식 김치! 맛있는 여러 가지 김치 눈으로 맛보고 가세요~ㅣ 백종원의 쿠킹로그,23,천일염으로 문질러 둔 배추를 소금물에 담가 골고루 묻혀준다.
K55CPyYTUJI,대한민국 대표 음식 김치! 맛있는 여러 가지 김치 눈으로 맛보고 가세요~ㅣ 백종원의 쿠킹로그,24,배추의 절단 부분이 위로 올라오게 하여 김장봉투에 담아준다.
K55CPyYTUJI,대한민국 대표 음식 김치! 맛있는 여러 가지 김치 눈으로 맛보고 가세요~ㅣ 백종원의 쿠킹로그,25,한 번씩 뒤집어 가면서 골고루 절여질 수 있도록 해준다.
K55CPyYTUJI,대한민국 대표 음식 김치! 맛있는 여러 가지 김치 눈으로 맛보고 가세요~ㅣ 백종원의 쿠킹로그,26,"큰 볼에 물, 천일염을 넣어 소금물을 만든다."
K55CPyYTUJI,대한민국 대표 음식 김치! 맛있는 여러 가지 김치 눈으로 맛보고 가세요~ㅣ 백종원의 쿠킹로그,27,소금이 녹으면 김치 속을 넣어 섞어준다.
K55CPyYTUJI,대한민국 대표 음식 김치! 맛있는 여러 가지 김치 눈으로 맛보고 가세요~ㅣ 백종원의 쿠킹로그,28,절인 배추를 김치 물에 넣어 골고루 적셔준다.
K55CPyYTUJI,대한민국 대표 음식 김치! 맛있는 여러 가지 김치 눈으로 맛보고 가세요~ㅣ 백종원의 쿠킹로그,29,김치통에 적신 배추를 담고 김 핏물을 부어 익혀준다.
K55CPyYTUJI,대한민국 대표 음식 김치! 맛있는 여러 가지 김치 눈으로 맛보고 가세요~ㅣ 백종원의 쿠킹로그,30,"배추, 무는 한 입 크기로 잘라 천일염, 소금물을 넣어 버무려 준다."
K55CPyYTUJI,대한민국 대표 음식 김치! 맛있는 여러 가지 김치 눈으로 맛보고 가세요~ㅣ 백종원의 쿠킹로그,31,중간중간 섞어가며 골고루 절여준다.
K55CPyYTUJI,대한민국 대표 음식 김치! 맛있는 여러 가지 김치 눈으로 맛보고 가세요~ㅣ 백종원의 쿠킹로그,32,절여진 배추는 찬물에 헹궈 짠맛을 빼준다.
K55CPyYTUJI,대한민국 대표 음식 김치! 맛있는 여러 가지 김치 눈으로 맛보고 가세요~ㅣ 백종원의 쿠킹로그,33,김치 속을 넣어 버무린 후 통에 담아 보관한다.
KbWtIU129hw,수육에 같이 먹는 보쌈무김치 만드는 법 의외로 간단합니다,1,*보쌈 무김치
KbWtIU129hw,수육에 같이 먹는 보쌈무김치 만드는 법 의외로 간단합니다,2,"무는 깨끗하게 세척한 후 길이 7cm, 두께 0.8cm로 길게 썰어 깊은 그릇에 담아 준비한다."
KbWtIU129hw,수육에 같이 먹는 보쌈무김치 만드는 법 의외로 간단합니다,3,* 무를 너무 두껍게 썰 경우 절이는데 시간이 오래 걸릴 수 있으니 주의한다.
KbWtIU129hw,수육에 같이 먹는 보쌈무김치 만드는 법 의외로 간단합니다,4,"준비해둔 무에 꽃소금, 정수물을 넣고 잘 섞어 약 3시간 절인다"
KbWtIU129hw,수육에 같이 먹는 보쌈무김치 만드는 법 의외로 간단합니다,5,* 양이 많을 경우 중간에 한 번씩 뒤집어준다.
KbWtIU129hw,수육에 같이 먹는 보쌈무김치 만드는 법 의외로 간단합니다,6,절여진 무는 체에 밭쳐 물기를 뺀 후 손으로 꾹 짜서 준비한다.
KbWtIU129hw,수육에 같이 먹는 보쌈무김치 만드는 법 의외로 간단합니다,7,무에 설탕을 넣고 버무린 후 간마늘을 넣어 윤기가 나도록 버무린다.
KbWtIU129hw,수육에 같이 먹는 보쌈무김치 만드는 법 의외로 간단합니다,8,고운고추가루를 넣고 뭉치지 않도록 버무린다.
KbWtIU129hw,수육에 같이 먹는 보쌈무김치 만드는 법 의외로 간단합니다,9,* 매운것을 못 먹을 경우 파프리카 가루로 대체하여 사용해도 좋다.
KbWtIU129hw,수육에 같이 먹는 보쌈무김치 만드는 법 의외로 간단합니다,10,"밀폐통에 옮겨 담아 실온에 하루, 냉장고에 이틀 보관 후 먹는 것이 맛이 좋다."
KbWtIU129hw,수육에 같이 먹는 보쌈무김치 만드는 법 의외로 간단합니다,11,*배추 절이기
KbWtIU129hw,수육에 같이 먹는 보쌈무김치 만드는 법 의외로 간단합니다,12,배추는 밑동을 제거한 후 배춧잎을 한 장씩 분리한다.
KbWtIU129hw,수육에 같이 먹는 보쌈무김치 만드는 법 의외로 간단합니다,13,"꽃소금, 정수물을 넣고 잘 섞어 약 3시간 절인다."
KbWtIU129hw,수육에 같이 먹는 보쌈무김치 만드는 법 의외로 간단합니다,14,절여진 배추는 찬물에 한번 헹군 후 꾹 짜서 물기를 제거하여 완성한다.
KbWtIU129hw,수육에 같이 먹는 보쌈무김치 만드는 법 의외로 간단합니다,15,*보쌈 세팅하기
KbWtIU129hw,수육에 같이 먹는 보쌈무김치 만드는 법 의외로 간단합니다,16,완성 접시에 절인 배추를 올린다.
KbWtIU129hw,수육에 같이 먹는 보쌈무김치 만드는 법 의외로 간단합니다,17,수육을 먹기 좋은 두께로 썰어 올린다.
KbWtIU129hw,수육에 같이 먹는 보쌈무김치 만드는 법 의외로 간단합니다,18,빈 공간에 깻잎을 한장 올린 후 그 위에 보쌈 무김치를 올린다.
KbWtIU129hw,수육에 같이 먹는 보쌈무김치 만드는 법 의외로 간단합니다,19,보쌈 무김치와 수육 위에 통깨를 뿌려 완성한다.
KoBx7EEBohM,"삼겹살과 같이 먹으면 찰떡궁합 메뉴! 된장찌개, 시저샐러드, 오이고추무침, 파무침, 무생채ㅣ 백종원의 쿠킹로그 특별방송",1,무는 껍질을 제거한 후 채 칼을 이용하여 썰어준다.
KoBx7EEBohM,"삼겹살과 같이 먹으면 찰떡궁합 메뉴! 된장찌개, 시저샐러드, 오이고추무침, 파무침, 무생채ㅣ 백종원의 쿠킹로그 특별방송",2,"밀폐통에 정수물, 식초, 백설탕, 꽃소금을 넣고 설탕과 소금이 녹을 정도까지 저어준다."
KoBx7EEBohM,"삼겹살과 같이 먹으면 찰떡궁합 메뉴! 된장찌개, 시저샐러드, 오이고추무침, 파무침, 무생채ㅣ 백종원의 쿠킹로그 특별방송",3,고운고춧가루를 넣어 색을 맞춘다.
KoBx7EEBohM,"삼겹살과 같이 먹으면 찰떡궁합 메뉴! 된장찌개, 시저샐러드, 오이고추무침, 파무침, 무생채ㅣ 백종원의 쿠킹로그 특별방송",4,고춧가루물을 체에 밭쳐 걸러준다.
KoBx7EEBohM,"삼겹살과 같이 먹으면 찰떡궁합 메뉴! 된장찌개, 시저샐러드, 오이고추무침, 파무침, 무생채ㅣ 백종원의 쿠킹로그 특별방송",5,양념장에 무 채를 일렬로 가지런히 넣어준 후 뚜껑을 덮는다.
KoBx7EEBohM,"삼겹살과 같이 먹으면 찰떡궁합 메뉴! 된장찌개, 시저샐러드, 오이고추무침, 파무침, 무생채ㅣ 백종원의 쿠킹로그 특별방송",6,냉장고에 넣어 하루 정도 절여 완성한다.
KoBx7EEBohM,"삼겹살과 같이 먹으면 찰떡궁합 메뉴! 된장찌개, 시저샐러드, 오이고추무침, 파무침, 무생채ㅣ 백종원의 쿠킹로그 특별방송",7,된장찌개
KoBx7EEBohM,"삼겹살과 같이 먹으면 찰떡궁합 메뉴! 된장찌개, 시저샐러드, 오이고추무침, 파무침, 무생채ㅣ 백종원의 쿠킹로그 특별방송",8,양파는 사방 2cm 정도로 네모지게 썰어 준비한다.
KoBx7EEBohM,"삼겹살과 같이 먹으면 찰떡궁합 메뉴! 된장찌개, 시저샐러드, 오이고추무침, 파무침, 무생채ㅣ 백종원의 쿠킹로그 특별방송",9,애호박은 반으로 갈라 0.5cm 두께로 네모지게 썰어준다.
KoBx7EEBohM,"삼겹살과 같이 먹으면 찰떡궁합 메뉴! 된장찌개, 시저샐러드, 오이고추무침, 파무침, 무생채ㅣ 백종원의 쿠킹로그 특별방송",10,"청양고추, 대파는 1cm 정도 두께로 송송 썰어 준비한다."
KoBx7EEBohM,"삼겹살과 같이 먹으면 찰떡궁합 메뉴! 된장찌개, 시저샐러드, 오이고추무침, 파무침, 무생채ㅣ 백종원의 쿠킹로그 특별방송",11,두부는 깍둑썰기하여 준비한다.
KoBx7EEBohM,"삼겹살과 같이 먹으면 찰떡궁합 메뉴! 된장찌개, 시저샐러드, 오이고추무침, 파무침, 무생채ㅣ 백종원의 쿠킹로그 특별방송",12,물에 된장을 넣어 잘 풀어준다.
KoBx7EEBohM,"삼겹살과 같이 먹으면 찰떡궁합 메뉴! 된장찌개, 시저샐러드, 오이고추무침, 파무침, 무생채ㅣ 백종원의 쿠킹로그 특별방송",13,된장물에 모든 재료를 넣어 섞는다.
KoBx7EEBohM,"삼겹살과 같이 먹으면 찰떡궁합 메뉴! 된장찌개, 시저샐러드, 오이고추무침, 파무침, 무생채ㅣ 백종원의 쿠킹로그 특별방송",14,고기를 구워먹은 프라이팬에 섞어 둔 된장찌개를 부어 끓인다.
KoBx7EEBohM,"삼겹살과 같이 먹으면 찰떡궁합 메뉴! 된장찌개, 시저샐러드, 오이고추무침, 파무침, 무생채ㅣ 백종원의 쿠킹로그 특별방송",15,오이고추무침
KoBx7EEBohM,"삼겹살과 같이 먹으면 찰떡궁합 메뉴! 된장찌개, 시저샐러드, 오이고추무침, 파무침, 무생채ㅣ 백종원의 쿠킹로그 특별방송",16,"볼에 된장, 깨소금, 올리고당, 간마늘, 참기름을 넣어 섞어준다."
KoBx7EEBohM,"삼겹살과 같이 먹으면 찰떡궁합 메뉴! 된장찌개, 시저샐러드, 오이고추무침, 파무침, 무생채ㅣ 백종원의 쿠킹로그 특별방송",17,오이고추는 1cm 정도 두께로 큼직하게 썰어 준비한다.
KoBx7EEBohM,"삼겹살과 같이 먹으면 찰떡궁합 메뉴! 된장찌개, 시저샐러드, 오이고추무침, 파무침, 무생채ㅣ 백종원의 쿠킹로그 특별방송",18,양념된장에 오이고추를 넣고 버무려 완성한다.
KoBx7EEBohM,"삼겹살과 같이 먹으면 찰떡궁합 메뉴! 된장찌개, 시저샐러드, 오이고추무침, 파무침, 무생채ㅣ 백종원의 쿠킹로그 특별방송",19,시저샐러드
KoBx7EEBohM,"삼겹살과 같이 먹으면 찰떡궁합 메뉴! 된장찌개, 시저샐러드, 오이고추무침, 파무침, 무생채ㅣ 백종원의 쿠킹로그 특별방송",20,"볼에 마요네즈, 레몬즙, 멸치액젓, 간마늘, 설탕, 후춧가루를 넣고 섞어준다."
KoBx7EEBohM,"삼겹살과 같이 먹으면 찰떡궁합 메뉴! 된장찌개, 시저샐러드, 오이고추무침, 파무침, 무생채ㅣ 백종원의 쿠킹로그 특별방송",21,식초를 섞어가면서 신맛을 조절한다.
KoBx7EEBohM,"삼겹살과 같이 먹으면 찰떡궁합 메뉴! 된장찌개, 시저샐러드, 오이고추무침, 파무침, 무생채ㅣ 백종원의 쿠킹로그 특별방송",22,로메인은 한장 한장 뜯어 준비한다.
KoBx7EEBohM,"삼겹살과 같이 먹으면 찰떡궁합 메뉴! 된장찌개, 시저샐러드, 오이고추무침, 파무침, 무생채ㅣ 백종원의 쿠킹로그 특별방송",23,"그릇에 로메인, 드레싱, 파마산치즈가루 순으로 올려 겹겹이 쌓아준다."
KoBx7EEBohM,"삼겹살과 같이 먹으면 찰떡궁합 메뉴! 된장찌개, 시저샐러드, 오이고추무침, 파무침, 무생채ㅣ 백종원의 쿠킹로그 특별방송",24,마지막에 그라나파다노치즈를 뿌려 완성한다.
KoBx7EEBohM,"삼겹살과 같이 먹으면 찰떡궁합 메뉴! 된장찌개, 시저샐러드, 오이고추무침, 파무침, 무생채ㅣ 백종원의 쿠킹로그 특별방송",25,파무침
KoBx7EEBohM,"삼겹살과 같이 먹으면 찰떡궁합 메뉴! 된장찌개, 시저샐러드, 오이고추무침, 파무침, 무생채ㅣ 백종원의 쿠킹로그 특별방송",26,"볼에 고추장, 설탕, 식초를 넣어 초고추장을 만든다."
KoBx7EEBohM,"삼겹살과 같이 먹으면 찰떡궁합 메뉴! 된장찌개, 시저샐러드, 오이고추무침, 파무침, 무생채ㅣ 백종원의 쿠킹로그 특별방송",27,맛술을 이용하여 농도를 맞춰준다.
KoBx7EEBohM,"삼겹살과 같이 먹으면 찰떡궁합 메뉴! 된장찌개, 시저샐러드, 오이고추무침, 파무침, 무생채ㅣ 백종원의 쿠킹로그 특별방송",28,큰 볼에 파채를 넣은 후 초고추장을 넣어 버무린다.
KoBx7EEBohM,"삼겹살과 같이 먹으면 찰떡궁합 메뉴! 된장찌개, 시저샐러드, 오이고추무침, 파무침, 무생채ㅣ 백종원의 쿠킹로그 특별방송",29,고춧가루를 넣어 색을 맞춰 완성한다.
LRsdD2Gz6lQ,사과한테 사과하세요. 너무 맛있는 사과부침개,1,오늘은 말도 안되는 사과채전을 준비했습니다
LRsdD2Gz6lQ,사과한테 사과하세요. 너무 맛있는 사과부침개,2,여태까지 만들어본 백종원게임 메뉴 중에 단연 1등이에요!
LTVxirHWvh8,이 카레의 주인공은 '고기'입니다. 고기 듬뿍 뒷다리살 카레,1,양파는 꼭지를 제거한 후 폭 1cm 길이 2cm 크기로 사각썰기하여 준비한다.
LTVxirHWvh8,이 카레의 주인공은 '고기'입니다. 고기 듬뿍 뒷다리살 카레,2,당근은 사방 1cm정도 길이로 작게 깍둑썰기 하여 준비한다.
LTVxirHWvh8,이 카레의 주인공은 '고기'입니다. 고기 듬뿍 뒷다리살 카레,3,돼지고기 뒷다리살은 사방 2cm 길이로 깍둑썰기 하여 준비한다.
LTVxirHWvh8,이 카레의 주인공은 '고기'입니다. 고기 듬뿍 뒷다리살 카레,4,*이 때 돼지 비계 부분은 따로 잘게 잘라 준비한다.
LTVxirHWvh8,이 카레의 주인공은 '고기'입니다. 고기 듬뿍 뒷다리살 카레,5,깊은 프라이팬을 강불에 올린 후 식용유를 두른다.
LTVxirHWvh8,이 카레의 주인공은 '고기'입니다. 고기 듬뿍 뒷다리살 카레,6,잘게 잘라 둔 돼지 비계를 넣고 볶는다.
LTVxirHWvh8,이 카레의 주인공은 '고기'입니다. 고기 듬뿍 뒷다리살 카레,7,돼지 비계가 노릇하게 튀겨지면 돼지고기 살코기를 넣고 튀기듯이 볶는다.
LTVxirHWvh8,이 카레의 주인공은 '고기'입니다. 고기 듬뿍 뒷다리살 카레,8,고기가 전체적으로 노릇하게 튀겨지면 양파를 뚜껑 덮듯이 전체적으로 펼쳐 넣는다.
LTVxirHWvh8,이 카레의 주인공은 '고기'입니다. 고기 듬뿍 뒷다리살 카레,9,가볍게 뒤적이며 양파가 갈색나게 볶는다.
LTVxirHWvh8,이 카레의 주인공은 '고기'입니다. 고기 듬뿍 뒷다리살 카레,10,당근을 넣고 볶는다.
LTVxirHWvh8,이 카레의 주인공은 '고기'입니다. 고기 듬뿍 뒷다리살 카레,11,프라이팬 가장자리 쪽으로 진간장을 둘러 넣고 케첩을 넣어 새콤한 맛을 날린다.
LTVxirHWvh8,이 카레의 주인공은 '고기'입니다. 고기 듬뿍 뒷다리살 카레,13,양념장이 눋어 붙으려고 하면 물을 넣고 끓기 시작하면 약 15분 이상 강불에 끓인다.
LTVxirHWvh8,이 카레의 주인공은 '고기'입니다. 고기 듬뿍 뒷다리살 카레,14,* 25~30분 정도 끓이면 맛이 더욱 좋다.
LTVxirHWvh8,이 카레의 주인공은 '고기'입니다. 고기 듬뿍 뒷다리살 카레,15,카레가루를 잘 풀어가며 넣고 농도나게 끓인다.
LTVxirHWvh8,이 카레의 주인공은 '고기'입니다. 고기 듬뿍 뒷다리살 카레,16,농도가 맞춰지면 불을 끄고 버터를 넣어 섞는다.
LTVxirHWvh8,이 카레의 주인공은 '고기'입니다. 고기 듬뿍 뒷다리살 카레,17,그릇에 밥을 담고 카레를 얹어 완성한다.
LojVJnvLb30,왜 멀리 미국까지 가요? 집에서 이렇게 버팔로 윙 해 먹으면 되는데~,1,*버팔로윙 소스
LojVJnvLb30,왜 멀리 미국까지 가요? 집에서 이렇게 버팔로 윙 해 먹으면 되는데~,2,"프라이팬 또는 냄비에 사과식초, 타바스코, 맛소금, 고운 고춧가루, 버터를 넣고 강 불에 끓인다."
LojVJnvLb30,왜 멀리 미국까지 가요? 집에서 이렇게 버팔로 윙 해 먹으면 되는데~,3,소스가 끓기 시작하면 약 1분 더 끓인 후 불을 끄고 완전히 식힌다.
LojVJnvLb30,왜 멀리 미국까지 가요? 집에서 이렇게 버팔로 윙 해 먹으면 되는데~,4,* 스테인리스 그릇에 담아 얼음물에 담가 식히면 빨리 식힐 수 있다.
LojVJnvLb30,왜 멀리 미국까지 가요? 집에서 이렇게 버팔로 윙 해 먹으면 되는데~,5,*버팔로윙
LojVJnvLb30,왜 멀리 미국까지 가요? 집에서 이렇게 버팔로 윙 해 먹으면 되는데~,6,닭 날개와 봉은 깨끗하게 세척한 후 물기를 제거하여 준비한다.
LojVJnvLb30,왜 멀리 미국까지 가요? 집에서 이렇게 버팔로 윙 해 먹으면 되는데~,8,* 칼집을 안내는 경우 양념하여 하루 정도 냉장고에 숙성하면 맛이 좋다.
LojVJnvLb30,왜 멀리 미국까지 가요? 집에서 이렇게 버팔로 윙 해 먹으면 되는데~,9,에어프라이어 팬에 식용유를 골고루 발라 코팅한 후 양념한 닭을 펼쳐 올린다.
LojVJnvLb30,왜 멀리 미국까지 가요? 집에서 이렇게 버팔로 윙 해 먹으면 되는데~,10,* 구멍이 있는 팬일 경우 종이 포일을 깔고 사용한다.
LojVJnvLb30,왜 멀리 미국까지 가요? 집에서 이렇게 버팔로 윙 해 먹으면 되는데~,11,에어프라이어에 넣고 180도에서 15분 구운 후 닭을 뒤집어 다시 15분 정도 굽는다.
LojVJnvLb30,왜 멀리 미국까지 가요? 집에서 이렇게 버팔로 윙 해 먹으면 되는데~,12,* 열의 세기가 다를 수 있으니 색을 확인해가며 시간을 조절한다.
LojVJnvLb30,왜 멀리 미국까지 가요? 집에서 이렇게 버팔로 윙 해 먹으면 되는데~,14,* 기호에 맞게 쓰리라 차를 찍어 먹어도 좋다.
LojVJnvLb30,왜 멀리 미국까지 가요? 집에서 이렇게 버팔로 윙 해 먹으면 되는데~,15,"[지나친 음주는 뇌졸중, 기억력 손상이나 치매를 유발합니다."
LojVJnvLb30,왜 멀리 미국까지 가요? 집에서 이렇게 버팔로 윙 해 먹으면 되는데~,16,임신 중 음주는 기형아 출생 위험을 높입니다.]
LwHQ_LE4b9I,비빔면으로 팟타이 만들기! 뜨겁게 먹는 비빔면 2탄 #뜨빔면,1,냄비에 면 삶을 물을 넣고 강불에 올린다.
LwHQ_LE4b9I,비빔면으로 팟타이 만들기! 뜨겁게 먹는 비빔면 2탄 #뜨빔면,2,물이 바글바글 끓으면 면을 넣고 약 3분 정도 삶은 후 채반에 밭쳐 물기를 제거한다.
LwHQ_LE4b9I,비빔면으로 팟타이 만들기! 뜨겁게 먹는 비빔면 2탄 #뜨빔면,3,*프라이팬에 볶는 작업과 시간이 맞는다면 바로 건져서 사용해도 좋다.
LwHQ_LE4b9I,비빔면으로 팟타이 만들기! 뜨겁게 먹는 비빔면 2탄 #뜨빔면,4,대파는 두께 0.3cm로 송송 썰어 준비한다.
LwHQ_LE4b9I,비빔면으로 팟타이 만들기! 뜨겁게 먹는 비빔면 2탄 #뜨빔면,5,달걀은 깨트려 그릇에 담아 준비한다.
LwHQ_LE4b9I,비빔면으로 팟타이 만들기! 뜨겁게 먹는 비빔면 2탄 #뜨빔면,6,프라이팬에 기름을 두른 후 강 불에 예열한다.
LwHQ_LE4b9I,비빔면으로 팟타이 만들기! 뜨겁게 먹는 비빔면 2탄 #뜨빔면,7,달걀을 넣고 젓가락으로 저어 굵게 스크램블을 만든다.
LwHQ_LE4b9I,비빔면으로 팟타이 만들기! 뜨겁게 먹는 비빔면 2탄 #뜨빔면,8,달걀을 한쪽으로 밀어 두고 빈 공간에 대파를 넣어 파기름을 낸다.
LwHQ_LE4b9I,비빔면으로 팟타이 만들기! 뜨겁게 먹는 비빔면 2탄 #뜨빔면,9,대파 향이 올라오면 스크램블과 골고루 섞은 후 다시 한쪽으로 밀어둔다.
LwHQ_LE4b9I,비빔면으로 팟타이 만들기! 뜨겁게 먹는 비빔면 2탄 #뜨빔면,11,*프라이팬이 너무 달궈졌을 경우 불을 끄고 볶는다.
LwHQ_LE4b9I,비빔면으로 팟타이 만들기! 뜨겁게 먹는 비빔면 2탄 #뜨빔면,12,삶은 면을 프라이팬에 넣고 타지 않도록 잘 섞어가며 볶는다.
LwHQ_LE4b9I,비빔면으로 팟타이 만들기! 뜨겁게 먹는 비빔면 2탄 #뜨빔면,13,11 그릇에 옮겨 담은 후 고명스프를 기호에 따라 뿌려 완성한다.
Lz0tPtrMQmQ,맥주 안주로 딱! 매콤새콤 골뱅이무침! ㅣ 백종원의 백종원 레시피,1,* 양념장 만드는 법
Lz0tPtrMQmQ,맥주 안주로 딱! 매콤새콤 골뱅이무침! ㅣ 백종원의 백종원 레시피,2,깨소금을 제외한 분량의 양념장 재료를 볼에 넣고 섞어 양념장을 만든다.
Lz0tPtrMQmQ,맥주 안주로 딱! 매콤새콤 골뱅이무침! ㅣ 백종원의 백종원 레시피,3,* 골뱅이무침 만드는 법
Lz0tPtrMQmQ,맥주 안주로 딱! 매콤새콤 골뱅이무침! ㅣ 백종원의 백종원 레시피,4,골뱅이는 1/2 크기로 세로로 잘라 준비한다.
Lz0tPtrMQmQ,맥주 안주로 딱! 매콤새콤 골뱅이무침! ㅣ 백종원의 백종원 레시피,5,"양파, 양배추는 채 썰어 준비한다."
Lz0tPtrMQmQ,맥주 안주로 딱! 매콤새콤 골뱅이무침! ㅣ 백종원의 백종원 레시피,6,"오이, 당근은 반으로 갈라 편 썰어 준비한다."
Lz0tPtrMQmQ,맥주 안주로 딱! 매콤새콤 골뱅이무침! ㅣ 백종원의 백종원 레시피,7,청양고추는 어슷하게 썰어 준비한다.
Lz0tPtrMQmQ,맥주 안주로 딱! 매콤새콤 골뱅이무침! ㅣ 백종원의 백종원 레시피,8,북어채는 골뱅이 국물에 가볍게 적셔 준비한다.
Lz0tPtrMQmQ,맥주 안주로 딱! 매콤새콤 골뱅이무침! ㅣ 백종원의 백종원 레시피,9,손질된 모든 채소와 골뱅이를 볼에 담는다.
Lz0tPtrMQmQ,맥주 안주로 딱! 매콤새콤 골뱅이무침! ㅣ 백종원의 백종원 레시피,10,채소와 골뱅이에 양념장을 넣어 버무린다.
Lz0tPtrMQmQ,맥주 안주로 딱! 매콤새콤 골뱅이무침! ㅣ 백종원의 백종원 레시피,11,완성 접시에 골뱅이무침을 담고 깨소금을 뿌려 마무리한다.
Lz0tPtrMQmQ,맥주 안주로 딱! 매콤새콤 골뱅이무침! ㅣ 백종원의 백종원 레시피,12,* 기호에 따라 채소의 종류와 분량은 조절한다.
Lz0tPtrMQmQ,맥주 안주로 딱! 매콤새콤 골뱅이무침! ㅣ 백종원의 백종원 레시피,13,* 양념장에 간 마늘을 추가하면 색다른 맛을 낼 수 있다.
M8RXmDJ3W-s,"'소고기' 말고 '돼지고기'로 끓이는 '뭇국', 엄청 시원하고 개운해요",1,무는 길게 4등분 하여 두께 1cm 정도로 썬다.
M8RXmDJ3W-s,"'소고기' 말고 '돼지고기'로 끓이는 '뭇국', 엄청 시원하고 개운해요",2,대파는 송송 썬다.
M8RXmDJ3W-s,"'소고기' 말고 '돼지고기'로 끓이는 '뭇국', 엄청 시원하고 개운해요",3,"돼지고기는 가로, 세로 2.5cm 정도로 큼직하게 썬다."
M8RXmDJ3W-s,"'소고기' 말고 '돼지고기'로 끓이는 '뭇국', 엄청 시원하고 개운해요",4,냄비에 식용유를 두르고 썰어놓은 돼지고기를 넣고 볶는다.
M8RXmDJ3W-s,"'소고기' 말고 '돼지고기'로 끓이는 '뭇국', 엄청 시원하고 개운해요",5,고기가 하얗게 익으면 진간장을 넣고 졸이듯이 볶는다.
M8RXmDJ3W-s,"'소고기' 말고 '돼지고기'로 끓이는 '뭇국', 엄청 시원하고 개운해요",6,"간장이 졸아들면 정수물, 무, 간 생강, 대파를 넣고 약 30분간 중 불에 끓인다."
M8RXmDJ3W-s,"'소고기' 말고 '돼지고기'로 끓이는 '뭇국', 엄청 시원하고 개운해요",7,맛소금을 이용하여 간을 맞춘 후 불을 끈다.
M8RXmDJ3W-s,"'소고기' 말고 '돼지고기'로 끓이는 '뭇국', 엄청 시원하고 개운해요",8,그릇에 담은 후 후춧가루를 뿌려 완성한다.
MCYhvB4q4r4,한국의 깊은 맛 소고기칼국수 (+한식 세계화 이야기 조금ㅎㅎ),1,"양파, 감자는 두께 0.5cm로 채 썰어 준비한다."
MCYhvB4q4r4,한국의 깊은 맛 소고기칼국수 (+한식 세계화 이야기 조금ㅎㅎ),2,표고버섯은 두께 0.3cm로 편 썰어 준비한다.
MCYhvB4q4r4,한국의 깊은 맛 소고기칼국수 (+한식 세계화 이야기 조금ㅎㅎ),3,"애호박은 두께 0.5cm로 채 썰고, 대파, 청양고추는 두께 0.3cm로 송송 썰어 준비한다."
MCYhvB4q4r4,한국의 깊은 맛 소고기칼국수 (+한식 세계화 이야기 조금ㅎㅎ),4,소고기는 두께 1cm로 굵게 채 썰어 준비한다.
MCYhvB4q4r4,한국의 깊은 맛 소고기칼국수 (+한식 세계화 이야기 조금ㅎㅎ),5,"깊은 프라이팬이나 냄비에 참기름, 소고기를 넣고 잘 풀어가며 강 불에 볶는다."
MCYhvB4q4r4,한국의 깊은 맛 소고기칼국수 (+한식 세계화 이야기 조금ㅎㅎ),6,* 간 소고기가 있다면 대체하여 사용해도 좋다.
MCYhvB4q4r4,한국의 깊은 맛 소고기칼국수 (+한식 세계화 이야기 조금ㅎㅎ),7,"고기가 완전히 익으면 물, 감자, 양파, 표고버섯을 넣고 끓인다."
MCYhvB4q4r4,한국의 깊은 맛 소고기칼국수 (+한식 세계화 이야기 조금ㅎㅎ),8,* 얼큰한 육수를 원한다면 굵은 고춧가루를 추가한다.
MCYhvB4q4r4,한국의 깊은 맛 소고기칼국수 (+한식 세계화 이야기 조금ㅎㅎ),9,육수가 끓어오르면 칼국수 면을 체에 밭쳐 흐르는 물에 헹군 후 육수에 넣어 저어가며 끓인다.
MCYhvB4q4r4,한국의 깊은 맛 소고기칼국수 (+한식 세계화 이야기 조금ㅎㅎ),10,* 칼국수 면을 미리 헹궈두면 뭉칠 수 있으니 육수에 넣기 직전에 헹군다.
MCYhvB4q4r4,한국의 깊은 맛 소고기칼국수 (+한식 세계화 이야기 조금ㅎㅎ),11,"국간장, 간 마늘, 멸치액젓을 넣고 중 불로 줄여 약 4분 30초 끓인다."
MCYhvB4q4r4,한국의 깊은 맛 소고기칼국수 (+한식 세계화 이야기 조금ㅎㅎ),12,* 불 세기나 냄비의 크기에 따라 물양을 조절한다.
MCYhvB4q4r4,한국의 깊은 맛 소고기칼국수 (+한식 세계화 이야기 조금ㅎㅎ),13,* 기호에 따라 MSG를 추가한다.
MCYhvB4q4r4,한국의 깊은 맛 소고기칼국수 (+한식 세계화 이야기 조금ㅎㅎ),14,"면이 기호에 맞게 익으면 애호박, 청양고추, 대파를 넣고 다시 한번 끓어오르면 불을 끈다."
MCYhvB4q4r4,한국의 깊은 맛 소고기칼국수 (+한식 세계화 이야기 조금ㅎㅎ),15,완성 그릇에 옮겨 담은 후 후춧가루를 뿌려 완성한다.
MTF3kcG6mmI,갑자기 쌀쌀해지니 뜨끈한 국물 생각나시죠?,1,"양파, 애호박, 감자는 두께 0.4cm로 채 썰어 준비한다."
MTF3kcG6mmI,갑자기 쌀쌀해지니 뜨끈한 국물 생각나시죠?,2,*채칼을 사용하여 썰어도 좋다.
MTF3kcG6mmI,갑자기 쌀쌀해지니 뜨끈한 국물 생각나시죠?,3,*감자는 다른 채소에 비해 익는 시간이 오래 걸리기 때문에 최대한 얇게 채 썬다.
MTF3kcG6mmI,갑자기 쌀쌀해지니 뜨끈한 국물 생각나시죠?,4,"대파, 청양고추는 두께 0.3cm로 송송 썰고 고명용 대파는 따로 빼서 준비한다."
MTF3kcG6mmI,갑자기 쌀쌀해지니 뜨끈한 국물 생각나시죠?,5,*고명용 대파는 파란 부분을 사용하는 것이 보기 좋다.
MTF3kcG6mmI,갑자기 쌀쌀해지니 뜨끈한 국물 생각나시죠?,6,깊은 프라이팬이나 냄비에 식용유를 두른 후 중불에 올린다.
MTF3kcG6mmI,갑자기 쌀쌀해지니 뜨끈한 국물 생각나시죠?,7,"다진 돼지고기, 고명용을 제외한 대파를 넣고 돼지고기가 뭉치지 않도록 풀어가며 볶는다."
MTF3kcG6mmI,갑자기 쌀쌀해지니 뜨끈한 국물 생각나시죠?,8,*돼지고기는 지방을 섞어 준비하면 더욱 맛이 좋다
MTF3kcG6mmI,갑자기 쌀쌀해지니 뜨끈한 국물 생각나시죠?,10,*된장은 색과 간에 따라 양을 조절한다.
MTF3kcG6mmI,갑자기 쌀쌀해지니 뜨끈한 국물 생각나시죠?,11,"된장, 고추장이 풀어져 전체적으로 섞이면 불을 끈 후 고운 고춧가루, 굵은 고춧가루를 넣고 볶는다."
MTF3kcG6mmI,갑자기 쌀쌀해지니 뜨끈한 국물 생각나시죠?,12,*고춧가루 두 종류가 없을 경우 한 가지만 사용해도 좋다.
MTF3kcG6mmI,갑자기 쌀쌀해지니 뜨끈한 국물 생각나시죠?,13,"고추기름이 나오면 불을 강불로 켠 후 물, 감자, 양파를 넣고 끓인다."
MTF3kcG6mmI,갑자기 쌀쌀해지니 뜨끈한 국물 생각나시죠?,15,*다시다를 사용할 경우 간이 세질 수 있으니 소금양을 줄여 넣는다.
MTF3kcG6mmI,갑자기 쌀쌀해지니 뜨끈한 국물 생각나시죠?,16,"국물이 끓어 오르면 국간장, 꽃소금을 넣어 간을 맞춘다."
MTF3kcG6mmI,갑자기 쌀쌀해지니 뜨끈한 국물 생각나시죠?,17,*액젓이 있다면 국간장 대신 사용해도 좋다.
MTF3kcG6mmI,갑자기 쌀쌀해지니 뜨끈한 국물 생각나시죠?,18,통깨는 비닐봉지에 넣고 병으로 밀어 으깨어 준비한다.
MTF3kcG6mmI,갑자기 쌀쌀해지니 뜨끈한 국물 생각나시죠?,19,*절구가 있다면 절구에 가는 것이 좋다.
MTF3kcG6mmI,갑자기 쌀쌀해지니 뜨끈한 국물 생각나시죠?,20,감자가 익으면 칼국수 면을 체에 밭쳐 흐르는 물에 뽀얀 물이 나오지 않을 정도까지 세척한 후 그대로 국물에 넣는다.
MTF3kcG6mmI,갑자기 쌀쌀해지니 뜨끈한 국물 생각나시죠?,21,*면을 손으로 주무르면 면이 부서질 수 있으니 주의한다.
MTF3kcG6mmI,갑자기 쌀쌀해지니 뜨끈한 국물 생각나시죠?,22,젓가락을 이용하여 살살 면을 풀어 준 후 전체적으로 끓어오르면 중불로 줄여 약 4분 끓인다.
MTF3kcG6mmI,갑자기 쌀쌀해지니 뜨끈한 국물 생각나시죠?,23,"애호박, 청양고추, 간 마늘을 넣고 약 30초 정도 끓인 후 불을 끈다."
MTF3kcG6mmI,갑자기 쌀쌀해지니 뜨끈한 국물 생각나시죠?,24,"칼국수를 그릇에 옮겨 담은 후 김가루, 간 깨, 고명용 대파를 올려 완성한다."
M_69x0-_GkE,비빔면 뜨겁게 드셔보셨나요? 비빔면을 먹는 새로운 방법!,1,매우면 저의 최애음료 빽다방 아샷추랑 드세요🥴
M_G9MGGQdbs,"이걸 배우고 나면 아귀찜, 코다리찜도 가능해요! 매콤~한 콩나물찜!",1,콩나물은 가볍게 세척하여 체반에 밭쳐 물기를 제거한다.
M_G9MGGQdbs,"이걸 배우고 나면 아귀찜, 코다리찜도 가능해요! 매콤~한 콩나물찜!",2,대파는 길게 반 갈라 5cm정도 길이로 자른다.
M_G9MGGQdbs,"이걸 배우고 나면 아귀찜, 코다리찜도 가능해요! 매콤~한 콩나물찜!",3,양파는 두께 0.4cm로 채 썰어 준비한다.
M_G9MGGQdbs,"이걸 배우고 나면 아귀찜, 코다리찜도 가능해요! 매콤~한 콩나물찜!",4,청양고추는 0.3cm 두께로 어슷 썰기한다.
M_G9MGGQdbs,"이걸 배우고 나면 아귀찜, 코다리찜도 가능해요! 매콤~한 콩나물찜!",5,어묵은 십자 모양으로 4등분 한 후 2cm 폭으로 잘라 준비한다.
M_G9MGGQdbs,"이걸 배우고 나면 아귀찜, 코다리찜도 가능해요! 매콤~한 콩나물찜!",6,"고추장, 황설탕, 진간장, 맛술, 굵은 고춧가루, 간 마늘을 한데 섞어 양념장을 준비한다."
M_G9MGGQdbs,"이걸 배우고 나면 아귀찜, 코다리찜도 가능해요! 매콤~한 콩나물찜!",7,떡국떡은 물에 헹군 후 체반에 밭쳐 물기를 제거한다.
M_G9MGGQdbs,"이걸 배우고 나면 아귀찜, 코다리찜도 가능해요! 매콤~한 콩나물찜!",8,"깊은 프라이팬에 물, 어묵, 떡국떡을 넣고 강 불에 올린다."
M_G9MGGQdbs,"이걸 배우고 나면 아귀찜, 코다리찜도 가능해요! 매콤~한 콩나물찜!",9,"물이 끓기 시작하면 콩나물, 양파를 넣고 숨이 죽을 때 까지 익힌다."
M_G9MGGQdbs,"이걸 배우고 나면 아귀찜, 코다리찜도 가능해요! 매콤~한 콩나물찜!",10,콩나물의 숨이 반 정도 죽으면 양념장을 넣고 젓가락을 이용하여 살살 섞는다.
M_G9MGGQdbs,"이걸 배우고 나면 아귀찜, 코다리찜도 가능해요! 매콤~한 콩나물찜!",11,"양념이 바글바글 끓어오르면 대파, 청양고추를 넣는다."
M_G9MGGQdbs,"이걸 배우고 나면 아귀찜, 코다리찜도 가능해요! 매콤~한 콩나물찜!",12,물과 감자전분을 섞어 전분물을 만든 후 콩나물 찜에 조금씩 넣어가며 섞는다.
M_G9MGGQdbs,"이걸 배우고 나면 아귀찜, 코다리찜도 가능해요! 매콤~한 콩나물찜!",13,"농도가 잡히면 불을 끄고 참기름, 후춧가루를 뿌려 섞는다."
M_G9MGGQdbs,"이걸 배우고 나면 아귀찜, 코다리찜도 가능해요! 매콤~한 콩나물찜!",14,그릇에 옮겨 담은 후 통깨를 뿌려 완성한다.
Mfnwc1dc0MY,맛집 사장님이 알려 주는 식당에서 사 먹는 차돌된장찌개 집에서 끓이는 법,1,대파는 두께 1cm 정도로 송송 썰어 준비한다.
Mfnwc1dc0MY,맛집 사장님이 알려 주는 식당에서 사 먹는 차돌된장찌개 집에서 끓이는 법,2,"홍고추는 두께 0.5cm로 어슷 썰고, 청양고추는 두께 0.3cm로 송송 썬다."
Mfnwc1dc0MY,맛집 사장님이 알려 주는 식당에서 사 먹는 차돌된장찌개 집에서 끓이는 법,3,주키니호박은 세로로 반 갈라 3등분으로 자른 후 두께 1cm로 썰어 준비한다.
Mfnwc1dc0MY,맛집 사장님이 알려 주는 식당에서 사 먹는 차돌된장찌개 집에서 끓이는 법,4,감자는 반 자른 상태에서 3등분 한 후 두께 0.3cm로 편 썰어 준비한다.
Mfnwc1dc0MY,맛집 사장님이 알려 주는 식당에서 사 먹는 차돌된장찌개 집에서 끓이는 법,5,무는 감자와 같은 모양으로 자른 후 두께 0.3cm로 편 썰어 준비한다.
Mfnwc1dc0MY,맛집 사장님이 알려 주는 식당에서 사 먹는 차돌된장찌개 집에서 끓이는 법,6,"양파는 약 2cm 크기로 깍둑썰기 하고, 느타리버섯은 한가닥씩 찢어 준비한다."
Mfnwc1dc0MY,맛집 사장님이 알려 주는 식당에서 사 먹는 차돌된장찌개 집에서 끓이는 법,7,"* 느타리버섯 대신 새송이버섯, 표고버섯을 사용해도 좋다."
Mfnwc1dc0MY,맛집 사장님이 알려 주는 식당에서 사 먹는 차돌된장찌개 집에서 끓이는 법,8,두부는 사방 2cm 두께 1cm 정도로 썰어 준비한다.
Mfnwc1dc0MY,맛집 사장님이 알려 주는 식당에서 사 먹는 차돌된장찌개 집에서 끓이는 법,9,냄비에 차돌박이를 넣고 강불에 올린 후 노릇노릇하게 익어 기름이 나올 때까지 굽는다.
Mfnwc1dc0MY,맛집 사장님이 알려 주는 식당에서 사 먹는 차돌된장찌개 집에서 끓이는 법,10,* 얇은 냄비를 사용할 경우 중불로 줄여 굽는다.
Mfnwc1dc0MY,맛집 사장님이 알려 주는 식당에서 사 먹는 차돌된장찌개 집에서 끓이는 법,11,"정수물, 재래식 된장, 고추장을 넣고 잘 풀어준 후 끓으면 간 마늘, 굵은 고춧가루, 양파, 감자, 무를 넣고 강불에 끓인다."
Mfnwc1dc0MY,맛집 사장님이 알려 주는 식당에서 사 먹는 차돌된장찌개 집에서 끓이는 법,12,"국물이 다시 한 번 끓어 오르면 느타리버섯, 애호박을 넣고 약 5분 정도 끓인다."
Mfnwc1dc0MY,맛집 사장님이 알려 주는 식당에서 사 먹는 차돌된장찌개 집에서 끓이는 법,13,"뚝배기에 1/2양을 옮겨 담아 강불에 올린 후 끓어오르면 불을 끄고 두부, 대파, 청양고추, 홍고추 1/2양을 넣어 완성한다."
Mfnwc1dc0MY,맛집 사장님이 알려 주는 식당에서 사 먹는 차돌된장찌개 집에서 끓이는 법,14,"* 뚝배기가 없다면 찌개를 끓인 냄비에 그대로 두부, 대파, 청양고추, 홍고추 전량을 넣고 완성해도 좋다."
MpWWEiU9rKg,스틱고구마가 아니라 고.구.마.스.틱!,1,고구마는 깨끗하게 세척한 후 양 끝을 잘라낸다.
MpWWEiU9rKg,스틱고구마가 아니라 고.구.마.스.틱!,2,고구마의 한 면을 얇게 썰고 썰은 면이 바닥으로 가게 하여 흔들리지 않게 고정한 후 0.5cm 두께로 길이가 길게 채 썬다.
MpWWEiU9rKg,스틱고구마가 아니라 고.구.마.스.틱!,3,*채칼은 고구마가 부서지고 손이 다칠 수 있으니 최대한 칼을 사용한다.
MpWWEiU9rKg,스틱고구마가 아니라 고.구.마.스.틱!,4,*고구마의 두께가 일정해야 색과 튀김 정도가 균일하게 나온다.
MpWWEiU9rKg,스틱고구마가 아니라 고.구.마.스.틱!,5,채 썬 고구마는 찬물에 약 15분 정도 담가 전분기를 제거한다.
MpWWEiU9rKg,스틱고구마가 아니라 고.구.마.스.틱!,6,전분기를 제거한 고구마는 체에 밭쳐 건져낸 후 한 번 더 물에 헹궈낸다.
MpWWEiU9rKg,스틱고구마가 아니라 고.구.마.스.틱!,7,*너무 많이 헹궈낼 경우 단맛이 많이 빠지니 주의한다.
MpWWEiU9rKg,스틱고구마가 아니라 고.구.마.스.틱!,8,넓은 면보 위에 채 썬 고구마를 올린 후 물기를 완전히 제거한다.
MpWWEiU9rKg,스틱고구마가 아니라 고.구.마.스.틱!,9,깊은 프라이팬에 식용유를 붓고 약 160-170도로 예열한다.
MpWWEiU9rKg,스틱고구마가 아니라 고.구.마.스.틱!,10,*고구마를 넣고 5초 뒤에 떠오르는 온도가 적당하다.
MpWWEiU9rKg,스틱고구마가 아니라 고.구.마.스.틱!,11,기름이 예열되면 고구마를 넣고 잘 저어가며 골고루 색이 나도록 약 4~6분 정도 튀긴다.
MpWWEiU9rKg,스틱고구마가 아니라 고.구.마.스.틱!,12,*고구마를 한 번에 넣을 경우 넘칠 수 있으니 3~4번에 걸쳐 나눠 넣는다.
MpWWEiU9rKg,스틱고구마가 아니라 고.구.마.스.틱!,13,*4분 이후부터는 색과 바삭한 정도를 확인 하면서 시간을 조정한다.
MpWWEiU9rKg,스틱고구마가 아니라 고.구.마.스.틱!,14,튀겨진 고구마는 체로 건져낸 후 기름기를 털어 완성한다.
MpWWEiU9rKg,스틱고구마가 아니라 고.구.마.스.틱!,15,*기름을 제거한 후 기호에 맞게 설탕을 뿌려 먹어도 좋다.
MpWWEiU9rKg,스틱고구마가 아니라 고.구.마.스.틱!,16,*설탕이 겉도는 게 싫다면 프라이팬에 설탕을 뿌린 고구마스틱을 넣고 중불에 설탕이 녹을 정도까지만 볶아 식힌다.
MqdncXPR0lY,아삭한 식감이 매력적인 꽈리고추 삼겹살볶음 l 백종원의 백종원 레시피,1,꽈리고추는 2cm 두께로 썰어 준비한다.
MqdncXPR0lY,아삭한 식감이 매력적인 꽈리고추 삼겹살볶음 l 백종원의 백종원 레시피,2,청양고추는 0.2cm 두께로 잘게 썰어 준비한다.
MqdncXPR0lY,아삭한 식감이 매력적인 꽈리고추 삼겹살볶음 l 백종원의 백종원 레시피,3,삼겹살은 1.5cm 두께로 썰어 준비한다.
MqdncXPR0lY,아삭한 식감이 매력적인 꽈리고추 삼겹살볶음 l 백종원의 백종원 레시피,4,삼겹살을 프라이팬에 넣고 노릇노릇하게 볶아준다.
MqdncXPR0lY,아삭한 식감이 매력적인 꽈리고추 삼겹살볶음 l 백종원의 백종원 레시피,5,2cm 두께로 자른 대파 30g을 넣고 볶아준다.
MqdncXPR0lY,아삭한 식감이 매력적인 꽈리고추 삼겹살볶음 l 백종원의 백종원 레시피,6,삼겹살의 색이 노릇하게 나면 프라이팬 안의 재료를 전체적으로 섞어 불 맛을 더한다.
MqdncXPR0lY,아삭한 식감이 매력적인 꽈리고추 삼겹살볶음 l 백종원의 백종원 레시피,7,간마늘을 넣고 볶아준다.
MqdncXPR0lY,아삭한 식감이 매력적인 꽈리고추 삼겹살볶음 l 백종원의 백종원 레시피,8,재료를 한쪽으로 몰고 기름이 모인 곳에 진간장을 넣고 튀기듯이 볶아준다.
MqdncXPR0lY,아삭한 식감이 매력적인 꽈리고추 삼겹살볶음 l 백종원의 백종원 레시피,9,삼겹살에 간장의 향이 입혀질 수 있게 골고루 섞으면서 눌리듯이 볶아준다.
MqdncXPR0lY,아삭한 식감이 매력적인 꽈리고추 삼겹살볶음 l 백종원의 백종원 레시피,10,꽈리고추와 청양고추를 넣고 골고루 섞으면서 볶아준다.
N0imcLgooRI,여행이 그리운 분들~ '공심채볶음'으로 동남아시아의 맛을 집에서도 느껴보아요!,1,베트남 고추는 마른 행주나 키친타올로 먼지를 닦은 후 2~3등분으로 잘게 잘라 준비한다.
N0imcLgooRI,여행이 그리운 분들~ '공심채볶음'으로 동남아시아의 맛을 집에서도 느껴보아요!,2,통마늘은 꼭지를 제거하고 칼 옆날로 으깬 후 굵게 다져 준비한다.
N0imcLgooRI,여행이 그리운 분들~ '공심채볶음'으로 동남아시아의 맛을 집에서도 느껴보아요!,3,"공심채는 줄기 끝 부분에 지저분한 부분을 살짝 잘라낸 후 줄기 쪽은 5~6cm, 이파리 쪽은 7~8cm 정도로 자른다."
N0imcLgooRI,여행이 그리운 분들~ '공심채볶음'으로 동남아시아의 맛을 집에서도 느껴보아요!,4,"깊은 그릇에 진간장, 굴소스, 황설탕, 물을 넣고 섞어 소스를 준비한다."
N0imcLgooRI,여행이 그리운 분들~ '공심채볶음'으로 동남아시아의 맛을 집에서도 느껴보아요!,6,깊은 프라이팬에 식용유를 넉넉하게 둘러 강불에 예열한다.
N0imcLgooRI,여행이 그리운 분들~ '공심채볶음'으로 동남아시아의 맛을 집에서도 느껴보아요!,7,"프라이팬에서 연기가 살짝 올라오면 베트남 고추, 다진 마늘을 넣고 살짝 볶는다."
N0imcLgooRI,여행이 그리운 분들~ '공심채볶음'으로 동남아시아의 맛을 집에서도 느껴보아요!,8,"공심채 줄기 부분을 넣고 살짝 볶은 후 이파리, 소스를 넣고 빠르게 볶아 완성한다."
N0imcLgooRI,여행이 그리운 분들~ '공심채볶음'으로 동남아시아의 맛을 집에서도 느껴보아요!,9,* 센 불에 빠르게 볶아서 숨이 완전히 죽지 않도록 한다.
N82hJpl5cMM,겉바속촉 초간단 감자전,1,*감자전
N82hJpl5cMM,겉바속촉 초간단 감자전,2,감자는 껍질을 벗겨 적당한 크기로 자른다.
N82hJpl5cMM,겉바속촉 초간단 감자전,3,믹서기에 자른 감자와 물을 넣고 곱게 간다.
N82hJpl5cMM,겉바속촉 초간단 감자전,4,"가는 체에 간 감자를 거른 후, 전분이 가라앉도록 약 10~15분 정도 둔다."
N82hJpl5cMM,겉바속촉 초간단 감자전,5,물에서 분리된 전분이 가라앉으면 조심히 물을 따라내고 전분만 남긴다.
N82hJpl5cMM,겉바속촉 초간단 감자전,6,전분만 남은 볼에 체에 걸러 둔 감자를 섞는다.
N82hJpl5cMM,겉바속촉 초간단 감자전,7,반죽에 꽃소금을 넣어 골고루 섞는다.
N82hJpl5cMM,겉바속촉 초간단 감자전,8,청양고추는 가늘게 송송 썬다.
N82hJpl5cMM,겉바속촉 초간단 감자전,9,넓은 팬에 식용유를 넉넉히 두르고 중 불에서 팬을 달군 후 감자전 반죽을 한 국자씩 올린다.
N82hJpl5cMM,겉바속촉 초간단 감자전,10,감자전 위에 송송 썬 청양고추를 올린다.
N82hJpl5cMM,겉바속촉 초간단 감자전,11,감자전을 뒤집어 가며 노릇하게 부친다.
N82hJpl5cMM,겉바속촉 초간단 감자전,13,*양념장
N82hJpl5cMM,겉바속촉 초간단 감자전,14,청양고추는 두께 0.3cm 정도로 송송 썬다.
N82hJpl5cMM,겉바속촉 초간단 감자전,15,"그릇에 진간장, 청양고추, 식초를 섞어서 양념장을 만든다."
NGjk_1KQGmI,불맛 가득 볶음밥을 더 맛있게! 우리집이 볶음밥 맛집! ㅣ업그레이드 볶음밥 ㅣ 백종원의 쿠킹로그,1,"당근, 양파는 잘게 썰고 대파는 반으로 갈라 송송 썰어 준비한다."
NGjk_1KQGmI,불맛 가득 볶음밥을 더 맛있게! 우리집이 볶음밥 맛집! ㅣ업그레이드 볶음밥 ㅣ 백종원의 쿠킹로그,2,"프라이팬에 식용유, 달걀을 넣어 스크램블 한다."
NGjk_1KQGmI,불맛 가득 볶음밥을 더 맛있게! 우리집이 볶음밥 맛집! ㅣ업그레이드 볶음밥 ㅣ 백종원의 쿠킹로그,3,"달걀이 반 정도 익으면 한쪽으로 밀어준 후 당근, 양파, 대파를 넣어 볶는다."
NGjk_1KQGmI,불맛 가득 볶음밥을 더 맛있게! 우리집이 볶음밥 맛집! ㅣ업그레이드 볶음밥 ㅣ 백종원의 쿠킹로그,4,채소가 노릇해지면 달걀과 섞어 한쪽으로 몰아준다.
NGjk_1KQGmI,불맛 가득 볶음밥을 더 맛있게! 우리집이 볶음밥 맛집! ㅣ업그레이드 볶음밥 ㅣ 백종원의 쿠킹로그,5,기름기가 없는 쪽에 간장을 넣어 눌어붙도록 끓여준다.
NGjk_1KQGmI,불맛 가득 볶음밥을 더 맛있게! 우리집이 볶음밥 맛집! ㅣ업그레이드 볶음밥 ㅣ 백종원의 쿠킹로그,6,"간장이 눌어 붙으면 불을 끈 후 스크램블 한 달걀, 볶은 채소와 섞어준다."
NGjk_1KQGmI,불맛 가득 볶음밥을 더 맛있게! 우리집이 볶음밥 맛집! ㅣ업그레이드 볶음밥 ㅣ 백종원의 쿠킹로그,7,"모든 재료가 골고루 섞이면 맛소금, 밥을 넣어 국자를 이용하여 비벼준 후 센 불에 올려 볶는다."
NGjk_1KQGmI,불맛 가득 볶음밥을 더 맛있게! 우리집이 볶음밥 맛집! ㅣ업그레이드 볶음밥 ㅣ 백종원의 쿠킹로그,8,간을 본 후 MSG를 넣어 볶고 참기름을 둘러 마무리한다.
NGjk_1KQGmI,불맛 가득 볶음밥을 더 맛있게! 우리집이 볶음밥 맛집! ㅣ업그레이드 볶음밥 ㅣ 백종원의 쿠킹로그,9,삼겹살 볶음밥
NGjk_1KQGmI,불맛 가득 볶음밥을 더 맛있게! 우리집이 볶음밥 맛집! ㅣ업그레이드 볶음밥 ㅣ 백종원의 쿠킹로그,10,"대파는 송송 썰고, 당근은 잘게 썰어 준비한다."
NGjk_1KQGmI,불맛 가득 볶음밥을 더 맛있게! 우리집이 볶음밥 맛집! ㅣ업그레이드 볶음밥 ㅣ 백종원의 쿠킹로그,11,삼겹살은 세로로 잘게 썰어둔다.
NGjk_1KQGmI,불맛 가득 볶음밥을 더 맛있게! 우리집이 볶음밥 맛집! ㅣ업그레이드 볶음밥 ㅣ 백종원의 쿠킹로그,12,프라이팬에 기름을 약간만 두른 후 삼겹살을 넣어 볶아준다.
NGjk_1KQGmI,불맛 가득 볶음밥을 더 맛있게! 우리집이 볶음밥 맛집! ㅣ업그레이드 볶음밥 ㅣ 백종원의 쿠킹로그,13,돼지기름이 나오면 한쪽으로 몰아준 후 당근을 넣어 볶는다.
NGjk_1KQGmI,불맛 가득 볶음밥을 더 맛있게! 우리집이 볶음밥 맛집! ㅣ업그레이드 볶음밥 ㅣ 백종원의 쿠킹로그,14,당근이 절반 정도 익으면 대파를 넣어 볶은 후 삼겹살과 섞어준다.
NGjk_1KQGmI,불맛 가득 볶음밥을 더 맛있게! 우리집이 볶음밥 맛집! ㅣ업그레이드 볶음밥 ㅣ 백종원의 쿠킹로그,15,섞은 재료를 프라이팬 한쪽으로 몰아준 후 기름이 없는 쪽에 간장을 넣어 눌어붙게 끓여준다.
NGjk_1KQGmI,불맛 가득 볶음밥을 더 맛있게! 우리집이 볶음밥 맛집! ㅣ업그레이드 볶음밥 ㅣ 백종원의 쿠킹로그,16,"눌어붙은 간장을 볶은 채소, 볶은 삼겹살과 볶아준 후 불을 끄고 맛소금을 넣어준다."
NGjk_1KQGmI,불맛 가득 볶음밥을 더 맛있게! 우리집이 볶음밥 맛집! ㅣ업그레이드 볶음밥 ㅣ 백종원의 쿠킹로그,17,밥을 넣어 국자를 이용하여 비벼준 후 센 불에 올려 볶아 완성 그릇에 담는다.
NGjk_1KQGmI,불맛 가득 볶음밥을 더 맛있게! 우리집이 볶음밥 맛집! ㅣ업그레이드 볶음밥 ㅣ 백종원의 쿠킹로그,18,밥을 볶은 프라이팬에 기름을 두르고 달걀을 넣어 프라이를 한 후 완성된 볶음밥 위에 올려 마무리한다.
NNZ5jI_RQjI,달걀을 구워서 카레에?!,1,"팬에 기름,달걀을 넣고 뚜껑 덮어 약 불에서 노릇하게 구워준다."
NNZ5jI_RQjI,달걀을 구워서 카레에?!,2,달걀이 구워지면 양파를 넣고 노릇하게 볶아준다.
NNZ5jI_RQjI,달걀을 구워서 카레에?!,3,"양파가 볶아지면 큐민가루, 고춧가루를 넣고 약불에서 볶는다."
NNZ5jI_RQjI,달걀을 구워서 카레에?!,4,가루가 골고루 섞이면 준비된 물을 넣고 끓여준다.
NNZ5jI_RQjI,달걀을 구워서 카레에?!,5,물이 끓으면 카레를 넣고 뭉치지 않게 풀어가며 농도 나게 끓인다.
NNZ5jI_RQjI,달걀을 구워서 카레에?!,6,농도가 잡히면 후춧가루를 뿌리고 골고루 섞어 완성한다.
NNZ5jI_RQjI,달걀을 구워서 카레에?!,7,접시에 밥을 담고 카레를 얹어준다.
NNZ5jI_RQjI,달걀을 구워서 카레에?!,8,"기호에 맞게 파슬리가루, 후춧가루를 뿌려준다."
NtsoIQQXGsA,맛ㄷrㅅ1보다 더 맛있는 와따시(?)  '볶음고추장',1,*볶음고추장
NtsoIQQXGsA,맛ㄷrㅅ1보다 더 맛있는 와따시(?)  '볶음고추장',2,양파는 0.5cm 두께로 잘게 다져 준비한다.
NtsoIQQXGsA,맛ㄷrㅅ1보다 더 맛있는 와따시(?)  '볶음고추장',3,*푸드커터기로 다져서 사용해도 좋다.
NtsoIQQXGsA,맛ㄷrㅅ1보다 더 맛있는 와따시(?)  '볶음고추장',4,대파는 길게 반 갈라 0.3cm두께로 송송 썰어 준비한다.
NtsoIQQXGsA,맛ㄷrㅅ1보다 더 맛있는 와따시(?)  '볶음고추장',5,"깊은 프라이팬에 양파, 대파, 식용유, 간 마늘, 다진 소고기를 넣고 강불에 올린다."
NtsoIQQXGsA,맛ㄷrㅅ1보다 더 맛있는 와따시(?)  '볶음고추장',6,재료가 익기 시작하면 중불로 줄여 수분이 날아가고 기름만 남을 때까지 볶는다.
NtsoIQQXGsA,맛ㄷrㅅ1보다 더 맛있는 와따시(?)  '볶음고추장',7,강불로 키운 후 재료가 노릇하게 눌리도록 볶은 후 가장자리로 밀어 둔다.
NtsoIQQXGsA,맛ㄷrㅅ1보다 더 맛있는 와따시(?)  '볶음고추장',9,수분이 사라지면 황설탕을 넣고 볶은 후 제일 약한 불로 줄이고 고추장을 넣어 약 5분 정도 볶아 완성한다.
NtsoIQQXGsA,맛ㄷrㅅ1보다 더 맛있는 와따시(?)  '볶음고추장',10,*부드러운 볶음고추장을 원한다면 물을 넣고 농도를 조절한다.
NtsoIQQXGsA,맛ㄷrㅅ1보다 더 맛있는 와따시(?)  '볶음고추장',11,*완성된 볶음고추장은 식힌 후 밀폐통에 담아 냉장 보관한다.
NtsoIQQXGsA,맛ㄷrㅅ1보다 더 맛있는 와따시(?)  '볶음고추장',12,*냉비빔라면
NtsoIQQXGsA,맛ㄷrㅅ1보다 더 맛있는 와따시(?)  '볶음고추장',13,냄비에 라면 삶을 물과 라면사리를 넣고 강불에 올려 면이 완전히 익을 때 까지 삶는다.
NtsoIQQXGsA,맛ㄷrㅅ1보다 더 맛있는 와따시(?)  '볶음고추장',14,* 물을 먼저 올리고 끓은 후 라면사리를 넣고 삶아도 좋다.
NtsoIQQXGsA,맛ㄷrㅅ1보다 더 맛있는 와따시(?)  '볶음고추장',15,다 익은 면은 체반에 밭쳐 찬물에 헹군 후 물기를 제거한다.
NtsoIQQXGsA,맛ㄷrㅅ1보다 더 맛있는 와따시(?)  '볶음고추장',16,"그릇에 삶은 라면사리를 담고 그 위에 볶음고추장, 간깨, 식초를 올려 완성한다."
NvoCWyO0Vfg,[ENG] 비빔라면의 신세계! '김라면' 입니다,1,은 생각보다 간단해요.
NvoCWyO0Vfg,[ENG] 비빔라면의 신세계! '김라면' 입니다,2,김만 있으면 됩니다!
NvoCWyO0Vfg,[ENG] 비빔라면의 신세계! '김라면' 입니다,3,김라면
NvoCWyO0Vfg,[ENG] 비빔라면의 신세계! '김라면' 입니다,4,김은 마른 팬에 구워 잘게 부숴준다.
NvoCWyO0Vfg,[ENG] 비빔라면의 신세계! '김라면' 입니다,5,"대파, 청양고추는 잘게 썰어 준비한다."
NvoCWyO0Vfg,[ENG] 비빔라면의 신세계! '김라면' 입니다,6,깨는 절구를 이용하여 잘게 부숴준다.
NvoCWyO0Vfg,[ENG] 비빔라면의 신세계! '김라면' 입니다,7,"냄비에 물, 분말스프, 건더기스프, 진간장, 설탕을 넣어 끓인다."
NvoCWyO0Vfg,[ENG] 비빔라면의 신세계! '김라면' 입니다,8,끓인 소스를 식혀둔다.
NvoCWyO0Vfg,[ENG] 비빔라면의 신세계! '김라면' 입니다,9,면을 삶아 찬물에 헹궈 물기를 제거한다.
NvoCWyO0Vfg,[ENG] 비빔라면의 신세계! '김라면' 입니다,10,그릇에 들기름을 붓고 면을 넣는다.
NvoCWyO0Vfg,[ENG] 비빔라면의 신세계! '김라면' 입니다,11,"부숴 둔 김, 깻가루를 올려준다."
NvoCWyO0Vfg,[ENG] 비빔라면의 신세계! '김라면' 입니다,12,식혀 둔 소스를 기호에 맞게 뿌린다.
NvoCWyO0Vfg,[ENG] 비빔라면의 신세계! '김라면' 입니다,13,"청양고추, 대파를 곁들여 완성한다."
OSYQHa-vbVU,우리집이 휴게소 '소떡어떡',1,사각어묵은 떡 길이에 맞추어 3등분하여 준비한다.
OSYQHa-vbVU,우리집이 휴게소 '소떡어떡',2,"비엔나 소세지는 중간에 칼집을 비스듬하게 넣거나, 양 끝에 십자 모양 칼집을 넣어 준비한다."
OSYQHa-vbVU,우리집이 휴게소 '소떡어떡',3,Tip: 소세지에 칼집을 넣지 않으면 구울 때 소세지가 터지면서 튀기 때문에 꼭 칼집을 넣는다.
OSYQHa-vbVU,우리집이 휴게소 '소떡어떡',4,김밥용 햄은 두께 약1.5cm 정도로 잘라서 준비한다.
OSYQHa-vbVU,우리집이 휴게소 '소떡어떡',5,냄비에 떡이 잠길 정도의 물을 넣고 끓으면 떡을 넣어 말랑말랑 해질 때 까지 데친다.(약2분~3분)
OSYQHa-vbVU,우리집이 휴게소 '소떡어떡',6,떡이 말랑해지면 찬 물에 헹구고 체에 밭쳐 물기를 빼서 준비한다.
OSYQHa-vbVU,우리집이 휴게소 '소떡어떡',7,Tip: 떡에 물기가 남아있으면 구울 때 기름이 튀므로 물기를 잘 제거한다.
OSYQHa-vbVU,우리집이 휴게소 '소떡어떡',8,"이쑤시개에 비엔나 소세지, 떡을 번갈아 가며 끼워서 소떡소떡을 만든다."
OSYQHa-vbVU,우리집이 휴게소 '소떡어떡',9,떡을 어묵에 돌돌 말아 이쑤시개에 끼워 어떡어떡을 만든다.
OSYQHa-vbVU,우리집이 휴게소 '소떡어떡',10,Tip: 어묵을 사용할 때에는 잘 풀릴 수 있으므로 이쑤시개를 2개 사용하여 고정한다.
OSYQHa-vbVU,우리집이 휴게소 '소떡어떡',11,"소세지, 햄, 어묵, 떡을 다양하게 이용하여 기호에 맞게 꼬치를 만들어 준비한다."
OSYQHa-vbVU,우리집이 휴게소 '소떡어떡',12,"프라이팬에 황설탕, 케첩, 진간장, 고추장, 물을 넣고 약 불에서 주걱으로 잘 저어주고, 황설탕과 고추장이 녹아 골고루 섞이도록 풀어주어 완성한다."
OSYQHa-vbVU,우리집이 휴게소 '소떡어떡',13,프라이팬에 기름을 넉넉히 두르고 중 불에 기름을 달군다.
OSYQHa-vbVU,우리집이 휴게소 '소떡어떡',14,달군 기름에 소떡어떡을 넣어 앞뒤로 색이 골고루 나면 꺼내어 체에 밭쳐 기름을 뺀다.
OSYQHa-vbVU,우리집이 휴게소 '소떡어떡',15,소떡어떡을 만들어둔 소스에 넣고 주걱으로 소스를 골고루 발라 완성한다.
OgMi1KTPzJY,'크리스피'하게 구워내고 '특급소스'와 함께 하는 '치킨 스테이크'. 사랑하는 가족과 함께하세요. ㅣ 백종원의 쿠킹로그,1,*스테이크 만드는 법
OgMi1KTPzJY,'크리스피'하게 구워내고 '특급소스'와 함께 하는 '치킨 스테이크'. 사랑하는 가족과 함께하세요. ㅣ 백종원의 쿠킹로그,2,"닭 다리 살은 키친타월을 이용하여 핏물을 제거하고 살 쪽에 소금, 후추 밑간하여 준비한다."
OgMi1KTPzJY,'크리스피'하게 구워내고 '특급소스'와 함께 하는 '치킨 스테이크'. 사랑하는 가족과 함께하세요. ㅣ 백종원의 쿠킹로그,3,양파는 1cm 두께로 썰어 1/2크기로 자르고 감자는 0.5cm 정도로 편 썬다.
OgMi1KTPzJY,'크리스피'하게 구워내고 '특급소스'와 함께 하는 '치킨 스테이크'. 사랑하는 가족과 함께하세요. ㅣ 백종원의 쿠킹로그,4,마늘은 꼭지를 제거하여 준비한다.
OgMi1KTPzJY,'크리스피'하게 구워내고 '특급소스'와 함께 하는 '치킨 스테이크'. 사랑하는 가족과 함께하세요. ㅣ 백종원의 쿠킹로그,5,닭 다리 살 껍질 부분을 팬에 닿게 올리고 중불에서 튀겨지도록 익힌다.
OgMi1KTPzJY,'크리스피'하게 구워내고 '특급소스'와 함께 하는 '치킨 스테이크'. 사랑하는 가족과 함께하세요. ㅣ 백종원의 쿠킹로그,6,닭기름이 나오기 시작하면 불을 약하게 줄인다.
OgMi1KTPzJY,'크리스피'하게 구워내고 '특급소스'와 함께 하는 '치킨 스테이크'. 사랑하는 가족과 함께하세요. ㅣ 백종원의 쿠킹로그,7,"프라이팬에 기름이 자작하게 생기면 감자, 마늘을 넣고 뚜껑을 덮어 익힌다."
OgMi1KTPzJY,'크리스피'하게 구워내고 '특급소스'와 함께 하는 '치킨 스테이크'. 사랑하는 가족과 함께하세요. ㅣ 백종원의 쿠킹로그,8,감자가 절반 정도 익었을 때 양파를 넣고 익힌다.
OgMi1KTPzJY,'크리스피'하게 구워내고 '특급소스'와 함께 하는 '치킨 스테이크'. 사랑하는 가족과 함께하세요. ㅣ 백종원의 쿠킹로그,9,"구운 감자, 구운 마늘을 접시에 옮겨 담는다."
OgMi1KTPzJY,'크리스피'하게 구워내고 '특급소스'와 함께 하는 '치킨 스테이크'. 사랑하는 가족과 함께하세요. ㅣ 백종원의 쿠킹로그,10,구운 양파의 1/2개를 접시에 옮겨 담고 나머지 1/2개는 가위를 이용하여 잘게 자른다.
OgMi1KTPzJY,'크리스피'하게 구워내고 '특급소스'와 함께 하는 '치킨 스테이크'. 사랑하는 가족과 함께하세요. ㅣ 백종원의 쿠킹로그,11,닭 다리 살의 껍질 부분이 바삭하게 튀겨지면 기름을 절반 정도 닦아낸 후 버터 1 큰 술을 두르고 뒤집어 준다.
OgMi1KTPzJY,'크리스피'하게 구워내고 '특급소스'와 함께 하는 '치킨 스테이크'. 사랑하는 가족과 함께하세요. ㅣ 백종원의 쿠킹로그,12,닭고기가 다 익으면 완성 접시에 옮겨 담는다.
OgMi1KTPzJY,'크리스피'하게 구워내고 '특급소스'와 함께 하는 '치킨 스테이크'. 사랑하는 가족과 함께하세요. ㅣ 백종원의 쿠킹로그,13,"구운 채소, 스테이크 소스를 곁들이고 스테이크 위에 버터 1/2 큰 술을 올려 마무리한다."
OgMi1KTPzJY,'크리스피'하게 구워내고 '특급소스'와 함께 하는 '치킨 스테이크'. 사랑하는 가족과 함께하세요. ㅣ 백종원의 쿠킹로그,14,*스테이크 소스 만드는 법
OgMi1KTPzJY,'크리스피'하게 구워내고 '특급소스'와 함께 하는 '치킨 스테이크'. 사랑하는 가족과 함께하세요. ㅣ 백종원의 쿠킹로그,15,"닭 다리살 구운 팬에 남아있는 양파, 버터 1 큰 술, 간 마늘을 넣고 볶아준다."
OgMi1KTPzJY,'크리스피'하게 구워내고 '특급소스'와 함께 하는 '치킨 스테이크'. 사랑하는 가족과 함께하세요. ㅣ 백종원의 쿠킹로그,16,"마늘향이 올라오면 간장, 설탕, 식초, 물, 후춧가루를 넣어 중 불에서 농도나게 끓인다."
Om6W3JBfmFU,대패 두루치기 '나만의 비법 소스' 알려드릴게요!,1,"볼에 황설탕, 맛술, 정수물, 진간장을 넣고 골고루 섞어 간장 소스를 준비한다."
Om6W3JBfmFU,대패 두루치기 '나만의 비법 소스' 알려드릴게요!,2,"볼에 굵은 고춧가루, 황설탕, 식초, 고추장, 정수물, 참기름을 넣고 골고루 섞어 초고추장 소스를 준비한다."
Om6W3JBfmFU,대패 두루치기 '나만의 비법 소스' 알려드릴게요!,3,양배추는 두께 0.3cm 정도로 얇게 채썰어 준비한다.
Om6W3JBfmFU,대패 두루치기 '나만의 비법 소스' 알려드릴게요!,4,파채는 가위를 사용해 길이 6cm 정도 먹기좋게 잘라서 준비한다.
Om6W3JBfmFU,대패 두루치기 '나만의 비법 소스' 알려드릴게요!,5,통마늘은 두께 0.5cm 정도로 편 썰어 준비한다.
Om6W3JBfmFU,대패 두루치기 '나만의 비법 소스' 알려드릴게요!,6,지름이 넓은 프라이팬을 강 불에 올리고 대패삼겹살을 올린다.
Om6W3JBfmFU,대패 두루치기 '나만의 비법 소스' 알려드릴게요!,7,대패삼겹살 위에 간장 소스를 둘러 부은 후 마늘을 넣는다.
Om6W3JBfmFU,대패 두루치기 '나만의 비법 소스' 알려드릴게요!,8,비닐장갑을 낀 손으로 파채와 초고추장 소스를 골고루 섞어서 파채 무침을 만들어 준비한다.
Om6W3JBfmFU,대패 두루치기 '나만의 비법 소스' 알려드릴게요!,9,젓가락으로 대패삼겹살을 뒤적이면서 고기의 빨간기가 완전히 없어질 때까지 익힌다.
Om6W3JBfmFU,대패 두루치기 '나만의 비법 소스' 알려드릴게요!,10,두루치기의 국물이 자박한 상태에서 대패 삼겹살 위에 파채 무침을 골고루 펼쳐서 올린다.
Om6W3JBfmFU,대패 두루치기 '나만의 비법 소스' 알려드릴게요!,11,가스버너 위로 프라이팬을 옮겨 중 불에 익히다가 집게와 주걱을 사용해 파채무침과 대패삼겹살을 골고루 섞으면서 볶는다.
Om6W3JBfmFU,대패 두루치기 '나만의 비법 소스' 알려드릴게요!,12,두루치기의 국물이 졸아들면 약불로 줄여 볶으면서 먹는다.
Om6W3JBfmFU,대패 두루치기 '나만의 비법 소스' 알려드릴게요!,13,[볶음밥 만드는 법]
Om6W3JBfmFU,대패 두루치기 '나만의 비법 소스' 알려드릴게요!,14,대패삼겹살 두루치기를 먹고 남은 양에 김치를 넣어 가위로 잘게 자른다.
Om6W3JBfmFU,대패 두루치기 '나만의 비법 소스' 알려드릴게요!,15,"주걱을 사용해 볶다가 밥을 넣고 골고루 섞어준 후 참기름, 김가루를 뿌려 골고루 섞어 볶음밥을 완성한다."
PjMWHZ3ubsQ,'갈비찜' 의외로 무지하게 쉽습니다. 이번 추석엔 푸짐한 소갈비찜 요리로 점수 따세요! ㅣ 백종원의 백종원 레시피,1,갈비를 찬물에 담가 한나절 정도 핏기를 제거한다.
PjMWHZ3ubsQ,'갈비찜' 의외로 무지하게 쉽습니다. 이번 추석엔 푸짐한 소갈비찜 요리로 점수 따세요! ㅣ 백종원의 백종원 레시피,2,대파는 반으로 갈라 송송 썰어 준비한다.
PjMWHZ3ubsQ,'갈비찜' 의외로 무지하게 쉽습니다. 이번 추석엔 푸짐한 소갈비찜 요리로 점수 따세요! ㅣ 백종원의 백종원 레시피,3,"진간장, 황설탕, 맛술, 물, 다진 마늘, 한 생강, 대파, 참기름, 후추를 섞어 갈비양념을 만든다."
PjMWHZ3ubsQ,'갈비찜' 의외로 무지하게 쉽습니다. 이번 추석엔 푸짐한 소갈비찜 요리로 점수 따세요! ㅣ 백종원의 백종원 레시피,4,새송이버섯은 밑동을 정리한 후 1cm 정도 두께로 썰고 표고버섯은 모양을 내거나 1/4크기로 잘라준다.
PjMWHZ3ubsQ,'갈비찜' 의외로 무지하게 쉽습니다. 이번 추석엔 푸짐한 소갈비찜 요리로 점수 따세요! ㅣ 백종원의 백종원 레시피,5,양파는 뿌리를 제거하고 1/4크기로 자르고 무는 1/8 정도 크기로 잘라 모서리를 정리한다.
PjMWHZ3ubsQ,'갈비찜' 의외로 무지하게 쉽습니다. 이번 추석엔 푸짐한 소갈비찜 요리로 점수 따세요! ㅣ 백종원의 백종원 레시피,6,당근은 깨끗하게 세척한 후 1cm 정도 두께로 자르고 대파는 2~3cm 정도 통으로 썰어 준비한다.
PjMWHZ3ubsQ,'갈비찜' 의외로 무지하게 쉽습니다. 이번 추석엔 푸짐한 소갈비찜 요리로 점수 따세요! ㅣ 백종원의 백종원 레시피,7,"청양고추, 홍고추, 꽈리고추는 크기에 따라 1/2이나 1/3 크기로 자른다."
PjMWHZ3ubsQ,'갈비찜' 의외로 무지하게 쉽습니다. 이번 추석엔 푸짐한 소갈비찜 요리로 점수 따세요! ㅣ 백종원의 백종원 레시피,8,핏기가 제거된 갈비는 물에 깨끗하게 헹궈준다.
PjMWHZ3ubsQ,'갈비찜' 의외로 무지하게 쉽습니다. 이번 추석엔 푸짐한 소갈비찜 요리로 점수 따세요! ㅣ 백종원의 백종원 레시피,9,"냄비에 갈비, 갈비양념, 물 1L를 넣어 끓으면 중불로 줄여 1시간 정도 끓인다."
PjMWHZ3ubsQ,'갈비찜' 의외로 무지하게 쉽습니다. 이번 추석엔 푸짐한 소갈비찜 요리로 점수 따세요! ㅣ 백종원의 백종원 레시피,10,갈비가 부드럽게 익으면 무를 넣어 끓인다.
PjMWHZ3ubsQ,'갈비찜' 의외로 무지하게 쉽습니다. 이번 추석엔 푸짐한 소갈비찜 요리로 점수 따세요! ㅣ 백종원의 백종원 레시피,11,"무가 절반 정도 익으면 당근, 표고버섯, 새송이버섯을 넣어 익혀준다."
PjMWHZ3ubsQ,'갈비찜' 의외로 무지하게 쉽습니다. 이번 추석엔 푸짐한 소갈비찜 요리로 점수 따세요! ㅣ 백종원의 백종원 레시피,12,12 모든 채소가 익으면 양파를 넣어 익힌다.
PjMWHZ3ubsQ,'갈비찜' 의외로 무지하게 쉽습니다. 이번 추석엔 푸짐한 소갈비찜 요리로 점수 따세요! ㅣ 백종원의 백종원 레시피,13,"청양고추, 꽈리고추, 홍고추를 넣고 섞어 마무리한다."
PjQfWuNHZlo,이러니 맛있을 수박엨ㅋㅋㅋㅋ,1,수박을 적당한 크기로 깍둑 썰어 준비한다.
PjQfWuNHZlo,이러니 맛있을 수박엨ㅋㅋㅋㅋ,2,(깍둑 썰은 수박은 소분하여 냉동시켜 준다.)
PjQfWuNHZlo,이러니 맛있을 수박엨ㅋㅋㅋㅋ,3,"믹서기에 깍둑 썰은 수박, 설탕을 넣어 갈아준다."
PjQfWuNHZlo,이러니 맛있을 수박엨ㅋㅋㅋㅋ,4,갈아준 수박주스에 얼음을 넣고 다시 한번 갈아준다.
PjQfWuNHZlo,이러니 맛있을 수박엨ㅋㅋㅋㅋ,5,"수박주스를 컵의 2/3 정도 따라주고, 탄산수를 1/3 정도 넣어 마무리한다."
QFTBQF5l0Ro,진짜 Real!? 고구마를 넣은 고구마피자! Is it true? Sweet potato pizza with real sweet potato!,1,"고구마는 얇게 채 썰고, 베이컨은 적당한 크기로 썰어준다."
QFTBQF5l0Ro,진짜 Real!? 고구마를 넣은 고구마피자! Is it true? Sweet potato pizza with real sweet potato!,2,"양파, 청피망은 잘게 썰어주고 통조림 옥수수는 체를 이용하여 물기를 빼준다."
QFTBQF5l0Ro,진짜 Real!? 고구마를 넣은 고구마피자! Is it true? Sweet potato pizza with real sweet potato!,3,팬에 식용유를 두르고 베이컨을 볶아준다.
QFTBQF5l0Ro,진짜 Real!? 고구마를 넣은 고구마피자! Is it true? Sweet potato pizza with real sweet potato!,4,베이컨이 노릇하게 볶아지면 고구마와 맛소금을 넣어 볶아준다.
QFTBQF5l0Ro,진짜 Real!? 고구마를 넣은 고구마피자! Is it true? Sweet potato pizza with real sweet potato!,5,"넓은 볼에 달걀 1개를 풀고, 손질한 양파, 피망, 옥수수, 볶은 고구마, 설탕을 넣어 섞어준다."
QFTBQF5l0Ro,진짜 Real!? 고구마를 넣은 고구마피자! Is it true? Sweet potato pizza with real sweet potato!,6,에어 프라이어를 180도 온도에 예열을 시켜준다.
QFTBQF5l0Ro,진짜 Real!? 고구마를 넣은 고구마피자! Is it true? Sweet potato pizza with real sweet potato!,7,"종이 호일을 깔아 피자 재료들을 넓게 펴주고, 피자치즈를 골고루 뿌려준다."
QFTBQF5l0Ro,진짜 Real!? 고구마를 넣은 고구마피자! Is it true? Sweet potato pizza with real sweet potato!,8,에어 프라이어 온도와 시간을 180도에 7분 정도 돌려준다.
QFTBQF5l0Ro,진짜 Real!? 고구마를 넣은 고구마피자! Is it true? Sweet potato pizza with real sweet potato!,9,(에어 프라이어에 따라 온도와 시간 차이가 생길 수 있다.)
QFTBQF5l0Ro,진짜 Real!? 고구마를 넣은 고구마피자! Is it true? Sweet potato pizza with real sweet potato!,10,치즈 위에 색이 나기 시작하면 접시에 옮겨 담아 완성한다.
QnyzZ_8Kog8,"순한맛 라면의 반전 매력!! 햄, 소시지, 달걀프라이와의 환상조화 순딩이라면! ㅣ 백종원의 쿠킹로그",1,런천미트는 0.7cm 두께로 썰어 준비한다.
QnyzZ_8Kog8,"순한맛 라면의 반전 매력!! 햄, 소시지, 달걀프라이와의 환상조화 순딩이라면! ㅣ 백종원의 쿠킹로그",2,소시지는 앞뒤로 칼집을 내어 준비한다.
QnyzZ_8Kog8,"순한맛 라면의 반전 매력!! 햄, 소시지, 달걀프라이와의 환상조화 순딩이라면! ㅣ 백종원의 쿠킹로그",3,대파는 송송 썰어 준비한다.
QnyzZ_8Kog8,"순한맛 라면의 반전 매력!! 햄, 소시지, 달걀프라이와의 환상조화 순딩이라면! ㅣ 백종원의 쿠킹로그",4,"팬에 기름을 넉넉하게 두르고 햄, 소세지를 튀기듯이 구워낸다."
QnyzZ_8Kog8,"순한맛 라면의 반전 매력!! 햄, 소시지, 달걀프라이와의 환상조화 순딩이라면! ㅣ 백종원의 쿠킹로그",5,"햄, 소시지를 구워낸 팬에 달걀을 넣고 튀기듯이 반숙으로 익혀낸다."
QnyzZ_8Kog8,"순한맛 라면의 반전 매력!! 햄, 소시지, 달걀프라이와의 환상조화 순딩이라면! ㅣ 백종원의 쿠킹로그",6,"냄비에 물, 분말스프, 건더기스프를 넣고 끓으면 햄, 소시지를 넣고 끓여준다."
QnyzZ_8Kog8,"순한맛 라면의 반전 매력!! 햄, 소시지, 달걀프라이와의 환상조화 순딩이라면! ㅣ 백종원의 쿠킹로그",7,다시 끓어오르면 라면을 넣고 끓여준다.
QnyzZ_8Kog8,"순한맛 라면의 반전 매력!! 햄, 소시지, 달걀프라이와의 환상조화 순딩이라면! ㅣ 백종원의 쿠킹로그",8,라면이 풀어지면 대파를 넣고 끓여준다.
QnyzZ_8Kog8,"순한맛 라면의 반전 매력!! 햄, 소시지, 달걀프라이와의 환상조화 순딩이라면! ㅣ 백종원의 쿠킹로그",9,완성 그릇에 옮겨 담고 달걀 프라이를 얹어낸다.
QxWyQ7hsy00,냉면집에선 겨울에 뭘 팔까요? 제주금악냉면 신메뉴 먹으러 가봤습니다,1,'골목식당'에서 진행했던 지역 경제 살리기 프로젝트!
QxWyQ7hsy00,냉면집에선 겨울에 뭘 팔까요? 제주금악냉면 신메뉴 먹으러 가봤습니다,2,제주 금악리 '금악무짠지냉면'을 기억하시나요?
QxWyQ7hsy00,냉면집에선 겨울에 뭘 팔까요? 제주금악냉면 신메뉴 먹으러 가봤습니다,3,올여름 많은 분들께 큰 사랑을 받았었는데요
QxWyQ7hsy00,냉면집에선 겨울에 뭘 팔까요? 제주금악냉면 신메뉴 먹으러 가봤습니다,4,그 사랑에 보답하고자 겨울을 맞이하여 새롭게 선보이는 신메뉴
QxWyQ7hsy00,냉면집에선 겨울에 뭘 팔까요? 제주금악냉면 신메뉴 먹으러 가봤습니다,5,돈사골육수와 멸치육수가 만나 감칠맛 대폭발!
QxWyQ7hsy00,냉면집에선 겨울에 뭘 팔까요? 제주금악냉면 신메뉴 먹으러 가봤습니다,6,고기국수와는 또 다른 매력을 갖고 있어요
QxWyQ7hsy00,냉면집에선 겨울에 뭘 팔까요? 제주금악냉면 신메뉴 먹으러 가봤습니다,7,제주의 식재료를 활용해 뜨끈하게 끓여낸
QxWyQ7hsy00,냉면집에선 겨울에 뭘 팔까요? 제주금악냉면 신메뉴 먹으러 가봤습니다,8,신메뉴 '금악온면'도 많은 관심과 응원 부탁드립니다
QxWyQ7hsy00,냉면집에선 겨울에 뭘 팔까요? 제주금악냉면 신메뉴 먹으러 가봤습니다,9,제주특별자치도 제주시 한림읍 금악로 1길 15
RH73tQvg33g,생각보다 더! 더! 쉬운 들깨칼국수~,1,"감자는 0.5cm로 채 썰고, 표고버섯은 기둥을 제거한 후 0.3cm 두께로 편 썬다."
RH73tQvg33g,생각보다 더! 더! 쉬운 들깨칼국수~,2,양파는 0.3cm로 채 썬다.
RH73tQvg33g,생각보다 더! 더! 쉬운 들깨칼국수~,3,"깊은 프라이팬이나 냄비에 물, 양파, 감자, 표고버섯을 넣고 끓으면 중불로 줄인다."
RH73tQvg33g,생각보다 더! 더! 쉬운 들깨칼국수~,4,칼국수 면을 체에 밭쳐 흐르는 물에 헹군 후 육수에 넣어 살살 저어가며 끓인다.
RH73tQvg33g,생각보다 더! 더! 쉬운 들깨칼국수~,5,* 칼국수 면을 미리 헹궈두면 뭉칠 수 있으니 육수에 넣기 직전에 헹군다.
RH73tQvg33g,생각보다 더! 더! 쉬운 들깨칼국수~,6,"다시 끓어 오르면 간 마늘, 멸치액젓을 넣고 약 4분 30초 정도 끓인다."
RH73tQvg33g,생각보다 더! 더! 쉬운 들깨칼국수~,7,* 불 세기에 따라 물양을 조절한다.
RH73tQvg33g,생각보다 더! 더! 쉬운 들깨칼국수~,8,끓이는 중간에 간을 본 후 부족한 간은 꽃소금을 이용하여 맞춘다.
RH73tQvg33g,생각보다 더! 더! 쉬운 들깨칼국수~,9,* 다시다를 사용 할 경우 꽃소금은 생략 가능하다.
RH73tQvg33g,생각보다 더! 더! 쉬운 들깨칼국수~,10,칼국수 면이 익으면 들깻가루를 넣고 골고루 섞은 후 불을 끈다.
RH73tQvg33g,생각보다 더! 더! 쉬운 들깨칼국수~,11,들기름을 넣고 섞은 후 그릇에 담아 완성한다.
RVfSeUZ8XkY,김치와 고기가 쭉쭉 찢어지는 김치찜!,1,"설탕, 국간장, 된장, 간 마늘, 고춧가루를 섞어 양념장을 만든다."
RVfSeUZ8XkY,김치와 고기가 쭉쭉 찢어지는 김치찜!,2,양파는 굵게 채 썰고 대파는 송송 썬다.
RVfSeUZ8XkY,김치와 고기가 쭉쭉 찢어지는 김치찜!,3,청양고추는 두껍게 썰고 고기는 주먹 크기로 자른다.
RVfSeUZ8XkY,김치와 고기가 쭉쭉 찢어지는 김치찜!,4,냄비에 김치를 깔고 고기를 올린 후 다시 김치로 덮어준다.
RVfSeUZ8XkY,김치와 고기가 쭉쭉 찢어지는 김치찜!,5,"그 위에 양파, 청양고추, 대파를 넣는다."
RVfSeUZ8XkY,김치와 고기가 쭉쭉 찢어지는 김치찜!,6,물과 양념장을 잘 섞어 부어준다.
RVfSeUZ8XkY,김치와 고기가 쭉쭉 찢어지는 김치찜!,7,센 불로 켜고 끓으면 중약불로 줄여 뚜껑 덮고 졸인다.
RVfSeUZ8XkY,김치와 고기가 쭉쭉 찢어지는 김치찜!,8,김치와 고기가 물러지면 간을 본 후 기호에 맞게 식초를 넣는다.
RVfSeUZ8XkY,김치와 고기가 쭉쭉 찢어지는 김치찜!,9,식초를 골고루 섞어 준 후 완성한다.
RmZyxKOUbfs,🦆: 여보 여기 있던 내 알 못 봤어요?│메추리알 장조림,1,메추리알은 흐르는 물에 세척하여 준비한다.
RmZyxKOUbfs,🦆: 여보 여기 있던 내 알 못 봤어요?│메추리알 장조림,2,마늘은 꼭지를 제거한 후 1/2 크기로 잘라 준비한다.
RmZyxKOUbfs,🦆: 여보 여기 있던 내 알 못 봤어요?│메추리알 장조림,3,* 기호에 따라 0.3cm 두께로 편을 썰어도 좋다.
RmZyxKOUbfs,🦆: 여보 여기 있던 내 알 못 봤어요?│메추리알 장조림,4,* 다진마늘이 있다면 체에 밭쳐 양념장에 넣고 잘 풀어 마늘 향을 넣는다.
RmZyxKOUbfs,🦆: 여보 여기 있던 내 알 못 봤어요?│메추리알 장조림,5,* 마늘의 양은 기호에 맞춰 늘려도 좋다.
RmZyxKOUbfs,🦆: 여보 여기 있던 내 알 못 봤어요?│메추리알 장조림,6,꽈리고추는 3~4cm 정도로 자르고 청양고추는 두께 0.5cm로 송송 썰어 준비한다.
RmZyxKOUbfs,🦆: 여보 여기 있던 내 알 못 봤어요?│메추리알 장조림,7,"깊은 프라이팬이나 냄비에 메추리알, 진간장, 황설탕, 정수 물, 마늘, 꽈리고추, 청양고추, 다시마를 넣고 강 불에 올린다."
RmZyxKOUbfs,🦆: 여보 여기 있던 내 알 못 봤어요?│메추리알 장조림,8,* 고추의 색을 살리고 싶다면 장조림이 완성되고 마지막에 넣어 섞는다.
RmZyxKOUbfs,🦆: 여보 여기 있던 내 알 못 봤어요?│메추리알 장조림,9,* 다시마는 장조림이 완성되고 불을 끄기 전에 넣어도 좋다.
RmZyxKOUbfs,🦆: 여보 여기 있던 내 알 못 봤어요?│메추리알 장조림,10,메추리알 장조림이 바글바글 끓어오르면 약 5분간 더 끓인 후 불을 끈다.
RmZyxKOUbfs,🦆: 여보 여기 있던 내 알 못 봤어요?│메추리알 장조림,11,* 카라멜색소가 있다면 소량을 넣고 색을 낸 후 완성해도 좋다.
RmZyxKOUbfs,🦆: 여보 여기 있던 내 알 못 봤어요?│메추리알 장조림,12,완성된 메추리알 장조림은 충분히 식힌 후 밀폐용기에 담아 냉장 보관한다.
RuEyl_cMMns,집에 있는 라면으로 이거 꼭 한번 해보세요!,1,"완성그릇에 분말스프 ½봉지, 진간장, 식초, 황설탕, 참기름을 넣고 섞는다."
RuEyl_cMMns,집에 있는 라면으로 이거 꼭 한번 해보세요!,2,* 식초의 양은 기호에 따라 1큰술까지 사용해도 좋다.
RuEyl_cMMns,집에 있는 라면으로 이거 꼭 한번 해보세요!,3,* 큐민가루가 있다면 기호에 맞게 소량 넣어줘도 좋다.
RuEyl_cMMns,집에 있는 라면으로 이거 꼭 한번 해보세요!,4,조미김을 비닐봉지에 넣고 잘게 부숴 준비한다.
RuEyl_cMMns,집에 있는 라면으로 이거 꼭 한번 해보세요!,5,* 조미김가루가 있다면 사용해도 좋다.
RuEyl_cMMns,집에 있는 라면으로 이거 꼭 한번 해보세요!,6,쪽파는 송송 썰어 준비한다.
RuEyl_cMMns,집에 있는 라면으로 이거 꼭 한번 해보세요!,7,* 쪽파가 없다면 대파를 반 갈라 송송 썰어 사용해도 좋다.
RuEyl_cMMns,집에 있는 라면으로 이거 꼭 한번 해보세요!,8,"냄비에 물을 넣고 끓으면 후레이크, 면을 넣고 약3분 삶는다."
RuEyl_cMMns,집에 있는 라면으로 이거 꼭 한번 해보세요!,9,삶은 면은 체에 밭쳐 물기를 제거하고 따뜻한 상태로 소스를 만들어 둔 그릇에 담는다.
RuEyl_cMMns,집에 있는 라면으로 이거 꼭 한번 해보세요!,10,면 삶은 프라이팬의 물기를 제거하고 식용유를 넉넉하게 두른 후 튀기듯이 달걀프라이한다.
RuEyl_cMMns,집에 있는 라면으로 이거 꼭 한번 해보세요!,11,"면 위에 쪽파, 김가루를 올리고 달걀프라이를 올려 완성한다."
S9MQlzjgf7k,돼지고기 사러 마트 다녀왔습니다! ㅣ 백종원의 쿠킹로그 번외편,1,"요즘 아프리카 돼지열병으로 인해 소비가 위축되어 돼지고깃값이 떨어지고 있다고 하는데요,"
SBKRrJRCFu8,사먹는 맛 그대로! 뜨끈뜨끈 갈비탕 만들어보세요~,1,*갈비탕
SBKRrJRCFu8,사먹는 맛 그대로! 뜨끈뜨끈 갈비탕 만들어보세요~,2,길이 4~5cm로 준비한 소갈비는 찬물에 약 2시간 정도 담가 핏물을 뺀다.
SBKRrJRCFu8,사먹는 맛 그대로! 뜨끈뜨끈 갈비탕 만들어보세요~,4,살코기 부분이 너무 두꺼울 경우에는 칼집을 내거나 1/2정도 크기로 잘라서 준비한다.
SBKRrJRCFu8,사먹는 맛 그대로! 뜨끈뜨끈 갈비탕 만들어보세요~,5,깊은 냄비에 소갈비가 잠길 정도의 물을 넣고 강 불에 끓인다.
SBKRrJRCFu8,사먹는 맛 그대로! 뜨끈뜨끈 갈비탕 만들어보세요~,6,물이 끓으면 소갈비를 넣고 약 5분 정도 데친 후 건져내어 흐르는 물에 불순물을 씻어 낸다.
SBKRrJRCFu8,사먹는 맛 그대로! 뜨끈뜨끈 갈비탕 만들어보세요~,7,뼈 쪽에 핏기가 보이지 않을 정도까지 데친다.
SBKRrJRCFu8,사먹는 맛 그대로! 뜨끈뜨끈 갈비탕 만들어보세요~,8,무는 큼직하게 잘라 준비한다.
SBKRrJRCFu8,사먹는 맛 그대로! 뜨끈뜨끈 갈비탕 만들어보세요~,9,"냄비에 물(준비한 양의 절반), 데친 소갈비, 무, 다시마, 대파, 국간장를 넣고 강 불에 끓인다."
SBKRrJRCFu8,사먹는 맛 그대로! 뜨끈뜨끈 갈비탕 만들어보세요~,10,"Tip: 냄비의 크기, 사용하는 불의 세기에 따라 물양을 조절한다."
SBKRrJRCFu8,사먹는 맛 그대로! 뜨끈뜨끈 갈비탕 만들어보세요~,11,국물이 끓기 시작하면 중 불로 줄여 1시간 30분을 더 끓인다.
SBKRrJRCFu8,사먹는 맛 그대로! 뜨끈뜨끈 갈비탕 만들어보세요~,12,Tip: 끓이는 중간에 남은 물 절반 양을 추가해서 끓여준다.
SBKRrJRCFu8,사먹는 맛 그대로! 뜨끈뜨끈 갈비탕 만들어보세요~,13,"무는 익으면 건져내어 식힌 후, 먹기 좋은 크기로 자른다."
SBKRrJRCFu8,사먹는 맛 그대로! 뜨끈뜨끈 갈비탕 만들어보세요~,14,"대파는 건져내고, 다시마는 얇게 채 썰어 준비한다."
SBKRrJRCFu8,사먹는 맛 그대로! 뜨끈뜨끈 갈비탕 만들어보세요~,15,간 마늘을 체에 밭쳐 국물에 넣고 우려낸 후 꽃소금으로 간을 하여 완성한다.
SBKRrJRCFu8,사먹는 맛 그대로! 뜨끈뜨끈 갈비탕 만들어보세요~,16,"기호에 따라 미원, 소고기다시다 추가한다."
SBKRrJRCFu8,사먹는 맛 그대로! 뜨끈뜨끈 갈비탕 만들어보세요~,17,*갈비탕 세팅하기
SBKRrJRCFu8,사먹는 맛 그대로! 뜨끈뜨끈 갈비탕 만들어보세요~,18,대파는 두께 0.3cm로 송송 썰어 준비한다.
SBKRrJRCFu8,사먹는 맛 그대로! 뜨끈뜨끈 갈비탕 만들어보세요~,19,당면은 따뜻한 물에 약 1시간 정도 불려 준비한다.
SBKRrJRCFu8,사먹는 맛 그대로! 뜨끈뜨끈 갈비탕 만들어보세요~,20,시간이 부족할 경우에는 끓는물에 삶아 준비한다.
SBKRrJRCFu8,사먹는 맛 그대로! 뜨끈뜨끈 갈비탕 만들어보세요~,21,"그릇에 불린 당면, 소갈비, 갈비탕 국물, 무를 담는다."
SBKRrJRCFu8,사먹는 맛 그대로! 뜨끈뜨끈 갈비탕 만들어보세요~,22,"다시마 채, 후춧가루, 대파를 올려 완성한다."
SILoOGBiAyA,알면서도 애써 모른 척했습니다... 끈기 있는 팀원에게 이 영상을 바칩니다!,1,빽소시지는 두께 0.4cm로 길게 어슷썰기 하고 통조림 햄은 폭2.5cm 두께0.5cm로 썰어 준비한다.
SILoOGBiAyA,알면서도 애써 모른 척했습니다... 끈기 있는 팀원에게 이 영상을 바칩니다!,2,"대파는 길게 반 갈라 길이4cm로 썰고, 양배추는 사방2.5cm로 썰어 준비한다."
SILoOGBiAyA,알면서도 애써 모른 척했습니다... 끈기 있는 팀원에게 이 영상을 바칩니다!,3,* 양배추가 많이 들어 갈 경우 간이 싱거워질 수 있다.
SILoOGBiAyA,알면서도 애써 모른 척했습니다... 끈기 있는 팀원에게 이 영상을 바칩니다!,4,양파는 두께1cm로 채 썰어 준비한다.
SILoOGBiAyA,알면서도 애써 모른 척했습니다... 끈기 있는 팀원에게 이 영상을 바칩니다!,5,깊은 그릇에 굵은고추가루를 제외한 모든 재료를 섞어 준비한다.
SILoOGBiAyA,알면서도 애써 모른 척했습니다... 끈기 있는 팀원에게 이 영상을 바칩니다!,6,* 굵은고추가루가 많이 들어가면 양념이 너무 뻑뻑해질 수 있으니 볶을 때 농도를 확인하면서 조금씩 넣어주는 것이 좋다.
SILoOGBiAyA,알면서도 애써 모른 척했습니다... 끈기 있는 팀원에게 이 영상을 바칩니다!,7,프라이팬에 식용유를 두르고 강 불에 올린 후 양파를 넣어 볶는다.
SILoOGBiAyA,알면서도 애써 모른 척했습니다... 끈기 있는 팀원에게 이 영상을 바칩니다!,9,빽소시지를 넣고 볶아준 후 통조림 햄을 넣고 햄이 부서지지 않도록 살살 볶는다.
SILoOGBiAyA,알면서도 애써 모른 척했습니다... 끈기 있는 팀원에게 이 영상을 바칩니다!,10,베이크드빈스를 넣고 볶는다.
SILoOGBiAyA,알면서도 애써 모른 척했습니다... 끈기 있는 팀원에게 이 영상을 바칩니다!,11,"만들어 둔 양념장, 후추가루를 넣고 중 불로 줄여 볶는다."
SILoOGBiAyA,알면서도 애써 모른 척했습니다... 끈기 있는 팀원에게 이 영상을 바칩니다!,12,* 아이들이 먹을 경우 고추가루를 넣지 않고 마무리해도 좋다.
SILoOGBiAyA,알면서도 애써 모른 척했습니다... 끈기 있는 팀원에게 이 영상을 바칩니다!,13,소스가 전체적으로 섞이면 체다슬라이스치즈를 넣고 볶는다.
SILoOGBiAyA,알면서도 애써 모른 척했습니다... 끈기 있는 팀원에게 이 영상을 바칩니다!,14,치즈가 녹으면 굵은고추가루를 골고루 펼쳐 넣고 볶는다.
SILoOGBiAyA,알면서도 애써 모른 척했습니다... 끈기 있는 팀원에게 이 영상을 바칩니다!,15,그릇에 옮겨 담아 완성한다.
SILoOGBiAyA,알면서도 애써 모른 척했습니다... 끈기 있는 팀원에게 이 영상을 바칩니다!,16,* 청양고추 또는 대파 파란부분을 넣은 후 불을 끄고 섞어 접시에 담으면 더욱 보기 좋다.
SYaYH8bh4QY,김치 라면! 더 맛있게 만드는 '회심의 일타' 알려드릴게요,1,청양고추는 두께 0.5cm로 어슷 썬다.
SYaYH8bh4QY,김치 라면! 더 맛있게 만드는 '회심의 일타' 알려드릴게요,2,대파는 두께 0.3cm로 송송 썬다.
SYaYH8bh4QY,김치 라면! 더 맛있게 만드는 '회심의 일타' 알려드릴게요,3,김치는 가위를 이용하여 잘게 잘라 준비한다.
SYaYH8bh4QY,김치 라면! 더 맛있게 만드는 '회심의 일타' 알려드릴게요,4,통깨는 절구에 넣고 갈아서 준비한다.
SYaYH8bh4QY,김치 라면! 더 맛있게 만드는 '회심의 일타' 알려드릴게요,5,"냄비에 물, 라면스프, 건더기 스프를 넣고 강불에 끓인다."
SYaYH8bh4QY,김치 라면! 더 맛있게 만드는 '회심의 일타' 알려드릴게요,6,국물의 가장자리가 끓기 시작하면 신김치를 넣고 끓인다.
SYaYH8bh4QY,김치 라면! 더 맛있게 만드는 '회심의 일타' 알려드릴게요,7,"국물이 전체적으로 바글바글 끓어 오르면 면, 굵은 고춧가루를 넣고 끓인다."
SYaYH8bh4QY,김치 라면! 더 맛있게 만드는 '회심의 일타' 알려드릴게요,9,면이 완전히 풀어지고 약 1분 정도 끓인 후 불을 끈다.
SYaYH8bh4QY,김치 라면! 더 맛있게 만드는 '회심의 일타' 알려드릴게요,10,완성 그릇에 참기름을 넣고 라면을 옮겨 담는다.
SYaYH8bh4QY,김치 라면! 더 맛있게 만드는 '회심의 일타' 알려드릴게요,11,라면 위에 갈아 둔 깨를 올려 완성한다.
SZp5fTHZnmc,고기만두!! 비법이 들어 있습니다. 가족과 함께 집에서 만들어 보세요!!  ㅣ 백종원의 쿠킹로그,1,당면은 미지근한 물에 30분 정도 불린다.
SZp5fTHZnmc,고기만두!! 비법이 들어 있습니다. 가족과 함께 집에서 만들어 보세요!!  ㅣ 백종원의 쿠킹로그,2,당면은 물에 20분 정도 불려 끓는 물에 3분정도 삶아 찬물로 헹궈낸다.
SZp5fTHZnmc,고기만두!! 비법이 들어 있습니다. 가족과 함께 집에서 만들어 보세요!!  ㅣ 백종원의 쿠킹로그,3,삶은 당면은 잘게 썰어준다.
SZp5fTHZnmc,고기만두!! 비법이 들어 있습니다. 가족과 함께 집에서 만들어 보세요!!  ㅣ 백종원의 쿠킹로그,4,숙주는 끓는 물에 데친 후 찬물에 헹궈 물기를 제거한다.
SZp5fTHZnmc,고기만두!! 비법이 들어 있습니다. 가족과 함께 집에서 만들어 보세요!!  ㅣ 백종원의 쿠킹로그,5,물기를 제거한 숙주를 잘게 썰어준다.
SZp5fTHZnmc,고기만두!! 비법이 들어 있습니다. 가족과 함께 집에서 만들어 보세요!!  ㅣ 백종원의 쿠킹로그,6,두부는 면포에 으깨어 물기를 제거한다.
SZp5fTHZnmc,고기만두!! 비법이 들어 있습니다. 가족과 함께 집에서 만들어 보세요!!  ㅣ 백종원의 쿠킹로그,7,부추는 송송 썰고 대파는 반으로 갈라 송송 썰어준다.
SZp5fTHZnmc,고기만두!! 비법이 들어 있습니다. 가족과 함께 집에서 만들어 보세요!!  ㅣ 백종원의 쿠킹로그,8,배추는 반으로 가르거나 3등분 한 후 잘게 채 썰어 준비한다.
SZp5fTHZnmc,고기만두!! 비법이 들어 있습니다. 가족과 함께 집에서 만들어 보세요!!  ㅣ 백종원의 쿠킹로그,9,"큰 볼에 두부, 부추, 대파, 간마늘, 배추, 간생강, 돼지고기, 당면, 숙주를 넣고 섞는다."
SZp5fTHZnmc,고기만두!! 비법이 들어 있습니다. 가족과 함께 집에서 만들어 보세요!!  ㅣ 백종원의 쿠킹로그,10,"재료가 골고루 섞이면 진간장, 꽃소금, 황설탕, 만능볶음요리소스, 참기름, MSG, 후추를 넣어 섞어준다."
SZp5fTHZnmc,고기만두!! 비법이 들어 있습니다. 가족과 함께 집에서 만들어 보세요!!  ㅣ 백종원의 쿠킹로그,11,기호에 따라 돼지지방을 넣어 섞는다.
SZp5fTHZnmc,고기만두!! 비법이 들어 있습니다. 가족과 함께 집에서 만들어 보세요!!  ㅣ 백종원의 쿠킹로그,12,만두피 가장자리에 물을 묻히고 만두소 1큰술(30g) 정도를 넣어 빚는다.
SZp5fTHZnmc,고기만두!! 비법이 들어 있습니다. 가족과 함께 집에서 만들어 보세요!!  ㅣ 백종원의 쿠킹로그,13,찜통에 물을 넣고 뚜껑을 덮은 후 끓인다.
SZp5fTHZnmc,고기만두!! 비법이 들어 있습니다. 가족과 함께 집에서 만들어 보세요!!  ㅣ 백종원의 쿠킹로그,14,물이 끓으면 만두를 넣고 6분 정도 쪄낸다.
SeUG8iRDE_g,"식당에서 먹는 콩나물국 맛의 비밀, 이건 몰랐쥬?",1,콩나물은 가볍게 세척한 후 체에 밭쳐 물기를 제거한다.
SeUG8iRDE_g,"식당에서 먹는 콩나물국 맛의 비밀, 이건 몰랐쥬?",2,"대파, 청양고추는 두께 0.3cm로 송송 썰어 준비한다."
SeUG8iRDE_g,"식당에서 먹는 콩나물국 맛의 비밀, 이건 몰랐쥬?",3,"냄비에 정수물을 넣고 끓어오르면 콩나물, 국간장, 간 마늘, 꽃소금을 넣고 강불에 끓인다."
SeUG8iRDE_g,"식당에서 먹는 콩나물국 맛의 비밀, 이건 몰랐쥬?",4,* MSG를 사용할 경우 1/6큰술 정도 넣는다.
SeUG8iRDE_g,"식당에서 먹는 콩나물국 맛의 비밀, 이건 몰랐쥬?",5,* MSG가 없다면 꽃소금 대신 맛소금을 사용해도 좋다.
SeUG8iRDE_g,"식당에서 먹는 콩나물국 맛의 비밀, 이건 몰랐쥬?",6,* 기호에 맞게 국간장 양을 조절한다.
SeUG8iRDE_g,"식당에서 먹는 콩나물국 맛의 비밀, 이건 몰랐쥬?",7,"국물이 끓어오르면 중불로 줄여 약 5분 정도 끓인 후 대파, 청양고추를 넣고 1분 정도 더 끓여 완성한다."
SeUG8iRDE_g,"식당에서 먹는 콩나물국 맛의 비밀, 이건 몰랐쥬?",8,"* 식당용 콩나물국은 국물과 건더기를 분리하여 사용하면, 콩나물의 아삭한 식감이 살아있는 콩나물국을 제공할 수 있다."
SqsX495Zie4,갈비를 왜 튀기지?,1,목살은 칼을 눕혀서 평평하게 펴준 후 힘줄 부위에 칼집을 내준다.
SqsX495Zie4,갈비를 왜 튀기지?,2,* 앞다리살이나 뒷다리살을 사용할 경우 힘줄 부위에 칼집을 더 내주면 좋다.
SqsX495Zie4,갈비를 왜 튀기지?,3,대파는 흰 부분을 준비한 후 길게 반 갈라 두께 0.3cm로 송송 썬다.
SqsX495Zie4,갈비를 왜 튀기지?,4,"큰 볼에 썰어 둔 대파, 정수물, 진간장, 황설탕, 맛술, 간 마늘, 간 생강, 참기름, 후춧가루를 넣고 섞어서 양념장을 만든다."
SqsX495Zie4,갈비를 왜 튀기지?,5,"* 양념은 물, 간장, 맛술을 1:1:1 비율로 넣고 설탕은 다른 양념보다 적게 넣는다."
SqsX495Zie4,갈비를 왜 튀기지?,6,위의 양념에 준비한 목살을 넣고 버무려 준 후 1시간 동안 재운다.
SqsX495Zie4,갈비를 왜 튀기지?,7,넓은 그릇에 튀김가루와 정수물을 섞어 튀김 반죽을 만든다.
SqsX495Zie4,갈비를 왜 튀기지?,8,반죽에 재워둔 목살을 넣고 골고루 입힌다.
SqsX495Zie4,갈비를 왜 튀기지?,9,다른 넓은 그릇에 튀김가루를 준비한 후 반죽을 입힌 목살을 넣고 골고루 묻힌다.
SqsX495Zie4,갈비를 왜 튀기지?,10,* 반죽 입힌 목살은 한 곳에 모아 수분이 나올 때 까지 잠시 둔다.
SqsX495Zie4,갈비를 왜 튀기지?,11,웍을 준비하여 식용유를 넉넉히 부어 준 후 예열한다.
SqsX495Zie4,갈비를 왜 튀기지?,12,150℃ 정도 예열한 기름에 반죽을 입힌 목살을 넣고 1차로 은은한 갈색이 될 때까지 튀긴 후 잠시 꺼내 두었다가 다시 넣고 2차로 약 2분 30초간 튀긴다.
SqsX495Zie4,갈비를 왜 튀기지?,13,* 고기에 양념이 되어 있기 때문에 높은 온도에 튀기면 빨리 탈 수 있으니 주의한다.
SqsX495Zie4,갈비를 왜 튀기지?,14,* 얇은 고기를 사용할 경우 금방 익기 때문에 튀기기가 수월하다.
SqsX495Zie4,갈비를 왜 튀기지?,15,튀긴 돼지갈비는 체에 밭쳐 건져낸 후 기름을 제거하여 그릇에 담아 완성한다.
SqsX495Zie4,갈비를 왜 튀기지?,16,* 취향에 맞는 소스에 찍어 먹는다.
T7YJviWhquo,[Sub] 정말 쉬운 달걀말이!,1,대파와 당근은 작은 크기로 다지듯이 잘게 썬다.
T7YJviWhquo,[Sub] 정말 쉬운 달걀말이!,2,그릇에 달걀을 깨뜨려 담고 소금과 설탕을 넣는다.
T7YJviWhquo,[Sub] 정말 쉬운 달걀말이!,3,젓가락으로 저어 달걀을 푼다.
T7YJviWhquo,[Sub] 정말 쉬운 달걀말이!,4,달걀에 채소를 넣고 섞는다.
T7YJviWhquo,[Sub] 정말 쉬운 달걀말이!,5,팬에 식용유를 두르고 달군 뒤 약불에서 달걀물을 반쯤 붓는다.
T7YJviWhquo,[Sub] 정말 쉬운 달걀말이!,6,달걀의 가장자리가 익고 윗면이 마르기 시작하면 말아준다.
T7YJviWhquo,[Sub] 정말 쉬운 달걀말이!,7,달걀말이를 다시 뒤집어 팬 앞쪽으로 밀고 달걀물을 다시 부어 말아준다.
T7YJviWhquo,[Sub] 정말 쉬운 달걀말이!,8,달걀물을 다 사용할 때 까지 반복한다.
T7YJviWhquo,[Sub] 정말 쉬운 달걀말이!,9,달걀말이의 모양을 잡아가며 완전히 익힌다.
T7YJviWhquo,[Sub] 정말 쉬운 달걀말이!,10,완성 된 달걀말이는 알맞은 크기로 썰어 완성한다.
TKFpBXl2w-A,뭣 좀 사러 근처 편의점 다녀왔씨유~,1,오늘 장 본 제품들을 새롭게 조합하여 맛있는 음식을 만들어 보겠습니다.
UArNVpF7PIY,꿀없이 만드는 허니버터브레드,2,통식빵은 5cm 두께로 자른다.
UArNVpF7PIY,꿀없이 만드는 허니버터브레드,3,식빵의 밑 바닥 1cm 정도 남기고 바닥 부분이 끊어지지 않게 가로세로 3등분씩 칼집을 낸다.
UArNVpF7PIY,꿀없이 만드는 허니버터브레드,4,Tip: 나무 젓가락을 식빵 양쪽 면 아래에 대고 자르면 쉽게 자를 수 있다.
UArNVpF7PIY,꿀없이 만드는 허니버터브레드,5,만들어 둔 시럽은 1/3큰술 정도씩 칼집 사이사이에 골고루 바른다.
UArNVpF7PIY,꿀없이 만드는 허니버터브레드,6,남은 시럽은 빵의 윗면에도 골고루 바른다.
UArNVpF7PIY,꿀없이 만드는 허니버터브레드,7,스틱버터는 0.5cm 두께로 길게 잘라 빵 위에 올린다.
UArNVpF7PIY,꿀없이 만드는 허니버터브레드,8,에어프라이어 밑 바닥에 호일을 깔고 빵을 넣은 후 180도에 약10분 정도 굽는다.
UArNVpF7PIY,꿀없이 만드는 허니버터브레드,9,Tip: 쿠킹호일을 바닥에만 펼쳐 깔아야 빵 옆 쪽 부분까지 색을 골고루 낼 수 있다.
UArNVpF7PIY,꿀없이 만드는 허니버터브레드,10,그릇에 옮겨담은 후 바닐라 아이스크림이나 생크림을 올려 완성한다.
UEfoOmupTG8,고급 레스토랑 따라잡기! 전복 내장 이렇게 드시면 정말 맛있어요~ 전복크림파스타,1,*전복 손질
UEfoOmupTG8,고급 레스토랑 따라잡기! 전복 내장 이렇게 드시면 정말 맛있어요~ 전복크림파스타,2,전복은 전복솔을 이용하여 깨끗하게 세척한다.
UEfoOmupTG8,고급 레스토랑 따라잡기! 전복 내장 이렇게 드시면 정말 맛있어요~ 전복크림파스타,3,* 전복솔이 없다면 사용하지 않는 칫솔을 이용하여 닦아도 좋다.
UEfoOmupTG8,고급 레스토랑 따라잡기! 전복 내장 이렇게 드시면 정말 맛있어요~ 전복크림파스타,4,냄비에 물을 넣고 끓어오르면 세척한 전복을 넣고 약 3분 정도 데친 후 찬물에 넣어 식힌다.
UEfoOmupTG8,고급 레스토랑 따라잡기! 전복 내장 이렇게 드시면 정말 맛있어요~ 전복크림파스타,5,* 전복의 크기에 따라 데치는 시간을 조절한다.
UEfoOmupTG8,고급 레스토랑 따라잡기! 전복 내장 이렇게 드시면 정말 맛있어요~ 전복크림파스타,6,데친 전복은 숟가락을 이용하여 껍질을 제거한 후 가위를 이용하여 살과 내장을 분리한다.
UEfoOmupTG8,고급 레스토랑 따라잡기! 전복 내장 이렇게 드시면 정말 맛있어요~ 전복크림파스타,7,* 전복 이빨을 제거할 경우 가위를 이용하여 잘라낸다.
UEfoOmupTG8,고급 레스토랑 따라잡기! 전복 내장 이렇게 드시면 정말 맛있어요~ 전복크림파스타,8,* 전복을 회로 먹을 경우 이빨을 제거하지만 익혀 먹는 경우는 제거하지 않아도 된다.
UEfoOmupTG8,고급 레스토랑 따라잡기! 전복 내장 이렇게 드시면 정말 맛있어요~ 전복크림파스타,9,*전복내장크림파스타
UEfoOmupTG8,고급 레스토랑 따라잡기! 전복 내장 이렇게 드시면 정말 맛있어요~ 전복크림파스타,10,마늘은 꼭지를 제거하고 양파는 두께 1cm 정도로 큼직하게 잘라 준비한다.
UEfoOmupTG8,고급 레스토랑 따라잡기! 전복 내장 이렇게 드시면 정말 맛있어요~ 전복크림파스타,11,* 통마늘이 없다면 간 마늘을 사용해도 좋다.
UEfoOmupTG8,고급 레스토랑 따라잡기! 전복 내장 이렇게 드시면 정말 맛있어요~ 전복크림파스타,12,쪽파는 두께 0.3cm로 송송 썰어 준비한다.
UEfoOmupTG8,고급 레스토랑 따라잡기! 전복 내장 이렇게 드시면 정말 맛있어요~ 전복크림파스타,13,데친 전복살은 마른행주로 물기를 제거하고 껍질에 붙어 있던 면에 긴 방향으로 두 줄 칼집을 넣은 후 칼집 반대 방향으로 두께 0.5cm 편 썬다.
UEfoOmupTG8,고급 레스토랑 따라잡기! 전복 내장 이렇게 드시면 정말 맛있어요~ 전복크림파스타,14,"프라이팬에 식용유를 두르고 양파, 통마늘, 데친 전복 내장을 넣고 중불에서 재료가 눌어붙을 정도까지 볶는다."
UEfoOmupTG8,고급 레스토랑 따라잡기! 전복 내장 이렇게 드시면 정말 맛있어요~ 전복크림파스타,15,* 내장 부분에 튀어나온 부분을 잘라 모래주머니를 제거한 후 사용해도 좋다.
UEfoOmupTG8,고급 레스토랑 따라잡기! 전복 내장 이렇게 드시면 정말 맛있어요~ 전복크림파스타,16,"믹서기에 우유, 볶은 채소와 내장, 맛소금을 넣고 곱게 갈아 전복 내장 크림소스를 만든다."
UEfoOmupTG8,고급 레스토랑 따라잡기! 전복 내장 이렇게 드시면 정말 맛있어요~ 전복크림파스타,18,프라이팬에 식용유를 두른 후 전복살을 넣고 노릇하게 볶는다.
UEfoOmupTG8,고급 레스토랑 따라잡기! 전복 내장 이렇게 드시면 정말 맛있어요~ 전복크림파스타,19,"전복 내장 크림소스를 넣고 끓어오르면 스파게티면, 버터를 넣고 저어가며 끓인다."
UEfoOmupTG8,고급 레스토랑 따라잡기! 전복 내장 이렇게 드시면 정말 맛있어요~ 전복크림파스타,21,* 간을 본 후 싱거울 경우 소금으로 간을 맞춘다.
UEfoOmupTG8,고급 레스토랑 따라잡기! 전복 내장 이렇게 드시면 정말 맛있어요~ 전복크림파스타,22,* 파마산 치즈 가루에도 간이 있으니 감안하여 간을 맞춘다.
UEfoOmupTG8,고급 레스토랑 따라잡기! 전복 내장 이렇게 드시면 정말 맛있어요~ 전복크림파스타,23,파마산 치즈 가루를 넣고 잘 섞은 후 농도가 나오면 불을 끈다.
UEfoOmupTG8,고급 레스토랑 따라잡기! 전복 내장 이렇게 드시면 정말 맛있어요~ 전복크림파스타,24,접시에 담은 후 송송 썰어 둔 쪽파를 뿌려 완성한다.
UlsvKb-Bafs,겉절이 어렵지 않아요! 만능양념장과 함께라면 봄나물 완전정복~,1,*만능겉절이양념
UlsvKb-Bafs,겉절이 어렵지 않아요! 만능양념장과 함께라면 봄나물 완전정복~,2,대파는 두께 0.3cm로 송송 썰어 양념장 만들 그릇에 담아 준비한다.
UlsvKb-Bafs,겉절이 어렵지 않아요! 만능양념장과 함께라면 봄나물 완전정복~,3,"대파를 담아 둔 그릇에 황설탕, 멸치액젓, 간 마늘, 굵은 고춧가루를 넣고 골고루 섞는다."
UlsvKb-Bafs,겉절이 어렵지 않아요! 만능양념장과 함께라면 봄나물 완전정복~,5,*기호에 맞게 MSG 1/5큰술을 추가하여도 좋다.
UlsvKb-Bafs,겉절이 어렵지 않아요! 만능양념장과 함께라면 봄나물 완전정복~,6,*봄나물겉절이
UlsvKb-Bafs,겉절이 어렵지 않아요! 만능양념장과 함께라면 봄나물 완전정복~,7,미나리는 길이 5cm 정도로 잘라 깊은 볼에 담아 준비한다.
UlsvKb-Bafs,겉절이 어렵지 않아요! 만능양념장과 함께라면 봄나물 완전정복~,8,봄동은 심지를 제거한 후 두께 3cm 폭으로 어슷 썰어 깊은 볼에 담아 준비한다.
UlsvKb-Bafs,겉절이 어렵지 않아요! 만능양념장과 함께라면 봄나물 완전정복~,9,*봄동은 손으로 먹기 좋게 찢어 준비하여도 좋다.
UlsvKb-Bafs,겉절이 어렵지 않아요! 만능양념장과 함께라면 봄나물 완전정복~,10,참나물은 길이 4cm 정도로 잘라 깊은 볼에 담아 준비한다.
UlsvKb-Bafs,겉절이 어렵지 않아요! 만능양념장과 함께라면 봄나물 완전정복~,11,*이 외에 원하는 채소로 대체하여도 맛이 좋다.
UlsvKb-Bafs,겉절이 어렵지 않아요! 만능양념장과 함께라면 봄나물 완전정복~,12,각 재료에 만능겉절이양념을 기호에 맞게 넣은 후 골고루 버무린다.
UlsvKb-Bafs,겉절이 어렵지 않아요! 만능양념장과 함께라면 봄나물 완전정복~,13,참기름을 넣고 버무려 완성한다.
VNw-hUTboNs,'옥수수' 밖에서 사먹는 것처럼 삶는 방법!,1,옥수수는 껍질을 마지막 겹만 남기고 벗겨낸 후 수염을 제거한다.
VNw-hUTboNs,'옥수수' 밖에서 사먹는 것처럼 삶는 방법!,2,손질한 옥수수는 깨끗하게 세척한다.
VNw-hUTboNs,'옥수수' 밖에서 사먹는 것처럼 삶는 방법!,3,"냄비에 옥수수가 잠길 정도의 물을 채워주고, 옥수수를 넣는다."
VNw-hUTboNs,'옥수수' 밖에서 사먹는 것처럼 삶는 방법!,4,"꽃소금, 황설탕, 뉴슈가를 넣고 옥수수를 강 불에 삶아준다."
VNw-hUTboNs,'옥수수' 밖에서 사먹는 것처럼 삶는 방법!,5,물이 끓기 시작하면 중 불로 줄인 후 냄비 뚜껑을 덮고 약 30~40분 정도 삶아 완성한다.
VTnPfw9h-3k,배달시켜 먹고 남은 탕수육 더 맛있게 먹는 법?!,1,양파는 두께 0.3cm로 채 썰어 냄비에 담는다.
VTnPfw9h-3k,배달시켜 먹고 남은 탕수육 더 맛있게 먹는 법?!,2,양파 위에 탕수육을 담고 다시마를 넣는다.
VTnPfw9h-3k,배달시켜 먹고 남은 탕수육 더 맛있게 먹는 법?!,3,대파는 두께 0.5cm로 어슷 썰어 준비한다.
VTnPfw9h-3k,배달시켜 먹고 남은 탕수육 더 맛있게 먹는 법?!,4,달걀은 가볍게 풀어 준비한다.
VTnPfw9h-3k,배달시켜 먹고 남은 탕수육 더 맛있게 먹는 법?!,5,"볼에 물, 간 생강, 황설탕, 진간장, 맛술을 넣어 숟가락으로 골고루 섞어 육수를 만든다."
VTnPfw9h-3k,배달시켜 먹고 남은 탕수육 더 맛있게 먹는 법?!,6,Tip: 물의 양은 탕수육의 상태에 따라 늘이거나 줄인다.
VTnPfw9h-3k,배달시켜 먹고 남은 탕수육 더 맛있게 먹는 법?!,7,냄비에 육수를 붓고 중 불을 켜 끓인다.
VTnPfw9h-3k,배달시켜 먹고 남은 탕수육 더 맛있게 먹는 법?!,8,Tip: 탕수육이 수분을 충분히 머금고 말랑말랑해질 때 까지 끓인다.
VTnPfw9h-3k,배달시켜 먹고 남은 탕수육 더 맛있게 먹는 법?!,9,신 김치는 가위를 이용하여 먹기 좋게 자른 후 육수가 끓어오르면 냄비에 넣는다.
VTnPfw9h-3k,배달시켜 먹고 남은 탕수육 더 맛있게 먹는 법?!,10,준비한 대파의 2/3양을 먼저 넣고 그 위에 달걀물을 둘러넣는다.
VTnPfw9h-3k,배달시켜 먹고 남은 탕수육 더 맛있게 먹는 법?!,11,남은 대파를 고명으로 올린다.
VTnPfw9h-3k,배달시켜 먹고 남은 탕수육 더 맛있게 먹는 법?!,12,달걀이 덜 익은 상태에 불을 끄고 완성한다.
VTnPfw9h-3k,배달시켜 먹고 남은 탕수육 더 맛있게 먹는 법?!,13,Tip: 달걀이 90% 정도 익었을 때 불을 끄고 완성한다.
VaL3QgKLRxc,여러분 저 믿죠? 꽁치통조림볶음밥,1,오늘은 꽁치통조림으로 볶음밥을 만들어봤습니다
VaL3QgKLRxc,여러분 저 믿죠? 꽁치통조림볶음밥,2,여러분 이번엔 전적으로 저를 믿으셔야 합니다!!
WFa47RUcZYM,초간단 '고추기름' 만들기!,1,오늘은 많은 분들이 궁금해하신 '고추기름 만드는 법'을 가져왔습니다.
WFa47RUcZYM,초간단 '고추기름' 만들기!,2,"만들기도 쉽고 라면, 볶음, 찌개 등 다양하게 활용도 가능하니 한번 만들어보세요~"
WFa47RUcZYM,초간단 '고추기름' 만들기!,4,사소한 것도 좋습니다.
WGqcdDem0Vg,짜파구리 만들 때 물 절대 버리지 마세요!,1,프라이팬에 식용유를 두르고 강 불에 올려 예열한다.
WGqcdDem0Vg,짜파구리 만들 때 물 절대 버리지 마세요!,2,*고기가 달라 붙을 수 있으니 코팅이 된 냄비나 프라이팬을 사용하는게 좋다.
WGqcdDem0Vg,짜파구리 만들 때 물 절대 버리지 마세요!,3,프라이팬이 달궈지면 소고기를 올려 앞뒤로 노릇하게 굽는다.
WGqcdDem0Vg,짜파구리 만들 때 물 절대 버리지 마세요!,4,*고기를 노릇하게 구워야 더욱 고소하다.
WGqcdDem0Vg,짜파구리 만들 때 물 절대 버리지 마세요!,5,"정수물, 다시마, 건더기 스프, 너구리 분말 스프를 넣고 강 불에 끓인다."
WGqcdDem0Vg,짜파구리 만들 때 물 절대 버리지 마세요!,7,물이 끓어 오르면 면을 넣고 잘 풀어가며 익힌다.
WGqcdDem0Vg,짜파구리 만들 때 물 절대 버리지 마세요!,8,면이 완전히 풀어지면 짜파게티 분말 스프를 넣고 스프가 뭉치지 않도록 잘 섞어가며 졸인다.
WGqcdDem0Vg,짜파구리 만들 때 물 절대 버리지 마세요!,9,국물이 자작하게 졸아들면 올리브오일을 넣고 섞은 후 접시에 담아 완성한다.
WT9tCViPddU,"돼지갈비찜, 넣고 끓이기만 하면 됩니다",1,돼지갈비는 찬물에 2~3번 헹궈 물기를 제거한다.
WT9tCViPddU,"돼지갈비찜, 넣고 끓이기만 하면 됩니다",2,* 냉동갈비일 경우 찬물에 담가 최소 1시간 이상 핏물 제거 후 사용해야 냄새가 안난다.
WT9tCViPddU,"돼지갈비찜, 넣고 끓이기만 하면 됩니다",3,"무는 두께 1cm 은행잎 모양으로 썰고, 당근은 두께 1cm 반달 모양으로 썰어 준비한다."
WT9tCViPddU,"돼지갈비찜, 넣고 끓이기만 하면 됩니다",4,양파는 사방 2.5~3cm 길이로 사각썰기하여 준비한다.
WT9tCViPddU,"돼지갈비찜, 넣고 끓이기만 하면 됩니다",5,"대파 1/2대는 0.3cm 두께로 송송 썰어 준비하고, 나머지 1/2대는 길이 4cm 통으로 썰어 준비한다."
WT9tCViPddU,"돼지갈비찜, 넣고 끓이기만 하면 됩니다",6,청양고추는 길이 1.5cm 통으로 썰어 준비한다.
WT9tCViPddU,"돼지갈비찜, 넣고 끓이기만 하면 됩니다",7,* 갈비찜에 매콤한 맛을 원한다면 청양고추의 절반은 0.3cm 두께로 송송 썰어 끓일때 넣어도 좋다.
WT9tCViPddU,"돼지갈비찜, 넣고 끓이기만 하면 됩니다",8,깊은 프라이팬 또는 냄비에 물 1.3L를 넣고 끓어오르면 갈비를 넣고 약 5분 데친다.
WT9tCViPddU,"돼지갈비찜, 넣고 끓이기만 하면 됩니다",9,* 갈비가 클 경우 가위를 이용해 먹기 좋은 크기로 잘라준다.
WT9tCViPddU,"돼지갈비찜, 넣고 끓이기만 하면 됩니다",10,* 돼지갈비가 클 경우 데치기 전 또는 후에 칼집을 넣어줘도 된다.
WT9tCViPddU,"돼지갈비찜, 넣고 끓이기만 하면 됩니다",11,갈비가 데쳐지면 채반에 밭쳐 물기를 제거하고 찬물로 헹궈 뼛가루와 굳은 핏덩이를 씻어낸다.
WT9tCViPddU,"돼지갈비찜, 넣고 끓이기만 하면 됩니다",12,"깊은 프라이팬 또는 냄비에 데친갈비, 물1.3L, 진간장, 황설탕, 맛술, 간마늘, 간생강, 캬라멜, 후추가루,참기름, 양파, 송송 썬 대파를 넣고 강 불에 올려 약 25분 끓인다."
WT9tCViPddU,"돼지갈비찜, 넣고 끓이기만 하면 됩니다",13,* 맛술은 미림 또는 미향을 사용한다.
WT9tCViPddU,"돼지갈비찜, 넣고 끓이기만 하면 됩니다",14,* 간마늘의 양은 기호에 맞게 조절한다.
WT9tCViPddU,"돼지갈비찜, 넣고 끓이기만 하면 됩니다",15,"무, 당근을 넣고 약 10분 더 끓인 후 통으로 썰어둔 청양고추, 대파를 넣고 약5분 끓여 완성한다."
WT9tCViPddU,"돼지갈비찜, 넣고 끓이기만 하면 됩니다",16,* 채소의 무름 정도에 따라 끓이는 시간을 조절한다.
WneiVYnZgHo,"부먹, 찍먹 다 맛있는 탕수육! 바삭 바삭~ ㅣ 백종원의 쿠킹로그",1,*마늘돼지고기튀김
WneiVYnZgHo,"부먹, 찍먹 다 맛있는 탕수육! 바삭 바삭~ ㅣ 백종원의 쿠킹로그",2,돈등심은 두께 1cm 정도 스틱 모양으로 썰어 준비한다.
WneiVYnZgHo,"부먹, 찍먹 다 맛있는 탕수육! 바삭 바삭~ ㅣ 백종원의 쿠킹로그",3,마늘은 꼭지를 제거하고 굵게 다져 준비한다.
WneiVYnZgHo,"부먹, 찍먹 다 맛있는 탕수육! 바삭 바삭~ ㅣ 백종원의 쿠킹로그",4,"돈등심에 다진마늘, 맛소금, 진간장, 후춧가루를 넣어 밑간한다."
WneiVYnZgHo,"부먹, 찍먹 다 맛있는 탕수육! 바삭 바삭~ ㅣ 백종원의 쿠킹로그",5,"양념이 골고루 배이면 튀김가루, 물, 식용유를 넣어 반죽한다."
WneiVYnZgHo,"부먹, 찍먹 다 맛있는 탕수육! 바삭 바삭~ ㅣ 백종원의 쿠킹로그",6,튀김용으로 사용할 기름을 예열한다.
WneiVYnZgHo,"부먹, 찍먹 다 맛있는 탕수육! 바삭 바삭~ ㅣ 백종원의 쿠킹로그",7,기름이 예열되면 반죽해둔 고기를 하나씩 뜯어 넣어준다.
WneiVYnZgHo,"부먹, 찍먹 다 맛있는 탕수육! 바삭 바삭~ ㅣ 백종원의 쿠킹로그",8,탕수육은 3~5분 정도 노릇하게 1차튀김 해준다.
WneiVYnZgHo,"부먹, 찍먹 다 맛있는 탕수육! 바삭 바삭~ ㅣ 백종원의 쿠킹로그",9,튀겨진 탕수육을 건져내어 기름을 빼준다.
WneiVYnZgHo,"부먹, 찍먹 다 맛있는 탕수육! 바삭 바삭~ ㅣ 백종원의 쿠킹로그",10,기름의 온도를 올려 기름을 뺀 고기를 넣고 30초~1분 정도 더 튀겨 완성한다.
WneiVYnZgHo,"부먹, 찍먹 다 맛있는 탕수육! 바삭 바삭~ ㅣ 백종원의 쿠킹로그",11,*탕수육소스
WneiVYnZgHo,"부먹, 찍먹 다 맛있는 탕수육! 바삭 바삭~ ㅣ 백종원의 쿠킹로그",12,"오이, 양파, 당근은 먹기 좋은 크기로 얇게 썰어 준비한다."
WneiVYnZgHo,"부먹, 찍먹 다 맛있는 탕수육! 바삭 바삭~ ㅣ 백종원의 쿠킹로그",13,"프라이팬에 썰어 둔 채소, 황설탕, 식초, 진간장, 물을 넣고 끓인다."
WneiVYnZgHo,"부먹, 찍먹 다 맛있는 탕수육! 바삭 바삭~ ㅣ 백종원의 쿠킹로그",14,기호에 맞게 간생강을 추가하여 끓여준다.
WneiVYnZgHo,"부먹, 찍먹 다 맛있는 탕수육! 바삭 바삭~ ㅣ 백종원의 쿠킹로그",15,전분가루와 물을 섞어 전분물을 만든다.
WneiVYnZgHo,"부먹, 찍먹 다 맛있는 탕수육! 바삭 바삭~ ㅣ 백종원의 쿠킹로그",16,소스가 끓으면 전분물을 넣어 농도를 맞춰 완성한다.
WneiVYnZgHo,"부먹, 찍먹 다 맛있는 탕수육! 바삭 바삭~ ㅣ 백종원의 쿠킹로그",23,Preheat the oil for deep-frying다.
X8VEvBHHOjQ,살찌는 조합 = 그 정도로 맛있다는 거죠! 몬테크리스토 샌드위치,1,식빵 1장에 딸기잼 약 2/3큰술을 얇게 펼쳐 바른다.
X8VEvBHHOjQ,살찌는 조합 = 그 정도로 맛있다는 거죠! 몬테크리스토 샌드위치,2,그 위에 슬라이스햄 2장을 식빵 사이즈에 맞춰 잘라 올린다.
X8VEvBHHOjQ,살찌는 조합 = 그 정도로 맛있다는 거죠! 몬테크리스토 샌드위치,3,슬라이스치즈 2장을 식빵 사이즈에 맞춰 잘라 올린다.
X8VEvBHHOjQ,살찌는 조합 = 그 정도로 맛있다는 거죠! 몬테크리스토 샌드위치,4,다른 식빵 한 장에 딸기잼 약 2/3큰술을 얇게 펴 발라 치즈 위에 덮는다.
X8VEvBHHOjQ,살찌는 조합 = 그 정도로 맛있다는 거죠! 몬테크리스토 샌드위치,5,식빵 윗면에도 딸기잼 약 2/3큰술을 펼쳐 바른다.
X8VEvBHHOjQ,살찌는 조합 = 그 정도로 맛있다는 거죠! 몬테크리스토 샌드위치,6,"한번 더 슬라이스햄, 슬라이스치즈 순으로 식빵 사이즈에 맞춰 잘라 올린다."
X8VEvBHHOjQ,살찌는 조합 = 그 정도로 맛있다는 거죠! 몬테크리스토 샌드위치,7,마지막 식빵 1장에 딸기잼 약 2/3큰술을 얇게 펼쳐 바른 후 덮는다.
X8VEvBHHOjQ,살찌는 조합 = 그 정도로 맛있다는 거죠! 몬테크리스토 샌드위치,8,* 손바닥으로 샌드위치를 전체적으로 살짝 눌러 잘 붙도록 한다.
X8VEvBHHOjQ,살찌는 조합 = 그 정도로 맛있다는 거죠! 몬테크리스토 샌드위치,9,"깊은 볼에 달걀, 우유, 맛소금을 넣고 골고루 풀어 준비한다."
X8VEvBHHOjQ,살찌는 조합 = 그 정도로 맛있다는 거죠! 몬테크리스토 샌드위치,10,프라이팬에 식용유를 두르고 중 불에 예열한다.
X8VEvBHHOjQ,살찌는 조합 = 그 정도로 맛있다는 거죠! 몬테크리스토 샌드위치,11,"샌드위치를 달걀물에 넣고 앞, 뒤 , 옆면을 돌려가며 골고루 묻힌다."
X8VEvBHHOjQ,살찌는 조합 = 그 정도로 맛있다는 거죠! 몬테크리스토 샌드위치,12,예열된 프라이팬에 샌드위치를 올리고 중약불로 줄인 후 뒤집개로 눌러가며 앞뒷면을 굽는다.
X8VEvBHHOjQ,살찌는 조합 = 그 정도로 맛있다는 거죠! 몬테크리스토 샌드위치,13,샌드위치 앞뒷면이 골고루 색이 나고 두께가 2/3정도로 가라앉으면 약불로 줄인 후 옆면을 돌려가며 굽는다.
X8VEvBHHOjQ,살찌는 조합 = 그 정도로 맛있다는 거죠! 몬테크리스토 샌드위치,14,치즈가 완전히 녹으면 불을 끄고 샌드위치를 도마로 옮겨 먹기 좋은 크기로 자른다.
X8VEvBHHOjQ,살찌는 조합 = 그 정도로 맛있다는 거죠! 몬테크리스토 샌드위치,15,접시에 옮겨 담아 완성한다.
XKohdaL45K8,[ENG] '깍두기 볶음밥' 등심집에서 볶아주는 그 맛!,1,깍두기는 잘게 다지고 대파는 송송 썰어 준비한다.
XKohdaL45K8,[ENG] '깍두기 볶음밥' 등심집에서 볶아주는 그 맛!,2,"프라이팬에 식용유, 고기, 대파를 넣어 볶아준다."
XKohdaL45K8,[ENG] '깍두기 볶음밥' 등심집에서 볶아주는 그 맛!,3,"대파와 고기가 노릇해지면 깍두기, 김치국물, 고추장, 설탕, 물, 진간장을 넣어 졸여준다."
XKohdaL45K8,[ENG] '깍두기 볶음밥' 등심집에서 볶아주는 그 맛!,4,수분이 날아가면 밥을 넣고 국자를 이용하여 섞어준다.
XKohdaL45K8,[ENG] '깍두기 볶음밥' 등심집에서 볶아주는 그 맛!,5,밥과 양념장이 골고루 섞이면 센 불에 올려 볶아준다.
XKohdaL45K8,[ENG] '깍두기 볶음밥' 등심집에서 볶아주는 그 맛!,6,기호에 맞게 미원을 넣어준다.
XKohdaL45K8,[ENG] '깍두기 볶음밥' 등심집에서 볶아주는 그 맛!,7,달걀은 튀기듯이 프라이하여 준비한다.
XKohdaL45K8,[ENG] '깍두기 볶음밥' 등심집에서 볶아주는 그 맛!,8,완성그릇에 볶음밥을 담고 달걀을 얹는다.
XKohdaL45K8,[ENG] '깍두기 볶음밥' 등심집에서 볶아주는 그 맛!,9,깨소금을 뿌려 마무리한다.
XU5Jv4e7DKw,"""혼자 먹기 너무 아까워요.."" 태국식 시금치 고기 덮밥 만들기!",1,"마늘, 청양고추, 홍고추는 잘게 다져준다."
XU5Jv4e7DKw,"""혼자 먹기 너무 아까워요.."" 태국식 시금치 고기 덮밥 만들기!",2,시금치는 세척 후 뿌리 쪽은 잘게 자르고 이파리 부분은 먹기 좋은 크기로 준비한다.
XU5Jv4e7DKw,"""혼자 먹기 너무 아까워요.."" 태국식 시금치 고기 덮밥 만들기!",3,"팬에 기름을 두르고 마늘, 청양고추, 홍고추를 넣어 볶는다."
XU5Jv4e7DKw,"""혼자 먹기 너무 아까워요.."" 태국식 시금치 고기 덮밥 만들기!",4,다진 돼지고기를 넣어 뭉치지 않게 풀어주며 볶는다.
XU5Jv4e7DKw,"""혼자 먹기 너무 아까워요.."" 태국식 시금치 고기 덮밥 만들기!",5,"돼지고기가 익으면 설탕, 간장을 넣어 눌어주듯 볶는다."
XU5Jv4e7DKw,"""혼자 먹기 너무 아까워요.."" 태국식 시금치 고기 덮밥 만들기!",6,"굴 소스, 노두유, 멸치 액젓을 넣어 섞는다."
XU5Jv4e7DKw,"""혼자 먹기 너무 아까워요.."" 태국식 시금치 고기 덮밥 만들기!",7,양념장이 골고루 섞이면 시금치를 넣고 숨이 살짝 죽을 정도까지 볶아준다.
XU5Jv4e7DKw,"""혼자 먹기 너무 아까워요.."" 태국식 시금치 고기 덮밥 만들기!",8,(소스가 필요하면 물을 넣어 볶아준다.)
XU5Jv4e7DKw,"""혼자 먹기 너무 아까워요.."" 태국식 시금치 고기 덮밥 만들기!",9,프라이팬에 기름을 자작하게 두르고 달걀 프라이를 한다.
XU5Jv4e7DKw,"""혼자 먹기 너무 아까워요.."" 태국식 시금치 고기 덮밥 만들기!",10,완성 그릇에 밥을 담고 시금치 볶음을 올려준다.
XU5Jv4e7DKw,"""혼자 먹기 너무 아까워요.."" 태국식 시금치 고기 덮밥 만들기!",11,달걀 프라이를 곁들여 마무리한다.
XV-78G9WngQ,똠양꿍맛 나는 초고추장찌개,1,오늘은 일반 고추장이 아닌 초고추장을 넣은 '초고추장찌개'입니다
XV-78G9WngQ,똠양꿍맛 나는 초고추장찌개,2,약간 똠양꿍맛이 나서 동남아 음식 좋아하시는 분한테는 강추에요
XV-78G9WngQ,똠양꿍맛 나는 초고추장찌개,3,근데 초고추장은..
XV-78G9WngQ,똠양꿍맛 나는 초고추장찌개,4,굳이 안넣어도 될 것 같긴 하네요^^
Xhv99PA2OEI,초초초초초초초초간단 알새우칩 카나페 (맥주 안주),1,새우칩을 그릇에 올려둔다.
Xhv99PA2OEI,초초초초초초초초간단 알새우칩 카나페 (맥주 안주),2,샐러드를 잘 섞어 새우칩 위에 올려준다.
Xhv99PA2OEI,초초초초초초초초간단 알새우칩 카나페 (맥주 안주),3,파슬리가루를 뿌려 완성한다.
XtFqi5J2KqI,도전! 새우젓 파스타. 듣도 보도 못한 맛이 나와요,1,*새우젓 페스토
XtFqi5J2KqI,도전! 새우젓 파스타. 듣도 보도 못한 맛이 나와요,2,팬에 식용유를 넣고 달궈지면 건새우를 중 약불에 타지 않게 튀기듯이 볶는다.
XtFqi5J2KqI,도전! 새우젓 파스타. 듣도 보도 못한 맛이 나와요,4,믹서기에 볶은 새우젓을 넣고 곱게 갈아 준비한다.
XtFqi5J2KqI,도전! 새우젓 파스타. 듣도 보도 못한 맛이 나와요,5,*새우젓 파스타
XtFqi5J2KqI,도전! 새우젓 파스타. 듣도 보도 못한 맛이 나와요,6,냄비에 물을 넣고 강 불에 올려 스파게티 면 삶을 물을 준비한다.
XtFqi5J2KqI,도전! 새우젓 파스타. 듣도 보도 못한 맛이 나와요,7,물이 끓으면 스파게티 면을 약 6분 간 삶는다.
XtFqi5J2KqI,도전! 새우젓 파스타. 듣도 보도 못한 맛이 나와요,8,통마늘은 두께 0.3cm로 얇게 편 썰어 준비한다.
XtFqi5J2KqI,도전! 새우젓 파스타. 듣도 보도 못한 맛이 나와요,9,"프라이팬에 올리브오일, 편마늘을 넣고 페퍼론치노를 반으로 부셔 넣어 강 불에 볶는다."
XtFqi5J2KqI,도전! 새우젓 파스타. 듣도 보도 못한 맛이 나와요,11,*면수의 양은 면 상태에 따라 조절한다.
XtFqi5J2KqI,도전! 새우젓 파스타. 듣도 보도 못한 맛이 나와요,12,간을 본 후 접시에 옮겨 담아 완성 한다.
YEG1UYY_1E4,오징어 불고기! 그냥 삼겹살만 구워먹기 아쉬울 때 꼭 해보세요~ 🦑,1,*오징어 손질
YEG1UYY_1E4,오징어 불고기! 그냥 삼겹살만 구워먹기 아쉬울 때 꼭 해보세요~ 🦑,2,오징어 다리는 손으로 쓸어내려 빨판을 제거하고 다리와 몸통 연결 부분은 세로로 칼집을 넣어 펼친 후 먹기 좋은 크기로 2번 정도 자른다.
YEG1UYY_1E4,오징어 불고기! 그냥 삼겹살만 구워먹기 아쉬울 때 꼭 해보세요~ 🦑,3,짧은 다리는 1개씩 잘라 그대로 사용하고 긴 다리는 반으로 잘라 준비한다.
YEG1UYY_1E4,오징어 불고기! 그냥 삼겹살만 구워먹기 아쉬울 때 꼭 해보세요~ 🦑,4,오징어 몸통은 세로로 길게 반 가른 후 두께 약 1.5cm 정도로 자른다.
YEG1UYY_1E4,오징어 불고기! 그냥 삼겹살만 구워먹기 아쉬울 때 꼭 해보세요~ 🦑,5,*오징어 몸통의 껍질을 벗길 경우 키친타올로 껍질을 잡아당기면 쉽게 제거할 수 있다.
YEG1UYY_1E4,오징어 불고기! 그냥 삼겹살만 구워먹기 아쉬울 때 꼭 해보세요~ 🦑,6,오징어 지느러미는 몸통과 분리한 후 두께 1.5cm 정도로 자른다.
YEG1UYY_1E4,오징어 불고기! 그냥 삼겹살만 구워먹기 아쉬울 때 꼭 해보세요~ 🦑,7,*오삼불고기
YEG1UYY_1E4,오징어 불고기! 그냥 삼겹살만 구워먹기 아쉬울 때 꼭 해보세요~ 🦑,8,깊은 볼에 손질한 오징어를 넣은 후 황설탕을 넣고 골고루 섞는다.
YEG1UYY_1E4,오징어 불고기! 그냥 삼겹살만 구워먹기 아쉬울 때 꼭 해보세요~ 🦑,9,"양파는 두께 0.3cm로 채 썰고, 대파, 청양고추는 두께 0.3cm로 어슷 썰어 준비한다."
YEG1UYY_1E4,오징어 불고기! 그냥 삼겹살만 구워먹기 아쉬울 때 꼭 해보세요~ 🦑,10,통마늘은 꼭지를 제거한 후 1/2크기로 잘라 준비한다.
YEG1UYY_1E4,오징어 불고기! 그냥 삼겹살만 구워먹기 아쉬울 때 꼭 해보세요~ 🦑,11,"오징어에 버무려 둔 설탕이 녹으면 굵은 고춧가루, 간 마늘, 맛술, 진간장, 고추장을 넣고 조물조물 섞는다."
YEG1UYY_1E4,오징어 불고기! 그냥 삼겹살만 구워먹기 아쉬울 때 꼭 해보세요~ 🦑,13,"참기름, 통깨를 넣고 버무려 접시에 담아 준비한다."
YEG1UYY_1E4,오징어 불고기! 그냥 삼겹살만 구워먹기 아쉬울 때 꼭 해보세요~ 🦑,14,삼겹살을 4cm 정도 길이로 잘라 준비한다.
YEG1UYY_1E4,오징어 불고기! 그냥 삼겹살만 구워먹기 아쉬울 때 꼭 해보세요~ 🦑,15,넓고 얕은 프라이팬이나 냄비 가장자리에 삼겹살을 펼쳐 올린 후 중 불에 굽는다.
YEG1UYY_1E4,오징어 불고기! 그냥 삼겹살만 구워먹기 아쉬울 때 꼭 해보세요~ 🦑,16,*프라이팬을 사용할 경우 강불에 구워도 좋다.
YEG1UYY_1E4,오징어 불고기! 그냥 삼겹살만 구워먹기 아쉬울 때 꼭 해보세요~ 🦑,17,*삼겹살을 가운데에서 구운 후 기름이 충분히 나오고 삼겹살이 알맞게 익으면 가장자리로 옮겨도 좋다.
YEG1UYY_1E4,오징어 불고기! 그냥 삼겹살만 구워먹기 아쉬울 때 꼭 해보세요~ 🦑,18,삼겹살 기름이 충분히 나오고 삼겹살이 노릇노릇하게 구워지면 양념해둔 오징어를 가운데에 올린다.
YEG1UYY_1E4,오징어 불고기! 그냥 삼겹살만 구워먹기 아쉬울 때 꼭 해보세요~ 🦑,19,노릇노릇하게 익은 삼겹살들은 양념한 오징어 위로 올리고 전체적으로 골고루 섞어가며 볶는다.
YLd78Yqoy9I,다음 날 먹으면 더 맛있어요! 오래 끓일수록 게🦀 맛있는 꽃게 해장국,1,*꽃게 손질 법
YLd78Yqoy9I,다음 날 먹으면 더 맛있어요! 오래 끓일수록 게🦀 맛있는 꽃게 해장국,2,꽃게의 배딱지를 떼어낸다.
YLd78Yqoy9I,다음 날 먹으면 더 맛있어요! 오래 끓일수록 게🦀 맛있는 꽃게 해장국,3,"게딱지와 몸통을 분리한 후 모래주머니, 입 등 지저분한 부위를 제거한다."
YLd78Yqoy9I,다음 날 먹으면 더 맛있어요! 오래 끓일수록 게🦀 맛있는 꽃게 해장국,4,*이 때 내장이 떨어지지 않게 주의한다.
YLd78Yqoy9I,다음 날 먹으면 더 맛있어요! 오래 끓일수록 게🦀 맛있는 꽃게 해장국,5,몸통에 붙어있는 아가미를 제거한 후 흐르는 물에 깨끗하게 세척한다.
YLd78Yqoy9I,다음 날 먹으면 더 맛있어요! 오래 끓일수록 게🦀 맛있는 꽃게 해장국,6,몸통을 십자가 모양으로 4등분으로 잘라 준비한다.
YLd78Yqoy9I,다음 날 먹으면 더 맛있어요! 오래 끓일수록 게🦀 맛있는 꽃게 해장국,7,*꽃게해장국
YLd78Yqoy9I,다음 날 먹으면 더 맛있어요! 오래 끓일수록 게🦀 맛있는 꽃게 해장국,8,"무는 사방2.5cm, 두께0.5cm로 나박썰기 하여 준비한다."
YLd78Yqoy9I,다음 날 먹으면 더 맛있어요! 오래 끓일수록 게🦀 맛있는 꽃게 해장국,9,양파는 두께 1cm로 굵게 채 썬다.
YLd78Yqoy9I,다음 날 먹으면 더 맛있어요! 오래 끓일수록 게🦀 맛있는 꽃게 해장국,10,애호박은 길게 반으로 가른 후 두께0.5cm로 편 썬다.
YLd78Yqoy9I,다음 날 먹으면 더 맛있어요! 오래 끓일수록 게🦀 맛있는 꽃게 해장국,11,"대파는 길게 반 갈라 길이4cm로 썰고, 청양고추는 두께0.5cm로 어슷썰기 한다."
YLd78Yqoy9I,다음 날 먹으면 더 맛있어요! 오래 끓일수록 게🦀 맛있는 꽃게 해장국,12,"깊은 냄비에 무, 양파, 정수물, 재래식된장을 넣고 강 불에 올린다."
YLd78Yqoy9I,다음 날 먹으면 더 맛있어요! 오래 끓일수록 게🦀 맛있는 꽃게 해장국,13,*된장 양을 줄이고 국간장 또는 소금으로 간을 해도 좋다.
YLd78Yqoy9I,다음 날 먹으면 더 맛있어요! 오래 끓일수록 게🦀 맛있는 꽃게 해장국,14,*쌀뜨물이 있다면 정수물 대신 사용하는 것도 좋다.
YLd78Yqoy9I,다음 날 먹으면 더 맛있어요! 오래 끓일수록 게🦀 맛있는 꽃게 해장국,15,"끓어오르면 간을 본 후, 굵은고추가루, 간마늘을 넣고 중 강불로 줄인 후 약10분 끓인다."
YLd78Yqoy9I,다음 날 먹으면 더 맛있어요! 오래 끓일수록 게🦀 맛있는 꽃게 해장국,16,*간을 본 후 기호에 맞게 된장의 양을 추가한다.
YLd78Yqoy9I,다음 날 먹으면 더 맛있어요! 오래 끓일수록 게🦀 맛있는 꽃게 해장국,17,*이 때 간의 세기는 된장국과 된장찌개 사이 정도가 알맞다.
YLd78Yqoy9I,다음 날 먹으면 더 맛있어요! 오래 끓일수록 게🦀 맛있는 꽃게 해장국,18,"*MSG는 넣고 싶은 분들만 넣으시고, 약1/5큰술 정도 사용하면 좋다."
YLd78Yqoy9I,다음 날 먹으면 더 맛있어요! 오래 끓일수록 게🦀 맛있는 꽃게 해장국,19,국물에 채소 맛이 우러나면 손질 해 둔 꽃게와 게딱지를 넣고 끓인다.
YLd78Yqoy9I,다음 날 먹으면 더 맛있어요! 오래 끓일수록 게🦀 맛있는 꽃게 해장국,20,"꽃게가 붉게 변하면 애호박, 대파, 청양고추를 넣고 호박이 익을 때 까지 약5분 끓인다."
YLd78Yqoy9I,다음 날 먹으면 더 맛있어요! 오래 끓일수록 게🦀 맛있는 꽃게 해장국,21,그릇에 꽃게해장국을 담아 완성한다.
YXMxnHx7yZQ,폭신~폭신한 에그 샌드위치 Soft and fluffy egg sandwich,1,"볼에 마요네즈, 황설탕을 넣고 설탕이 녹을 때까지 저어 마요 소스를 만든다."
YXMxnHx7yZQ,폭신~폭신한 에그 샌드위치 Soft and fluffy egg sandwich,2,"볼에 마요네즈, 황설탕, 고운 고춧가루, 식초를 넣고 설탕이 녹을 때까지 저어 쓰리라차 마요 소스를 만든다."
YXMxnHx7yZQ,폭신~폭신한 에그 샌드위치 Soft and fluffy egg sandwich,3,프라이팬에 버터를 두르고 중 불에서 식빵의 한 면을 굽는다.
YXMxnHx7yZQ,폭신~폭신한 에그 샌드위치 Soft and fluffy egg sandwich,4,베이컨은 노릇하게 굽는다.
YXMxnHx7yZQ,폭신~폭신한 에그 샌드위치 Soft and fluffy egg sandwich,5,볼에 달걀을 깨트려 넣고 젓가락으로 풀어둔다.
YXMxnHx7yZQ,폭신~폭신한 에그 샌드위치 Soft and fluffy egg sandwich,6,프라이팬에 버터를 두르고 달걀을 넣는다.
YXMxnHx7yZQ,폭신~폭신한 에그 샌드위치 Soft and fluffy egg sandwich,7,달걀이 익기 시작하면 저어가며 중불에서 천천히 익힌다.
YXMxnHx7yZQ,폭신~폭신한 에그 샌드위치 Soft and fluffy egg sandwich,8,달걀이 반 정도 익으면 약 불로 줄인 후 주걱을 이용하여 식빵 크기로 모양을 잡아준다.
YXMxnHx7yZQ,폭신~폭신한 에그 샌드위치 Soft and fluffy egg sandwich,9,달걀의 가운데 부분에 달걀물이 약간 남아있을 정도에 불을 꺼준다.
YXMxnHx7yZQ,폭신~폭신한 에그 샌드위치 Soft and fluffy egg sandwich,10,달걀 위에 슬라이스 치즈를 얹어준다.
YXMxnHx7yZQ,폭신~폭신한 에그 샌드위치 Soft and fluffy egg sandwich,11,구운 면을 바닥으로 한 상태에서 식빵에 각각 마요 소스와 쓰리라차 마요 소스를 골고루 바른다.
YXMxnHx7yZQ,폭신~폭신한 에그 샌드위치 Soft and fluffy egg sandwich,12,소스 바른 빵 위에 치즈를 올린 달걀을 올리고 마요소스를 한 번 더 발라준다.
YXMxnHx7yZQ,폭신~폭신한 에그 샌드위치 Soft and fluffy egg sandwich,13,구운 베이컨을 올리고 다른 빵으로 덮어 완성한다.
Z5-6wbdbgA4,"김밥의 수많은 속재료가 부담된다면? '이것'만 준비하세요, 간단하게 김밥 맛집 흉내내기 가능!",1,*밥 밑간
Z5-6wbdbgA4,"김밥의 수많은 속재료가 부담된다면? '이것'만 준비하세요, 간단하게 김밥 맛집 흉내내기 가능!",2,"뜨거운 밥에 맛소금, 참기름을 넣고 주걱을 이용하여 밥알이 눌리지 않도록 골고루 섞는다."
Z5-6wbdbgA4,"김밥의 수많은 속재료가 부담된다면? '이것'만 준비하세요, 간단하게 김밥 맛집 흉내내기 가능!",3,*유부조림
Z5-6wbdbgA4,"김밥의 수많은 속재료가 부담된다면? '이것'만 준비하세요, 간단하게 김밥 맛집 흉내내기 가능!",4,"진간장, 물을 잘 섞어 준비한다."
Z5-6wbdbgA4,"김밥의 수많은 속재료가 부담된다면? '이것'만 준비하세요, 간단하게 김밥 맛집 흉내내기 가능!",5,"깊은 프라이팬에 유부채, 황설탕을 넣고 중불로 켠 후 식용유를 넣고 살짝 볶는다."
Z5-6wbdbgA4,"김밥의 수많은 속재료가 부담된다면? '이것'만 준비하세요, 간단하게 김밥 맛집 흉내내기 가능!",6,*사각유부를 사용 할 경우 두께 0.5cm로 채 썰어 사용한다.
Z5-6wbdbgA4,"김밥의 수많은 속재료가 부담된다면? '이것'만 준비하세요, 간단하게 김밥 맛집 흉내내기 가능!",7,섞어 둔 간장물을 넣고 유부를 잘 풀어가며 프라이팬에 수분이 다 날아가고 유부가 촉촉해질 때까지 볶아 완성한다.
Z5-6wbdbgA4,"김밥의 수많은 속재료가 부담된다면? '이것'만 준비하세요, 간단하게 김밥 맛집 흉내내기 가능!",8,*너무 오래 볶을 경우 유부가 마를 수 있으니 주의한다.
Z5-6wbdbgA4,"김밥의 수많은 속재료가 부담된다면? '이것'만 준비하세요, 간단하게 김밥 맛집 흉내내기 가능!",9,*유부김밥
Z5-6wbdbgA4,"김밥의 수많은 속재료가 부담된다면? '이것'만 준비하세요, 간단하게 김밥 맛집 흉내내기 가능!",10,김발 위에 김의 거친 면이 위로 올라오게 하여 도마에 올린 후 밑간한 밥 1줄 양을 김의 3/4정도까지 얇게 펼쳐 올린다.
Z5-6wbdbgA4,"김밥의 수많은 속재료가 부담된다면? '이것'만 준비하세요, 간단하게 김밥 맛집 흉내내기 가능!",11,*김의 끝 부분에 밥풀이나 물을 묻히면 말았을 때 풀리지 않는다.
Z5-6wbdbgA4,"김밥의 수많은 속재료가 부담된다면? '이것'만 준비하세요, 간단하게 김밥 맛집 흉내내기 가능!",12,*김밥 1줄당 밥의 양은 야구공 사이즈만큼 넣는다.
Z5-6wbdbgA4,"김밥의 수많은 속재료가 부담된다면? '이것'만 준비하세요, 간단하게 김밥 맛집 흉내내기 가능!",13,밥 위에 유부조림 1줄 양을 올린 후 단무지를 올린다.
Z5-6wbdbgA4,"김밥의 수많은 속재료가 부담된다면? '이것'만 준비하세요, 간단하게 김밥 맛집 흉내내기 가능!",14,*김밥용 단무지가 없다면 원형 단무지를 사용해도 좋다.
Z5-6wbdbgA4,"김밥의 수많은 속재료가 부담된다면? '이것'만 준비하세요, 간단하게 김밥 맛집 흉내내기 가능!",16,비닐장갑 낀 손에 참기름을 묻혀 김밥 위에 골고루 바른다.
Z5-6wbdbgA4,"김밥의 수많은 속재료가 부담된다면? '이것'만 준비하세요, 간단하게 김밥 맛집 흉내내기 가능!",17,*참기름 붓이 있다면 사용해도 좋다.
Z5-6wbdbgA4,"김밥의 수많은 속재료가 부담된다면? '이것'만 준비하세요, 간단하게 김밥 맛집 흉내내기 가능!",18,김밥을 약 1cm정도 두께로 먹기 좋게 잘라 완성한다.
Z5-6wbdbgA4,"김밥의 수많은 속재료가 부담된다면? '이것'만 준비하세요, 간단하게 김밥 맛집 흉내내기 가능!",19,*유부달걀김밥
Z5-6wbdbgA4,"김밥의 수많은 속재료가 부담된다면? '이것'만 준비하세요, 간단하게 김밥 맛집 흉내내기 가능!",20,"깊은 그릇에 달걀, 맛소금, 황설탕을 넣고 젓가락으로 잘 풀어 준비한다."
Z5-6wbdbgA4,"김밥의 수많은 속재료가 부담된다면? '이것'만 준비하세요, 간단하게 김밥 맛집 흉내내기 가능!",21,프라이팬에 식용유를 두른 후 강불에 예열한다.
Z5-6wbdbgA4,"김밥의 수많은 속재료가 부담된다면? '이것'만 준비하세요, 간단하게 김밥 맛집 흉내내기 가능!",22,풀어 둔 달걀을 넣고 젓가락으로 휘저어 스크램블을 만든다.
Z5-6wbdbgA4,"김밥의 수많은 속재료가 부담된다면? '이것'만 준비하세요, 간단하게 김밥 맛집 흉내내기 가능!",23,김발 위에 김의 거친 면이 위로 올라오게 하여 도마에 올린 후 밑간한 밥 1줄 양을 김의 3/4 정도까지 얇게 펼쳐 올린다.
Z5-6wbdbgA4,"김밥의 수많은 속재료가 부담된다면? '이것'만 준비하세요, 간단하게 김밥 맛집 흉내내기 가능!",24,"밥 위에 유부조림 1줄 양을 올린 후 단무지, 스크램블을 올린다."
ZE3X6f6E3Ss,쟁여두면 마음이 든든해지는 만능곱창무침으로 끓여본 곱창라면,1,*만능곱창무침
ZE3X6f6E3Ss,쟁여두면 마음이 든든해지는 만능곱창무침으로 끓여본 곱창라면,2,냄비에 물을 넣고 바글바글 끓으면 손질소곱창을 넣어 중불에 약 30분~1시간 삶는다.
ZE3X6f6E3Ss,쟁여두면 마음이 든든해지는 만능곱창무침으로 끓여본 곱창라면,3,* 물양은 냄비의 크기와 화력에 따라 조절한다.
ZE3X6f6E3Ss,쟁여두면 마음이 든든해지는 만능곱창무침으로 끓여본 곱창라면,4,* 삶는 시간은 곱창의 질김 정도에 따라 조절한다.
ZE3X6f6E3Ss,쟁여두면 마음이 든든해지는 만능곱창무침으로 끓여본 곱창라면,5,* 생곱창에 기름이 너무 많이 붙어있을 경우 가위를 이용하여 잘라낸다.
ZE3X6f6E3Ss,쟁여두면 마음이 든든해지는 만능곱창무침으로 끓여본 곱창라면,6,* 생곱창 내부에 있는 곱을 씻어내고 싶을 경우 흐르는 물에 대고 곱창을 쭉쭉 훑어낸다.
ZE3X6f6E3Ss,쟁여두면 마음이 든든해지는 만능곱창무침으로 끓여본 곱창라면,7,다 삶아진 소곱창은 찬물에 담가 식힌 후 물기를 제거하고 두께 2cm로 잘라 준비한다.
ZE3X6f6E3Ss,쟁여두면 마음이 든든해지는 만능곱창무침으로 끓여본 곱창라면,8,손질소깐양은 물에 깨끗하게 세척하여 물기를 제거하여 준비한다.
ZE3X6f6E3Ss,쟁여두면 마음이 든든해지는 만능곱창무침으로 끓여본 곱창라면,9,"깊은 그릇에 소깐양, 소곱창을 넣고 고추장, 된장, 황설탕, 국간장, 굵은 고춧가루, 간 마늘, 들깻가루, 후춧가루, 참기름을 넣어 골고루 무친다."
ZE3X6f6E3Ss,쟁여두면 마음이 든든해지는 만능곱창무침으로 끓여본 곱창라면,10,* 국간장 대신 진간장을 사용해도 좋다.
ZE3X6f6E3Ss,쟁여두면 마음이 든든해지는 만능곱창무침으로 끓여본 곱창라면,11,* 곱창무침은 바로 먹지 않을 경우 1컵씩 소분하여 봉지에 담아 냉동 보관한다.
ZE3X6f6E3Ss,쟁여두면 마음이 든든해지는 만능곱창무침으로 끓여본 곱창라면,12,*곱창라면
ZE3X6f6E3Ss,쟁여두면 마음이 든든해지는 만능곱창무침으로 끓여본 곱창라면,13,"냄비에 물, 건더기 수프, 분말 수프, 만능곱창무침을 넣고 강불에 끓인다."
ZE3X6f6E3Ss,쟁여두면 마음이 든든해지는 만능곱창무침으로 끓여본 곱창라면,15,"대파, 청양고추는 두께 0.3cm로 송송 썰어 준비한다."
ZE3X6f6E3Ss,쟁여두면 마음이 든든해지는 만능곱창무침으로 끓여본 곱창라면,16,물이 바글바글 끓어 오르면 면을 넣고 잘 풀어가며 끓인다.
ZE3X6f6E3Ss,쟁여두면 마음이 든든해지는 만능곱창무침으로 끓여본 곱창라면,17,"면이 한 가닥씩 풀어지고 약 1분 정도 지나면 대파, 청양고추를 넣고 섞은 후 불을 끈다."
ZE3X6f6E3Ss,쟁여두면 마음이 든든해지는 만능곱창무침으로 끓여본 곱창라면,18,라면을 그릇에 옮겨 담아 완성한다.
Zkxiydlmplw,장담하건대 내일 또 먹고 싶을 거예요,1,*오징어 손질 법
Zkxiydlmplw,장담하건대 내일 또 먹고 싶을 거예요,2,오징어 다리는 손톱으로 긁어 빨판을 제거한다.
Zkxiydlmplw,장담하건대 내일 또 먹고 싶을 거예요,3,오징어 몸통은 가위를 이용하여 배를 반 갈라준다.
Zkxiydlmplw,장담하건대 내일 또 먹고 싶을 거예요,4,* 오징어 껍질은 국 끓일 때 맛을 좋게하기 때문에 벗기지 않는 것을 추천한다.
Zkxiydlmplw,장담하건대 내일 또 먹고 싶을 거예요,5,* 오징어 껍질을 제거 할 경우 키친타올로 껍질을 잡고 당기면 쉽게 벗겨진다.
Zkxiydlmplw,장담하건대 내일 또 먹고 싶을 거예요,6,몸통과 다리를 분리한 후 몸통에 붙어있는 뼈와 다리에 붙어있는 내장을 제거한다.
Zkxiydlmplw,장담하건대 내일 또 먹고 싶을 거예요,7,가위를 이용하여 오징어 눈의 뒤쪽을 잘라 펼친다.
Zkxiydlmplw,장담하건대 내일 또 먹고 싶을 거예요,8,오징어 입은 구멍이 있는 쪽으로 눌러 이빨을 제거한다.
Zkxiydlmplw,장담하건대 내일 또 먹고 싶을 거예요,9,*오징어뭇국
Zkxiydlmplw,장담하건대 내일 또 먹고 싶을 거예요,10,"손질 한 오징어 몸통은 길게 반으로 가른 후 폭2cm로 자르고, 다리는 한 줄씩 잘라 준비한다."
Zkxiydlmplw,장담하건대 내일 또 먹고 싶을 거예요,11,* 오징어 껍질 쪽은 미끄러워 다칠 수 있으니 내장이 있던 쪽으로 뒤집어 칼질한다.
Zkxiydlmplw,장담하건대 내일 또 먹고 싶을 거예요,12,무는 사방 3cm 두께 0.7cm 로 나박썰기 하여 준비한다.
Zkxiydlmplw,장담하건대 내일 또 먹고 싶을 거예요,13,대파는 두께 0.3cm로 송송 썰어 준비한다.
Zkxiydlmplw,장담하건대 내일 또 먹고 싶을 거예요,14,"깊은 프라이팬 또는 냄비에 들기름, 오징어, 무를 넣고 강 불에 약 2분 볶는다."
Zkxiydlmplw,장담하건대 내일 또 먹고 싶을 거예요,15,"* 참기름, 식용유는 느끼해질 수 있기 때문에 사용하지 않는 것이 좋다."
Zkxiydlmplw,장담하건대 내일 또 먹고 싶을 거예요,16,"정수물, 국간장, 멸치액젓, 꽃소금, 간마늘, 간생강을 넣고 강 불에 끓인다."
Zkxiydlmplw,장담하건대 내일 또 먹고 싶을 거예요,17,* 오징어 맛에 따라 간이 달라질 수 있으니 꽃소금을 넣기 전에 국물 맛을 본 후 양을 조절한다.
Zkxiydlmplw,장담하건대 내일 또 먹고 싶을 거예요,18,* 조미료를 사용하고 싶을 경우 미원 1/3큰술을 사용하면 좋다.
Zkxiydlmplw,장담하건대 내일 또 먹고 싶을 거예요,19,육수가 끓어오르면 중 약불로 줄여 약7분 끓인다.
Zkxiydlmplw,장담하건대 내일 또 먹고 싶을 거예요,20,* 끓으면서 생기는 거품에는 감칠맛이 포함되어 있기 때문에 끓이는 도중에는 걷어내지 않고 마지막에 걷어내는 것이 좋다.
Zkxiydlmplw,장담하건대 내일 또 먹고 싶을 거예요,21,대파를 넣고 불을 끈 후 국그릇에 담아 완성한다.
ZuO-VnWMrno,술만 먹으면 자꾸 이거 찾게 된다니까요,1,달걀은 깨트려 한 그릇에 담아 준비하고 국간장은 작은 그릇에 미리 덜어 준비한다.
ZuO-VnWMrno,술만 먹으면 자꾸 이거 찾게 된다니까요,2,*국간장 대신 조선간장을 이용해도 좋다.
ZuO-VnWMrno,술만 먹으면 자꾸 이거 찾게 된다니까요,3,프라이팬을 강 불에 올려 예열한다.
ZuO-VnWMrno,술만 먹으면 자꾸 이거 찾게 된다니까요,4,프라이팬이 달궈지면 들기름을 넣고 달걀을 붓는다.
ZuO-VnWMrno,술만 먹으면 자꾸 이거 찾게 된다니까요,5,*프라이팬은 계란이 꽉 차는 크기로 준비한다.
ZuO-VnWMrno,술만 먹으면 자꾸 이거 찾게 된다니까요,6,젓가락을 이용하여 노른자 사이사이 공간을 만들어주고 기포가 올라오는 부분은 터트려가며 익힌다.
ZuO-VnWMrno,술만 먹으면 자꾸 이거 찾게 된다니까요,7,프라이팬을 들어 사방으로 기울이면서 들기름이 달걀의 밑 바닥으로 들어가게하여 익힌다.
ZuO-VnWMrno,술만 먹으면 자꾸 이거 찾게 된다니까요,8,달걀 흰자가 익지 않은 부분이 있다면 젓가락으로 안 익은 부분을 찢어 잘 익을 수 있도록 한다.
ZuO-VnWMrno,술만 먹으면 자꾸 이거 찾게 된다니까요,9,*완숙을 좋아하는 경우 전체적으로 저어서 노른자를 깨트려 익혀도 좋다.
ZuO-VnWMrno,술만 먹으면 자꾸 이거 찾게 된다니까요,10,밑 바닥이 노릇하게 익으면 국간장을 달걀의 가장자리에 둘러 넣고 밑 바닥에 간장이 배일 수 있도록 프라이팬을 흔들어가며 익힌다.
ZuO-VnWMrno,술만 먹으면 자꾸 이거 찾게 된다니까요,11,그릇에 달걀프라이를 옮겨 담은 후 프라이팬에 남아있는 들기름과 국간장을 윗면에 뿌려 완성한다.
_-4nakEwN0s,이건 흑백요리사가 아니라 내 흑역사다,1,제 앞에서 인자하게 웃으시는데 막 저승사자 같고
_-4nakEwN0s,이건 흑백요리사가 아니라 내 흑역사다,2,우리 엄마 보고 싶었다니까유….
_-4nakEwN0s,이건 흑백요리사가 아니라 내 흑역사다,3,나 안아…
_H64Kz7Mgz4,뚝배기 계란찜 l 백종원의 백종원 레시피,1,계란찜도 종류가 참 많지요.
_H64Kz7Mgz4,뚝배기 계란찜 l 백종원의 백종원 레시피,2,"오늘은 찜솥이 아닌, 불 위에 올려 뚝배기에 끓이는 계란찜을 소개합니다."
_H64Kz7Mgz4,뚝배기 계란찜 l 백종원의 백종원 레시피,3,하면 할 수록 실력이 늘어나는 계란찜!
_H64Kz7Mgz4,뚝배기 계란찜 l 백종원의 백종원 레시피,4,이번 기회에 한 번 도전해보는 것은 어떨까요?
_H64Kz7Mgz4,뚝배기 계란찜 l 백종원의 백종원 레시피,5,"대파는 송송 썰고, 새우젓은 잘게 다져 준비합니다."
_H64Kz7Mgz4,뚝배기 계란찜 l 백종원의 백종원 레시피,6,"믹싱볼에 달걀과 새우젓, 설탕을 넣고 잘 섞습니다."
_H64Kz7Mgz4,뚝배기 계란찜 l 백종원의 백종원 레시피,7,재료가 잘 섞이면 물을 넣고 다시 한 번 잘 저어줍니다.
_H64Kz7Mgz4,뚝배기 계란찜 l 백종원의 백종원 레시피,8,뚝배기에 달걀물을 넣고 중약불로 가열합니다.
_H64Kz7Mgz4,뚝배기 계란찜 l 백종원의 백종원 레시피,9,"달걀이 뚝배기 바닥과 가장자리에 눌어붙지 않도록, 숟가락으로 바닥을 긁어가며 끓여줍니다."
_H64Kz7Mgz4,뚝배기 계란찜 l 백종원의 백종원 레시피,10,달걀이 몽글몽글하게 익으면 대파를 넣고 섞습니다.
_H64Kz7Mgz4,뚝배기 계란찜 l 백종원의 백종원 레시피,11,사이즈가 맞는 다른 뚝배기를 뒤집어 뚜껑처럼 덮어 약불로 익힙니다.
_H64Kz7Mgz4,뚝배기 계란찜 l 백종원의 백종원 레시피,12,"대파, 참기름, 깨를 달걀찜 위에 고명으로 뿌려 마무리합니다."
_MhD25Ip3bc,소고기 떡국 무진장 쉽게 만드는 방법 알려드릴까요?,1,떡은 흐르는 물에 헹군 후 물에 담가 준비한다.
_MhD25Ip3bc,소고기 떡국 무진장 쉽게 만드는 방법 알려드릴까요?,2,불고기용 소고기는 두께 2cm 폭으로 잘라 준비한다.
_MhD25Ip3bc,소고기 떡국 무진장 쉽게 만드는 방법 알려드릴까요?,3,대파는 두께 0.3cm로 송송 썰어 준비한다.
_MhD25Ip3bc,소고기 떡국 무진장 쉽게 만드는 방법 알려드릴까요?,4,달걀을 그릇에 깨트려 가볍게 풀어 준비한다.
_MhD25Ip3bc,소고기 떡국 무진장 쉽게 만드는 방법 알려드릴까요?,5,냄비에 참기름을 두른 후 소고기를 넣고 중 불에서 고기에 붙어있는 지방이 녹을 때 까지 볶는다.
_MhD25Ip3bc,소고기 떡국 무진장 쉽게 만드는 방법 알려드릴까요?,6,고기가 익으면 멸치액젓을 넣고 볶은 후 정수물을 넣고 강 불에 끓인다.
_MhD25Ip3bc,소고기 떡국 무진장 쉽게 만드는 방법 알려드릴까요?,7,*멸치액젓을 볶을 때 넣으면 고기에 간이 배어 맛이 좋다.
_MhD25Ip3bc,소고기 떡국 무진장 쉽게 만드는 방법 알려드릴까요?,8,국물이 끓어 오르면 약불로 줄인 후 물에 담가 두었던 떡의 물기를 빼 국물에 넣는다.
_MhD25Ip3bc,소고기 떡국 무진장 쉽게 만드는 방법 알려드릴까요?,9,*소고기 양지를 사용했을 경우 물을 보충한 후 중 불에서 20분정도 끓여야 한다.
_MhD25Ip3bc,소고기 떡국 무진장 쉽게 만드는 방법 알려드릴까요?,10,"국물이 다시 한번 끓어 오르면 국간장, 꽃소금, 간마늘을 넣고 간을 맞춘다."
_MhD25Ip3bc,소고기 떡국 무진장 쉽게 만드는 방법 알려드릴까요?,11,*이때 소고기다시다와 미원이 있다면 사용해도 좋다.
_MhD25Ip3bc,소고기 떡국 무진장 쉽게 만드는 방법 알려드릴까요?,12,"약 5분정도 떡이 익을 때까지 끓인 후 풀어 둔 달걀, 대파 1/2양을 넣고 불을 끈다."
_MhD25Ip3bc,소고기 떡국 무진장 쉽게 만드는 방법 알려드릴까요?,13,"그릇에 떡국을 담은 후 준비해 둔 고명용 김, 대파, 후추가루를 뿌려 완성한다."
_O4tvQtZDiU,[ENG] 정말 쉽게 만드는 짜장 덮밥,1,대파는 송송 썰어 준비한다.
_O4tvQtZDiU,[ENG] 정말 쉽게 만드는 짜장 덮밥,2,팬에 식용유를 두르고 대파를 볶아준다.
_O4tvQtZDiU,[ENG] 정말 쉽게 만드는 짜장 덮밥,3,달걀을 팬에 넣어 한쪽에서 스크램블 하듯 볶아준다.
_O4tvQtZDiU,[ENG] 정말 쉽게 만드는 짜장 덮밥,5,짜장 소스가 어우러지도록 물을 살짝 넣어 볶아준다.
_O4tvQtZDiU,[ENG] 정말 쉽게 만드는 짜장 덮밥,6,(기호에 따라 짜장 소스를 이용해 간을 맞춰준다.)
_O4tvQtZDiU,[ENG] 정말 쉽게 만드는 짜장 덮밥,7,덮밥 접시에 밥을 담고 짜장 소스를 얹어 완성해준다.
_PqfXhZGuBI,따라 하셔도 됩니다. *김치 피자*,1,있을 것 같으면서도 없는 '김치피자'입니다
_PqfXhZGuBI,따라 하셔도 됩니다. *김치 피자*,2,체다치즈보단 피자치즈가 더 맛있는 거 같네요!
_TGhAtAqrLk,냉동만두로 육수내는 초간단 만두전골,1,냉동만두는 미리 꺼내어 반 해동시켜 준비한다.
_TGhAtAqrLk,냉동만두로 육수내는 초간단 만두전골,2,대파는 반 갈라 만두의 가로 길이와 비슷한 길이 7cm 정도로 썬다.
_TGhAtAqrLk,냉동만두로 육수내는 초간단 만두전골,3,"알배추, 양파는 만두 폭과 비슷하게 두께 2cm 정도로 썬다."
_TGhAtAqrLk,냉동만두로 육수내는 초간단 만두전골,4,표고버섯은 두께 0.3cm 정도로 얇게 썬다.
_TGhAtAqrLk,냉동만두로 육수내는 초간단 만두전골,5,"청양고추, 홍고추는 두께 0.5cm 정도로 어슷 썬다."
_TGhAtAqrLk,냉동만두로 육수내는 초간단 만두전골,6,해동한 만두 양의 20%는 육수용으로 사용하기 위해 두께 0.5cm 정도로 잘게 썬다.
_TGhAtAqrLk,냉동만두로 육수내는 초간단 만두전골,7,전골냄비의 중앙에 육수용으로 자른 만두를 올린다.
_TGhAtAqrLk,냉동만두로 육수내는 초간단 만두전골,8,"청양고추, 홍고추를 제외한 야채를 1/2양으로 나누어 마주보도록 냄비에 둘러 올리고 각 야채 사이에 만두를 올린다."
_TGhAtAqrLk,냉동만두로 육수내는 초간단 만두전골,9,"중앙에 간 마늘, 국간장을 넣고 가스버너에 올린 후 물을 붓고 강 불에 끓인다."
_TGhAtAqrLk,냉동만두로 육수내는 초간단 만두전골,10,육수의 양에 맞춰 꽃소금으로 간을 한다.
_TGhAtAqrLk,냉동만두로 육수내는 초간단 만두전골,11,후춧가루를 뿌린 후 국물이 끓어오르면 중앙에 달걀을 깨 넣는다.
_TGhAtAqrLk,냉동만두로 육수내는 초간단 만두전골,12,"청양고추, 홍고추를 야채 위에 골고루 올린다."
_TGhAtAqrLk,냉동만두로 육수내는 초간단 만두전골,13,마지막으로 후추가루를 뿌리고 끓이면서 먹는다.
__EQyG0qFuE,[ENG] 시원하게 맛있는 장아찌소스 냉국수,1,중면은 끓는 물에 삶아낸다.
__EQyG0qFuE,[ENG] 시원하게 맛있는 장아찌소스 냉국수,2,삶은 면을 찬물에 주물러 씻어 물기를 제거한다.
__EQyG0qFuE,[ENG] 시원하게 맛있는 장아찌소스 냉국수,3,김치는 잘게 썰고 미역은 불려 잘게 썰어둔다.
__EQyG0qFuE,[ENG] 시원하게 맛있는 장아찌소스 냉국수,4,"대파, 청양고추는 송송 썰고 단무지는 채 썬다."
__EQyG0qFuE,[ENG] 시원하게 맛있는 장아찌소스 냉국수,5,물과 장아찌 소스를 섞어준다.
__EQyG0qFuE,[ENG] 시원하게 맛있는 장아찌소스 냉국수,6,"그릇에 육수, 면, 미역, 김치, 단무지를 담아준다."
__EQyG0qFuE,[ENG] 시원하게 맛있는 장아찌소스 냉국수,7,깨소금을 뿌려 마무리한다.
_l_cJyxNkhc,닭다리살 대파무침! 소스를 듬뿍 찍어 드셔보세요.,1,* 고추기름
_l_cJyxNkhc,닭다리살 대파무침! 소스를 듬뿍 찍어 드셔보세요.,2,대파는 1/4로 칼집을 넣어 송송 썰어 준비한다.
_l_cJyxNkhc,닭다리살 대파무침! 소스를 듬뿍 찍어 드셔보세요.,3,"팬에 대파, 식용유,참기름을 넣고 파 기름을 내어 한 김 날린다."
_l_cJyxNkhc,닭다리살 대파무침! 소스를 듬뿍 찍어 드셔보세요.,4,고춧가루가 담겨있는 그릇에 저어가며 부어준다.
_l_cJyxNkhc,닭다리살 대파무침! 소스를 듬뿍 찍어 드셔보세요.,5,* 고추냉이 마요
_l_cJyxNkhc,닭다리살 대파무침! 소스를 듬뿍 찍어 드셔보세요.,6,"볼에 마요네즈, 식초, 황설탕, 진간장, 꽃소금, 간마늘, 고추냉이를 넣고 설탕이 녹을 정도까지 저어준다."
_l_cJyxNkhc,닭다리살 대파무침! 소스를 듬뿍 찍어 드셔보세요.,7,* 닭다리살 대파 무침
_l_cJyxNkhc,닭다리살 대파무침! 소스를 듬뿍 찍어 드셔보세요.,8,팬에 닭다리살의 껍질부분이 바닥으로 가게 올리고 약불에서 튀겨지듯이 굽는다.
_l_cJyxNkhc,닭다리살 대파무침! 소스를 듬뿍 찍어 드셔보세요.,9,"완성그릇에 대파 채, 양파 채를 섞어 담는다."
_l_cJyxNkhc,닭다리살 대파무침! 소스를 듬뿍 찍어 드셔보세요.,10,구워진 닭은 먹기 좋게 썰어 올린다.
_l_cJyxNkhc,닭다리살 대파무침! 소스를 듬뿍 찍어 드셔보세요.,11,고추냉이 마요 소스와 고추기름을 곁들여 완성한다.
_m_HiEJukX4,3월 3일 삼겹살데이! 뒷다리살도 삼겹살 만큼 맛있게 먹는 꿀팁!,1,양배추는 0.3~0.5cm정도 두께로 가늘게 채 썰어 준비한다.
_m_HiEJukX4,3월 3일 삼겹살데이! 뒷다리살도 삼겹살 만큼 맛있게 먹는 꿀팁!,2,파채는 가위를 이용하여 먹기 좋은 길이로 잘라 준비한다.
_m_HiEJukX4,3월 3일 삼겹살데이! 뒷다리살도 삼겹살 만큼 맛있게 먹는 꿀팁!,3,Tip: 대파 매운 게 싫다면 찬물에 헹궈 물기를 제거하여 사용한다.
_m_HiEJukX4,3월 3일 삼겹살데이! 뒷다리살도 삼겹살 만큼 맛있게 먹는 꿀팁!,4,"깊은 볼에 고추장, 식초, 황설탕을 넣고 고추장이 풀어질 때 까지 섞는다."
_m_HiEJukX4,3월 3일 삼겹살데이! 뒷다리살도 삼겹살 만큼 맛있게 먹는 꿀팁!,5,"간 마늘, 굵은 고춧가루를 넣어 섞는다."
_m_HiEJukX4,3월 3일 삼겹살데이! 뒷다리살도 삼겹살 만큼 맛있게 먹는 꿀팁!,6,"Tip: 양념장을 오래 보관하는 경우 굵은 고춧가루, 간 마늘은 사용 직전에 넣어 사용한다."
_m_HiEJukX4,3월 3일 삼겹살데이! 뒷다리살도 삼겹살 만큼 맛있게 먹는 꿀팁!,7,"깊은 볼에 양배추 채, 파 채, 양념장을 넣고 골고루 버무린다."
_m_HiEJukX4,3월 3일 삼겹살데이! 뒷다리살도 삼겹살 만큼 맛있게 먹는 꿀팁!,8,Tip: 채소의 양에 맞춰 양념장의 양을 조절한다.
_m_HiEJukX4,3월 3일 삼겹살데이! 뒷다리살도 삼겹살 만큼 맛있게 먹는 꿀팁!,9,"참기름, 통깨를 넣고 가볍게 버무린다."
_m_HiEJukX4,3월 3일 삼겹살데이! 뒷다리살도 삼겹살 만큼 맛있게 먹는 꿀팁!,10,접시에 보기 좋게 옮겨 담아 완성한다.
_qnLV46GSr4,숟가락 젓가락으로 동그랑땡 만들기,1,"대파, 청양고추는 반 갈라 송송썬다."
_qnLV46GSr4,숟가락 젓가락으로 동그랑땡 만들기,2,당근은 잘게 다져서 준비 한다.
_qnLV46GSr4,숟가락 젓가락으로 동그랑땡 만들기,3,"볼에 간 돼지고기 지방, 간 돼지고기, 간마늘, 진간장, 황설탕, 대파, 청양고추, 당근을 넣는다."
_qnLV46GSr4,숟가락 젓가락으로 동그랑땡 만들기,4,젓가락 4~5개를 잡고 한 쪽 방향으로 계속 저어주면서 반죽을 골고루 치대어 섞는다.
_qnLV46GSr4,숟가락 젓가락으로 동그랑땡 만들기,5,꽃소금을 넣어 반죽이 찐득해 질 때까지 골고루 섞는다.
_qnLV46GSr4,숟가락 젓가락으로 동그랑땡 만들기,7,기호에 맞게 MSG를 추가한다.
_qnLV46GSr4,숟가락 젓가락으로 동그랑땡 만들기,8,"반죽에 찰기가 생기면 참기름, 후춧가루를 넣고 섞는다."
_qnLV46GSr4,숟가락 젓가락으로 동그랑땡 만들기,9,볼에 달걀을 풀어 준비한다.
_qnLV46GSr4,숟가락 젓가락으로 동그랑땡 만들기,10,프라이팬에 기름을 넉넉히 두르고 중 불에 달군다.
_qnLV46GSr4,숟가락 젓가락으로 동그랑땡 만들기,11,준비해둔 동그랑땡 반죽을 숟가락으로 한 숟갈 떠내고 숟가락 두 개를 이용하여 모양을 잡은 후 계란물에 담가 계란물을 입힌다.
_qnLV46GSr4,숟가락 젓가락으로 동그랑땡 만들기,12,달군 기름 위에 반죽을 올리고 가운데 부분을 숟가락으로 한 번 눌러 둥글고 납작한 모양을 만들어준다.
_qnLV46GSr4,숟가락 젓가락으로 동그랑땡 만들기,13,앞 뒤로 뒤집어가며 기름에 튀기듯이 구워준다.
_qnLV46GSr4,숟가락 젓가락으로 동그랑땡 만들기,14,노릇하게 구워진 동그랑땡을 접시에 담아 완성한다.
aGpsvAb8GyY,설 맞이 꼬치산적! 그리고 설 전 꼭 해야 할 일은?,1,오늘은 명절 음식 중에서도 알록달록 예쁜 꼬치산적을 준비했습니다.
aGpsvAb8GyY,설 맞이 꼬치산적! 그리고 설 전 꼭 해야 할 일은?,2,재료가 너무 많이 필요할 것 같아 걱정이시라고요?
aGpsvAb8GyY,설 맞이 꼬치산적! 그리고 설 전 꼭 해야 할 일은?,3,냉장고 속 재료들로 쉽게 만들 수 있는 산적이니 꼭 따라해 보시고
aGpsvAb8GyY,설 맞이 꼬치산적! 그리고 설 전 꼭 해야 할 일은?,4,산적 재료로 간단하게 만드는 볶음밥도 놓치지 마세요!
aXJgN_JjYDg,[ENG] 고구마빠스! 손에 묻지 않는 고구마맛탕!,1,"고구마는 깨끗이 세척 후, 껍질째 한입 크기로 썰어준다."
aXJgN_JjYDg,[ENG] 고구마빠스! 손에 묻지 않는 고구마맛탕!,2,"튀김용 기름을 160~180도 정도로 맞춘 후, 고구마를 넣고 노릇하게 튀겨준다."
aXJgN_JjYDg,[ENG] 고구마빠스! 손에 묻지 않는 고구마맛탕!,3,(온도가 올라가면 고구마를 넣어 온도를 체크한다.)
aXJgN_JjYDg,[ENG] 고구마빠스! 손에 묻지 않는 고구마맛탕!,4,팬에 식용유와 설탕을 넣고 약한 불로 녹여준다.
aXJgN_JjYDg,[ENG] 고구마빠스! 손에 묻지 않는 고구마맛탕!,5,(설탕이 녹을 때까지 젓지 않고 기다린다.)
aXJgN_JjYDg,[ENG] 고구마빠스! 손에 묻지 않는 고구마맛탕!,6,노릇하게 튀겨진 고구마는 체에 밭쳐 기름을 빼준다.
aXJgN_JjYDg,[ENG] 고구마빠스! 손에 묻지 않는 고구마맛탕!,7,넓은 접시에 기름을 발라 준비해둔다.
aXJgN_JjYDg,[ENG] 고구마빠스! 손에 묻지 않는 고구마맛탕!,8,설탕을 녹인 팬에 튀긴 고구마를 넣고 양손에 주걱을 들고 골고루 버무려 준다.
aXJgN_JjYDg,[ENG] 고구마빠스! 손에 묻지 않는 고구마맛탕!,9,고구마빠스를 기름 코팅 한 접시에 서로 붙지 않게 담아 식혀준다.
aXJgN_JjYDg,[ENG] 고구마빠스! 손에 묻지 않는 고구마맛탕!,10,설탕 시럽이 굳으면 완성 접시에 담아 마무리한다.
ak5PBQQfPVI,포실포실 고소한 참기름 달걀라면,1,"냄비에 물, 분말스프, 건더기스프를 넣고 끓인다."
ak5PBQQfPVI,포실포실 고소한 참기름 달걀라면,2,볼에 달걀을 깨트려 넣고 골고루 풀어 준비한다.
ak5PBQQfPVI,포실포실 고소한 참기름 달걀라면,3,"청양고추는 반 갈라, 대파는 송송 썰어 준비한다."
ak5PBQQfPVI,포실포실 고소한 참기름 달걀라면,4,국물이 끓으면 면을 넣는다.
ak5PBQQfPVI,포실포실 고소한 참기름 달걀라면,5,집게를 이용하여 면을 풀어주고 면이 완전히 풀린 시점으로부터 1분 정도 더 끓인다.
ak5PBQQfPVI,포실포실 고소한 참기름 달걀라면,6,면을 완성 그릇에 건져낸다.
ak5PBQQfPVI,포실포실 고소한 참기름 달걀라면,7,국물을 센 불에 다시 올리고 끓으면 풀어 둔 달걀을 넣어 15번을(15초) 저어주며 끓인다.
ak5PBQQfPVI,포실포실 고소한 참기름 달걀라면,8,완성 후 면 위에 붓는다.
ak5PBQQfPVI,포실포실 고소한 참기름 달걀라면,9,"위에 대파, 청양고추를 올리고 참기름을 둘러 완성한다."
amKnBhgVcfg,"저는 갈맥길만 걷겠습니다, 등갈비튀김이 더 맛있어지는 마법 가루 공개!",1,*물전분 만들기
amKnBhgVcfg,"저는 갈맥길만 걷겠습니다, 등갈비튀김이 더 맛있어지는 마법 가루 공개!",2,감자전분과 정수물을 잘 섞은 후 30분 정도 두어 전분이 가라앉아 물과 분리되도록 한다.
amKnBhgVcfg,"저는 갈맥길만 걷겠습니다, 등갈비튀김이 더 맛있어지는 마법 가루 공개!",3,* 감자전분과 정수물을 섞은 후 흔들리지 않는 곳에 두어야 전분이 잘 가라앉는다.
amKnBhgVcfg,"저는 갈맥길만 걷겠습니다, 등갈비튀김이 더 맛있어지는 마법 가루 공개!",4,감자전분과 물이 분리되면 물을 1큰술 정도만 남기고 따라내어 준비한다.
amKnBhgVcfg,"저는 갈맥길만 걷겠습니다, 등갈비튀김이 더 맛있어지는 마법 가루 공개!",5,*돼지등갈비 밑간하기
amKnBhgVcfg,"저는 갈맥길만 걷겠습니다, 등갈비튀김이 더 맛있어지는 마법 가루 공개!",6,냉장 돼지등갈비를 찬물에 담가 30분 이상 핏물을 제거한다.
amKnBhgVcfg,"저는 갈맥길만 걷겠습니다, 등갈비튀김이 더 맛있어지는 마법 가루 공개!",7,* 핏물 제거 시 돼지등갈비를 위아래 섞어서 핏물이 고이지 않도록 중간에 2~3번 물을 갈아준다.
amKnBhgVcfg,"저는 갈맥길만 걷겠습니다, 등갈비튀김이 더 맛있어지는 마법 가루 공개!",8,* 냉동 돼지등갈비를 사용하는 경우 찬물에 담가 약 1시간 30분 정도 핏물을 제거하는 것이 좋다.
amKnBhgVcfg,"저는 갈맥길만 걷겠습니다, 등갈비튀김이 더 맛있어지는 마법 가루 공개!",9,핏물을 제거한 돼지등갈비는 체에 밭쳐 물기를 뺀 후 맛소금을 뿌리고 조물조물 버무려 밑간한다.
amKnBhgVcfg,"저는 갈맥길만 걷겠습니다, 등갈비튀김이 더 맛있어지는 마법 가루 공개!",11,*돼지등갈비 튀기기
amKnBhgVcfg,"저는 갈맥길만 걷겠습니다, 등갈비튀김이 더 맛있어지는 마법 가루 공개!",12,밑간한 돼지등갈비에 물전분을 넣고 골고루 섞는다.
amKnBhgVcfg,"저는 갈맥길만 걷겠습니다, 등갈비튀김이 더 맛있어지는 마법 가루 공개!",13,* 물전분은 흐르는 성질이 있어 튀기기 직전에 골고루 버무려 반죽을 입힌다.
amKnBhgVcfg,"저는 갈맥길만 걷겠습니다, 등갈비튀김이 더 맛있어지는 마법 가루 공개!",14,160~170도로 예열한 기름에 반죽을 입힌 돼지등갈비를 넣고 중간중간 잘 저어가며 약 14~15분 정도 튀긴다.
amKnBhgVcfg,"저는 갈맥길만 걷겠습니다, 등갈비튀김이 더 맛있어지는 마법 가루 공개!",15,* 양을 많이 넣었을 경우 바닥 부분이 눌어 붙을 수 있으니 돼지등갈비를 흔들어 떨어트린다.
amKnBhgVcfg,"저는 갈맥길만 걷겠습니다, 등갈비튀김이 더 맛있어지는 마법 가루 공개!",16,잘 튀겨진 돼지등갈비는 체에 밭쳐 건져낸 후 기름을 제거한다.
amKnBhgVcfg,"저는 갈맥길만 걷겠습니다, 등갈비튀김이 더 맛있어지는 마법 가루 공개!",18,*찍어 먹는 양념
amKnBhgVcfg,"저는 갈맥길만 걷겠습니다, 등갈비튀김이 더 맛있어지는 마법 가루 공개!",19,통깨는 절구에 갈아 준비한다.
amKnBhgVcfg,"저는 갈맥길만 걷겠습니다, 등갈비튀김이 더 맛있어지는 마법 가루 공개!",20,* 절구가 없다면 비닐봉지에 넣고 병으로 밀어 준비한다.
amKnBhgVcfg,"저는 갈맥길만 걷겠습니다, 등갈비튀김이 더 맛있어지는 마법 가루 공개!",21,"고운 고춧가루, 큐민가루, 맛소금, 간 깨, 후춧가루를 섞어 찍어 먹는 양념을 만든다."
b0VqL4-dSPM,멕시코에는 없는 멕시칸 샐러드,1,양배추는 얇게 채 썰고 꽃소금을 넣어 30분 정도 절여준다.
b0VqL4-dSPM,멕시코에는 없는 멕시칸 샐러드,2,슬라이스 햄과 당근은 얇게 채 썰어 준비한다.
b0VqL4-dSPM,멕시코에는 없는 멕시칸 샐러드,3,절인 양배추는 손으로 물기를 짜준다.
b0VqL4-dSPM,멕시코에는 없는 멕시칸 샐러드,4,"물기를 짠 양배추, 당근, 슬라이스 햄을 한곳에 넣는다."
b0VqL4-dSPM,멕시코에는 없는 멕시칸 샐러드,5,"식초, 설탕을 넣고 잘 섞일 수 있게 버무려준다."
b0VqL4-dSPM,멕시코에는 없는 멕시칸 샐러드,6,"마요네즈, 생크림, 후춧가루를 넣고 버무린다."
b0VqL4-dSPM,멕시코에는 없는 멕시칸 샐러드,7,접시에 샐러드를 담고 후춧가루를 뿌려 완성한다.
b2AXKI76rKI,스.푸.파 속 음식 따라하기! 청두야시장에서 먹던 그 감자 요리?!,1,대파는 두께 0.3cm로 송송 썰어 준비한다.
b2AXKI76rKI,스.푸.파 속 음식 따라하기! 청두야시장에서 먹던 그 감자 요리?!,2,프라이팬에 식용유를 두른 후 강불에 예열한다.
b2AXKI76rKI,스.푸.파 속 음식 따라하기! 청두야시장에서 먹던 그 감자 요리?!,3,냉동감자를 넣고 전체적으로 노릇노릇해질 때까지 튀기듯이 굽는다.
b2AXKI76rKI,스.푸.파 속 음식 따라하기! 청두야시장에서 먹던 그 감자 요리?!,4,감자가 튀겨지면 기름을 따라낸 후 대파를 넣고 볶는다.
b2AXKI76rKI,스.푸.파 속 음식 따라하기! 청두야시장에서 먹던 그 감자 요리?!,5,불을 중불로 줄인 후 마라소스를 넣고 골고루 섞어 완성한다.
b2AXKI76rKI,스.푸.파 속 음식 따라하기! 청두야시장에서 먹던 그 감자 요리?!,6,*감자튀김의 색이 너무 진하거나 프라이팬에 열이 너무 쎈 경우에는 불을 끄고 섞는다.
bLprteo75gY,국물이 끝내주는 라면 끓이는 법,1,바지락은 해감하여 깨끗하게 세척한다.
bLprteo75gY,국물이 끝내주는 라면 끓이는 법,2,"냄비에 물, 라면 스프, 된장, 건미역, 바지락을 넣어 끓인다."
bLprteo75gY,국물이 끝내주는 라면 끓이는 법,3,"청양고추, 대파는 어슷 썰어 준비한다."
bLprteo75gY,국물이 끝내주는 라면 끓이는 법,4,"물이 끓으면 라면, 고춧가루, 멸치 액젓을 넣어 끓인다."
bLprteo75gY,국물이 끝내주는 라면 끓이는 법,5,면이 반 정도 익으면 달걀을 잘 풀어 넣고 청양고추를 넣는다.
bLprteo75gY,국물이 끝내주는 라면 끓이는 법,6,면이 알맞게 익으면 대파를 넣어 완성한다.
bMLfohWNsvQ,★NEW★ '만능 볶음요리 소스' 암꺼나 넣고 볶아도 천상의 맛! 우리모두 요리사가 됩니다. (진지) l 백종원의 쿠킹로그,1,"냄비에 진간장, 굴소스, 물엿, 노두유, 물, MSG, 전분가루를 넣어 섞어준다."
bMLfohWNsvQ,★NEW★ '만능 볶음요리 소스' 암꺼나 넣고 볶아도 천상의 맛! 우리모두 요리사가 됩니다. (진지) l 백종원의 쿠킹로그,2,중불로 키고 주걱으로 저어가면서 끓여준다.
bMLfohWNsvQ,★NEW★ '만능 볶음요리 소스' 암꺼나 넣고 볶아도 천상의 맛! 우리모두 요리사가 됩니다. (진지) l 백종원의 쿠킹로그,3,끓어오르면 소금을 넣고 불을 끈다.
bMLfohWNsvQ,★NEW★ '만능 볶음요리 소스' 암꺼나 넣고 볶아도 천상의 맛! 우리모두 요리사가 됩니다. (진지) l 백종원의 쿠킹로그,4,버섯볶음
bMLfohWNsvQ,★NEW★ '만능 볶음요리 소스' 암꺼나 넣고 볶아도 천상의 맛! 우리모두 요리사가 됩니다. (진지) l 백종원의 쿠킹로그,5,대파는 송송 썰고 건고추는 가위를 이용하여 가늘게 썰어둔다.
bMLfohWNsvQ,★NEW★ '만능 볶음요리 소스' 암꺼나 넣고 볶아도 천상의 맛! 우리모두 요리사가 됩니다. (진지) l 백종원의 쿠킹로그,6,새송이버섯은 반으로 갈라 채를 썰거나 어슷하게 편 썰어 준비한다.
bMLfohWNsvQ,★NEW★ '만능 볶음요리 소스' 암꺼나 넣고 볶아도 천상의 맛! 우리모두 요리사가 됩니다. (진지) l 백종원의 쿠킹로그,7,"프라이팬에 기름을 두르고 대파, 건고추를 넣어 파기름을 낸다."
bMLfohWNsvQ,★NEW★ '만능 볶음요리 소스' 암꺼나 넣고 볶아도 천상의 맛! 우리모두 요리사가 됩니다. (진지) l 백종원의 쿠킹로그,8,파기름 향이 올라오면 고기를 넣고 물을 조금씩 넣어가면서 볶아준다.
bMLfohWNsvQ,★NEW★ '만능 볶음요리 소스' 암꺼나 넣고 볶아도 천상의 맛! 우리모두 요리사가 됩니다. (진지) l 백종원의 쿠킹로그,9,고기가 익으면 버슷을 넣어 볶아준다.
bMLfohWNsvQ,★NEW★ '만능 볶음요리 소스' 암꺼나 넣고 볶아도 천상의 맛! 우리모두 요리사가 됩니다. (진지) l 백종원의 쿠킹로그,10,버섯의 숨이 죽으면 만능볶음요리소스를 넣어 볶아 완성한다.
bMLfohWNsvQ,★NEW★ '만능 볶음요리 소스' 암꺼나 넣고 볶아도 천상의 맛! 우리모두 요리사가 됩니다. (진지) l 백종원의 쿠킹로그,11,숙주볶음
bMLfohWNsvQ,★NEW★ '만능 볶음요리 소스' 암꺼나 넣고 볶아도 천상의 맛! 우리모두 요리사가 됩니다. (진지) l 백종원의 쿠킹로그,12,숙주는 깨끗하게 세척하여 준비한다.
bMLfohWNsvQ,★NEW★ '만능 볶음요리 소스' 암꺼나 넣고 볶아도 천상의 맛! 우리모두 요리사가 됩니다. (진지) l 백종원의 쿠킹로그,13,파기름 향이 올라오면 고기를 넣고 물을 조금씩 넣어가면서 타지 않게 볶아준다.
bMLfohWNsvQ,★NEW★ '만능 볶음요리 소스' 암꺼나 넣고 볶아도 천상의 맛! 우리모두 요리사가 됩니다. (진지) l 백종원의 쿠킹로그,14,고기가 익으면 숙주를 넣고 만능볶음요리소스를 넣어 볶는다.
bMLfohWNsvQ,★NEW★ '만능 볶음요리 소스' 암꺼나 넣고 볶아도 천상의 맛! 우리모두 요리사가 됩니다. (진지) l 백종원의 쿠킹로그,15,식초를 넣고 가볍게 볶아 완성한다.
bMLfohWNsvQ,★NEW★ '만능 볶음요리 소스' 암꺼나 넣고 볶아도 천상의 맛! 우리모두 요리사가 됩니다. (진지) l 백종원의 쿠킹로그,16,꽈리고추볶음
bMLfohWNsvQ,★NEW★ '만능 볶음요리 소스' 암꺼나 넣고 볶아도 천상의 맛! 우리모두 요리사가 됩니다. (진지) l 백종원의 쿠킹로그,17,"대파,청양고추는 송송 썰고 사천고추는 잘게 부숴 준비한다."
bMLfohWNsvQ,★NEW★ '만능 볶음요리 소스' 암꺼나 넣고 볶아도 천상의 맛! 우리모두 요리사가 됩니다. (진지) l 백종원의 쿠킹로그,18,꽈리고추는 꼭지를 제거하고 3cm정도 길이로 잘라 준비한다.
bMLfohWNsvQ,★NEW★ '만능 볶음요리 소스' 암꺼나 넣고 볶아도 천상의 맛! 우리모두 요리사가 됩니다. (진지) l 백종원의 쿠킹로그,19,"프라이팬에 기름을 두르고 대파, 사천고추를 넣어 파기름을 낸다."
bMLfohWNsvQ,★NEW★ '만능 볶음요리 소스' 암꺼나 넣고 볶아도 천상의 맛! 우리모두 요리사가 됩니다. (진지) l 백종원의 쿠킹로그,20,파기름 향이 올라오면 고기를 넣고 물을 넣어가면서 볶아준다.
bMLfohWNsvQ,★NEW★ '만능 볶음요리 소스' 암꺼나 넣고 볶아도 천상의 맛! 우리모두 요리사가 됩니다. (진지) l 백종원의 쿠킹로그,21,만능볶음요리소스를 넣고 고기가 익을정도까지 볶아준다.
bMLfohWNsvQ,★NEW★ '만능 볶음요리 소스' 암꺼나 넣고 볶아도 천상의 맛! 우리모두 요리사가 됩니다. (진지) l 백종원의 쿠킹로그,22,"청양고추, 꽈리고추를 넣어 볶아준다."
bMLfohWNsvQ,★NEW★ '만능 볶음요리 소스' 암꺼나 넣고 볶아도 천상의 맛! 우리모두 요리사가 됩니다. (진지) l 백종원의 쿠킹로그,23,양상추데침요리
bMLfohWNsvQ,★NEW★ '만능 볶음요리 소스' 암꺼나 넣고 볶아도 천상의 맛! 우리모두 요리사가 됩니다. (진지) l 백종원의 쿠킹로그,24,대파는 송송 썰어 준비한다.
bMLfohWNsvQ,★NEW★ '만능 볶음요리 소스' 암꺼나 넣고 볶아도 천상의 맛! 우리모두 요리사가 됩니다. (진지) l 백종원의 쿠킹로그,25,양상추는 한장한장 큼지막하게 뜯어준비한다.
bMLfohWNsvQ,★NEW★ '만능 볶음요리 소스' 암꺼나 넣고 볶아도 천상의 맛! 우리모두 요리사가 됩니다. (진지) l 백종원의 쿠킹로그,26,끓는물에 식용유를 넣고 양상추를 데쳐낸다.
bMLfohWNsvQ,★NEW★ '만능 볶음요리 소스' 암꺼나 넣고 볶아도 천상의 맛! 우리모두 요리사가 됩니다. (진지) l 백종원의 쿠킹로그,27,데친 양상추는 접시에 넓게 펼쳐둔다.
bMLfohWNsvQ,★NEW★ '만능 볶음요리 소스' 암꺼나 넣고 볶아도 천상의 맛! 우리모두 요리사가 됩니다. (진지) l 백종원의 쿠킹로그,28,프라이팬에 식용유를 두르고 대파를 넣어 볶는다.
bMLfohWNsvQ,★NEW★ '만능 볶음요리 소스' 암꺼나 넣고 볶아도 천상의 맛! 우리모두 요리사가 됩니다. (진지) l 백종원의 쿠킹로그,29,"파기름 향이 올라오면 만능볶음요리소스, 물, 참기름을 넣어 소스를 만든다."
bMLfohWNsvQ,★NEW★ '만능 볶음요리 소스' 암꺼나 넣고 볶아도 천상의 맛! 우리모두 요리사가 됩니다. (진지) l 백종원의 쿠킹로그,30,데쳐 둔 양상추 위에 소스를 뿌려 완성한다.
bMLfohWNsvQ,★NEW★ '만능 볶음요리 소스' 암꺼나 넣고 볶아도 천상의 맛! 우리모두 요리사가 됩니다. (진지) l 백종원의 쿠킹로그,31,볶음밥
bMLfohWNsvQ,★NEW★ '만능 볶음요리 소스' 암꺼나 넣고 볶아도 천상의 맛! 우리모두 요리사가 됩니다. (진지) l 백종원의 쿠킹로그,32,프라이팬에 식용유를 두르고 달걀을 넣어 스크램블한다.
bMLfohWNsvQ,★NEW★ '만능 볶음요리 소스' 암꺼나 넣고 볶아도 천상의 맛! 우리모두 요리사가 됩니다. (진지) l 백종원의 쿠킹로그,33,달걀이 반 정도 익으면 한쪽으로 밀어둔 후 대파를 넣어 볶는다.
bMLfohWNsvQ,★NEW★ '만능 볶음요리 소스' 암꺼나 넣고 볶아도 천상의 맛! 우리모두 요리사가 됩니다. (진지) l 백종원의 쿠킹로그,34,대파와 달걀을 섞어준다.
bMLfohWNsvQ,★NEW★ '만능 볶음요리 소스' 암꺼나 넣고 볶아도 천상의 맛! 우리모두 요리사가 됩니다. (진지) l 백종원의 쿠킹로그,35,불을 약하게 줄이고 밥을 넣어 국자를 이용하여 섞어준다.
bMLfohWNsvQ,★NEW★ '만능 볶음요리 소스' 암꺼나 넣고 볶아도 천상의 맛! 우리모두 요리사가 됩니다. (진지) l 백종원의 쿠킹로그,36,밥이 골고루 섞이면 만능볶음요리소스를 넣고 볶아 완성한다.
bMLfohWNsvQ,★NEW★ '만능 볶음요리 소스' 암꺼나 넣고 볶아도 천상의 맛! 우리모두 요리사가 됩니다. (진지) l 백종원의 쿠킹로그,37,셀러리볶음
bMLfohWNsvQ,★NEW★ '만능 볶음요리 소스' 암꺼나 넣고 볶아도 천상의 맛! 우리모두 요리사가 됩니다. (진지) l 백종원의 쿠킹로그,38,대파는 송송 썰고 건고추는 가늘게 썰어 준비한다.
bMLfohWNsvQ,★NEW★ '만능 볶음요리 소스' 암꺼나 넣고 볶아도 천상의 맛! 우리모두 요리사가 됩니다. (진지) l 백종원의 쿠킹로그,39,셀러리는 어슷썰어 준비하고 돼지고기는 먹기좋은 크기로 썰어둔다.
bMLfohWNsvQ,★NEW★ '만능 볶음요리 소스' 암꺼나 넣고 볶아도 천상의 맛! 우리모두 요리사가 됩니다. (진지) l 백종원의 쿠킹로그,40,프라이팬에 식용유를 두르고 돼지고기에 후추를 뿌려 노릇하게 익힌다.
bMLfohWNsvQ,★NEW★ '만능 볶음요리 소스' 암꺼나 넣고 볶아도 천상의 맛! 우리모두 요리사가 됩니다. (진지) l 백종원의 쿠킹로그,41,고기가 익으면 대파를 넣어 볶는다.
bMLfohWNsvQ,★NEW★ '만능 볶음요리 소스' 암꺼나 넣고 볶아도 천상의 맛! 우리모두 요리사가 됩니다. (진지) l 백종원의 쿠킹로그,42,만능볶음요리소스를 넣고 골고루 섞이도록 볶아준다.
bMLfohWNsvQ,★NEW★ '만능 볶음요리 소스' 암꺼나 넣고 볶아도 천상의 맛! 우리모두 요리사가 됩니다. (진지) l 백종원의 쿠킹로그,43,"셀러리, 건고추를 넣어 볶아 완성한다."
bMLfohWNsvQ,★NEW★ '만능 볶음요리 소스' 암꺼나 넣고 볶아도 천상의 맛! 우리모두 요리사가 됩니다. (진지) l 백종원의 쿠킹로그,44,마늘쫑볶음
bMLfohWNsvQ,★NEW★ '만능 볶음요리 소스' 암꺼나 넣고 볶아도 천상의 맛! 우리모두 요리사가 됩니다. (진지) l 백종원의 쿠킹로그,45,대파는 송송 썰고 사천고추는 잘게 부워 준비한다.
bMLfohWNsvQ,★NEW★ '만능 볶음요리 소스' 암꺼나 넣고 볶아도 천상의 맛! 우리모두 요리사가 됩니다. (진지) l 백종원의 쿠킹로그,46,마늘쫑은 5cm정도 길이로 잘라둔다.
bMLfohWNsvQ,★NEW★ '만능 볶음요리 소스' 암꺼나 넣고 볶아도 천상의 맛! 우리모두 요리사가 됩니다. (진지) l 백종원의 쿠킹로그,47,프라이팬에 식용유를 두르고 대파를 넣어 파기름을 낸다.
bMLfohWNsvQ,★NEW★ '만능 볶음요리 소스' 암꺼나 넣고 볶아도 천상의 맛! 우리모두 요리사가 됩니다. (진지) l 백종원의 쿠킹로그,48,파기름 향이 올라오면 돼지고기를 넣어 볶아준다.
bMLfohWNsvQ,★NEW★ '만능 볶음요리 소스' 암꺼나 넣고 볶아도 천상의 맛! 우리모두 요리사가 됩니다. (진지) l 백종원의 쿠킹로그,49,"돼지고기가 익으면 마늘쫑, 사천고추, 만능볶음요리소스를 넣어 볶아준다."
bMLfohWNsvQ,★NEW★ '만능 볶음요리 소스' 암꺼나 넣고 볶아도 천상의 맛! 우리모두 요리사가 됩니다. (진지) l 백종원의 쿠킹로그,50,공심채볶음
bMLfohWNsvQ,★NEW★ '만능 볶음요리 소스' 암꺼나 넣고 볶아도 천상의 맛! 우리모두 요리사가 됩니다. (진지) l 백종원의 쿠킹로그,51,대파는 송송 썰고 홍고추는 어슷썰어 준비한다.
bMLfohWNsvQ,★NEW★ '만능 볶음요리 소스' 암꺼나 넣고 볶아도 천상의 맛! 우리모두 요리사가 됩니다. (진지) l 백종원의 쿠킹로그,52,공심채는 10cm정도로 썰어 준비한다.
bMLfohWNsvQ,★NEW★ '만능 볶음요리 소스' 암꺼나 넣고 볶아도 천상의 맛! 우리모두 요리사가 됩니다. (진지) l 백종원의 쿠킹로그,53,"프라이팬에 물, 만능볶음요리소스를 넣어 졸여준다."
bMLfohWNsvQ,★NEW★ '만능 볶음요리 소스' 암꺼나 넣고 볶아도 천상의 맛! 우리모두 요리사가 됩니다. (진지) l 백종원의 쿠킹로그,54,"양념장이 절반으로 졸아들면 공심채, 홍고추를 넣어 볶아 완성한다."
bZWlQXGywRc,고기와 싸먹으면 정~말 맛있는 파프리카 무침! 입안에서 톡!! Bursts in Your Mouth! Paprika Muchim,1,* 고추장파프리카무침
bZWlQXGywRc,고기와 싸먹으면 정~말 맛있는 파프리카 무침! 입안에서 톡!! Bursts in Your Mouth! Paprika Muchim,2,"파프리카는 씨와 꼭지를 제거한 뒤, 0.4cm 두께로 채 썬다."
bZWlQXGywRc,고기와 싸먹으면 정~말 맛있는 파프리카 무침! 입안에서 톡!! Bursts in Your Mouth! Paprika Muchim,3,대파는 송송 썬다.
bZWlQXGywRc,고기와 싸먹으면 정~말 맛있는 파프리카 무침! 입안에서 톡!! Bursts in Your Mouth! Paprika Muchim,4,"볼에 파프리카 2종, 대파, 간마늘, 황설탕, 고추장, 굵은고춧가루를 넣어 골고루 버무린다."
bZWlQXGywRc,고기와 싸먹으면 정~말 맛있는 파프리카 무침! 입안에서 톡!! Bursts in Your Mouth! Paprika Muchim,5,참기름을 넣고 버무린 후 통깨 뿌려 마무리한다.
bZWlQXGywRc,고기와 싸먹으면 정~말 맛있는 파프리카 무침! 입안에서 톡!! Bursts in Your Mouth! Paprika Muchim,6,(통깨를 절구에 갈아서 넣어줘도 된다.)
bZWlQXGywRc,고기와 싸먹으면 정~말 맛있는 파프리카 무침! 입안에서 톡!! Bursts in Your Mouth! Paprika Muchim,7,그릇에 옮겨 담고 통깨를 뿌려 완성한다.
bZWlQXGywRc,고기와 싸먹으면 정~말 맛있는 파프리카 무침! 입안에서 톡!! Bursts in Your Mouth! Paprika Muchim,8,* 된장파프리카무침
bZWlQXGywRc,고기와 싸먹으면 정~말 맛있는 파프리카 무침! 입안에서 톡!! Bursts in Your Mouth! Paprika Muchim,9,"볼에 파프리카 2종, 대파, 간마늘, 황설탕, 된장, 굵은고춧가루를 넣어 골고루 버무린다."
bZWlQXGywRc,고기와 싸먹으면 정~말 맛있는 파프리카 무침! 입안에서 톡!! Bursts in Your Mouth! Paprika Muchim,10,참기름을 넣고 버무린 후 통깨를 뿌려 마무리한다.
cUQzxhmYdGs,양배추전으로 살 10kg 그냥 뺍니다,1,도 초간단에 맛까지 잡았쥬
cUQzxhmYdGs,양배추전으로 살 10kg 그냥 뺍니다,2,양배추전에 한번 맛 들이면
cUQzxhmYdGs,양배추전으로 살 10kg 그냥 뺍니다,3,한 달 뒤엔 가족도 몰라보게 살 빠져유!!
cUQzxhmYdGs,양배추전으로 살 10kg 그냥 뺍니다,4,[양배추 전] 1~2인분 양
cUQzxhmYdGs,양배추전으로 살 10kg 그냥 뺍니다,5,양배추는 두께 0.3cm 로 채 썰어 준비한다.
cUQzxhmYdGs,양배추전으로 살 10kg 그냥 뺍니다,6,대파는 두께 0.3cm 로 송송 썬다.
cUQzxhmYdGs,양배추전으로 살 10kg 그냥 뺍니다,7,* 대파는 취향에 따라 넉넉하게 넣어도 좋다.
cUQzxhmYdGs,양배추전으로 살 10kg 그냥 뺍니다,8,당근도 두께 0.3cm 로 채 썬다.
cUQzxhmYdGs,양배추전으로 살 10kg 그냥 뺍니다,9,"볼에 양배추, 대파, 당근을 넣고 소금, 후추가루를 넣고 잘 섞는다."
cUQzxhmYdGs,양배추전으로 살 10kg 그냥 뺍니다,10,* 맛소금과 꽃소금 둘 다 사용해도 된다.
cUQzxhmYdGs,양배추전으로 살 10kg 그냥 뺍니다,11,튀김가루를 넣고 야채에 튀김가루가 골고루 뭍을 수 있도록 섞는다.
cUQzxhmYdGs,양배추전으로 살 10kg 그냥 뺍니다,12,* 부침가루로 대체해도 된다.
cUQzxhmYdGs,양배추전으로 살 10kg 그냥 뺍니다,13,* 준비한 야채의 양을 보고 튀김가루 양은 조절한다.
cUQzxhmYdGs,양배추전으로 살 10kg 그냥 뺍니다,14,작은 볼에 달걀을 깨 넣고 가볍게 풀어준 뒤 반죽에 넣어 날가루가 보이지 않을 정도로 섞어준다.
cUQzxhmYdGs,양배추전으로 살 10kg 그냥 뺍니다,15,프라이팬을 강불에 놓고 식용유를 넉넉히 두른다.
cUQzxhmYdGs,양배추전으로 살 10kg 그냥 뺍니다,16,달궈진 팬에 양배추 전 반죽을 두껍게 모두 올린 뒤 약불로 줄인다.
cUQzxhmYdGs,양배추전으로 살 10kg 그냥 뺍니다,17,밑면이 노릇노릇하게 익었다면 뒤집기 전 기름을 따라내고 양배추 전을 뒤집은 뒤
cUQzxhmYdGs,양배추전으로 살 10kg 그냥 뺍니다,18,따라낸 기름을 다시 붓는다.
cUQzxhmYdGs,양배추전으로 살 10kg 그냥 뺍니다,19,양면이 노릇하게 익은 양배추 전은 접시에 담아 완성한다.
cUQzxhmYdGs,양배추전으로 살 10kg 그냥 뺍니다,20,* 가운데를 약간 눌렀을 때 약간 단단한 느낌이 들면 익은 것이다.
ceSuK8MVEb4,봄나물~ 쉽고 간단한 황금비율 달래장 레시피! 봄에는 역시 달래죠?,1,달래는 껍질이 없도록 깨끗하게 세척한 후 물기를 제거하여 준비한다.
ceSuK8MVEb4,봄나물~ 쉽고 간단한 황금비율 달래장 레시피! 봄에는 역시 달래죠?,2,세척한 달래는 약1~2cm 길이로 썬다.
ceSuK8MVEb4,봄나물~ 쉽고 간단한 황금비율 달래장 레시피! 봄에는 역시 달래죠?,3,청양고추는 꼭지를 제거한 후 길게 반으로 갈라 두께 0.3cm로 송송 썬다.
ceSuK8MVEb4,봄나물~ 쉽고 간단한 황금비율 달래장 레시피! 봄에는 역시 달래죠?,4,"깊은 볼에 달래, 청양고추, 간 마늘, 황설탕, 진간장, 굵은 고추가루를 넣고 섞는다."
ceSuK8MVEb4,봄나물~ 쉽고 간단한 황금비율 달래장 레시피! 봄에는 역시 달래죠?,5,* 간장은 재료량의 1/2 ~ 2/3 높이 정도가 적당하다.
ceSuK8MVEb4,봄나물~ 쉽고 간단한 황금비율 달래장 레시피! 봄에는 역시 달래죠?,6,* 간장을 많이 넣을 경우 채소즙이나 다른 양념장의 맛이 가려져 간장 맛만 날 수 있으니 주의한다.
ceSuK8MVEb4,봄나물~ 쉽고 간단한 황금비율 달래장 레시피! 봄에는 역시 달래죠?,7,통깨를 잘게 빻아 양념장에 넣고 섞어준 후 참기름을 넣어 완성한다.
ceSuK8MVEb4,봄나물~ 쉽고 간단한 황금비율 달래장 레시피! 봄에는 역시 달래죠?,8,완성된 달래간장은 먹을 양만 덜어낸 후 밀폐 통에 담아 냉장 보관을 한다.
ceSuK8MVEb4,봄나물~ 쉽고 간단한 황금비율 달래장 레시피! 봄에는 역시 달래죠?,9,* 약 1주일 정도 보관 가능하다.
cnWyo34CPUY,냉동만두 쉽게 굽기! 사라는 거 아닙니다!ㅎㅎㅎ ㅣ 백종원의 쿠킹로그,1,집에서 냉동만두 구울 때 어려우셨나요?
cnWyo34CPUY,냉동만두 쉽게 굽기! 사라는 거 아닙니다!ㅎㅎㅎ ㅣ 백종원의 쿠킹로그,2,냉동만두 맛있고 쉽게 굽는 법 알려드릴게요.
dKD_C-1XklE,눈오는 쌀쌀한 날씨엔 어묵전골! 따듯한 국물에 ㅋ ㅑ~~ㅣ 백종원의 쿠킹로그,1,*멸치육수
dKD_C-1XklE,눈오는 쌀쌀한 날씨엔 어묵전골! 따듯한 국물에 ㅋ ㅑ~~ㅣ 백종원의 쿠킹로그,2,무는 두께 1cm 정도 네모진 모양으로 썰고 양파는 1/2개 통으로 준비한다.
dKD_C-1XklE,눈오는 쌀쌀한 날씨엔 어묵전골! 따듯한 국물에 ㅋ ㅑ~~ㅣ 백종원의 쿠킹로그,3,"냄비에 물, 멸치가루, 무, 양파, 진간장, 맛술, 멸치다시다, 다시마를 넣어 끓인다."
dKD_C-1XklE,눈오는 쌀쌀한 날씨엔 어묵전골! 따듯한 국물에 ㅋ ㅑ~~ㅣ 백종원의 쿠킹로그,4,간마늘은 체에 밭쳐 육수에 담가 풀어주거나 볼에 간마늘을 담고 육수를 부어 우러나게 한다.
dKD_C-1XklE,눈오는 쌀쌀한 날씨엔 어묵전골! 따듯한 국물에 ㅋ ㅑ~~ㅣ 백종원의 쿠킹로그,5,육수가 끓으면 중불로 줄여 무가 익을 정도 까지 끓인다.
dKD_C-1XklE,눈오는 쌀쌀한 날씨엔 어묵전골! 따듯한 국물에 ㅋ ㅑ~~ㅣ 백종원의 쿠킹로그,6,무가 익으면 가쓰오부시를 체에 밭쳐 풀어준다.
dKD_C-1XklE,눈오는 쌀쌀한 날씨엔 어묵전골! 따듯한 국물에 ㅋ ㅑ~~ㅣ 백종원의 쿠킹로그,7,우려 둔 마늘국물을 체에 밭쳐 부어 끓여준다.
dKD_C-1XklE,눈오는 쌀쌀한 날씨엔 어묵전골! 따듯한 국물에 ㅋ ㅑ~~ㅣ 백종원의 쿠킹로그,8,*어묵전골
dKD_C-1XklE,눈오는 쌀쌀한 날씨엔 어묵전골! 따듯한 국물에 ㅋ ㅑ~~ㅣ 백종원의 쿠킹로그,9,표고버섯은 꽃모양으로 손질하고 새송이버섯은 4등분 하여 준비한다.
dKD_C-1XklE,눈오는 쌀쌀한 날씨엔 어묵전골! 따듯한 국물에 ㅋ ㅑ~~ㅣ 백종원의 쿠킹로그,10,"홍고추, 풋고추, 청양고추, 대파는 큼직하게 어슷썰기 한다."
dKD_C-1XklE,눈오는 쌀쌀한 날씨엔 어묵전골! 따듯한 국물에 ㅋ ㅑ~~ㅣ 백종원의 쿠킹로그,11,"가래떡, 사각어묵은 꼬지에 꽂아 준비한다."
dKD_C-1XklE,눈오는 쌀쌀한 날씨엔 어묵전골! 따듯한 국물에 ㅋ ㅑ~~ㅣ 백종원의 쿠킹로그,12,모둠어묵은 먹기 좋은 크기로 자르거나 꼬지에 꽂아 둔다.
dKD_C-1XklE,눈오는 쌀쌀한 날씨엔 어묵전골! 따듯한 국물에 ㅋ ㅑ~~ㅣ 백종원의 쿠킹로그,13,전골냄비에 재료를 끼운 꼬지를 둘러 담고 가운데에 잘라 둔 어묵을 담는다.
dKD_C-1XklE,눈오는 쌀쌀한 날씨엔 어묵전골! 따듯한 국물에 ㅋ ㅑ~~ㅣ 백종원의 쿠킹로그,14,"메추리알, 새송이버섯, 대파, 홍고추, 청양고추를 보기 좋게 둘러 담는다."
dKD_C-1XklE,눈오는 쌀쌀한 날씨엔 어묵전골! 따듯한 국물에 ㅋ ㅑ~~ㅣ 백종원의 쿠킹로그,15,"육수에 사용한 무, 다시마를 건져 전골냄비에 담아준다."
dKD_C-1XklE,눈오는 쌀쌀한 날씨엔 어묵전골! 따듯한 국물에 ㅋ ㅑ~~ㅣ 백종원의 쿠킹로그,16,표고버섯을 가운데에 올리고 육수를 부은 후 후춧가루를 뿌려 끓인다.
dKD_C-1XklE,눈오는 쌀쌀한 날씨엔 어묵전골! 따듯한 국물에 ㅋ ㅑ~~ㅣ 백종원의 쿠킹로그,17,어묵이 익으면 쑥갓을 올려 마무리한다.
dKD_C-1XklE,눈오는 쌀쌀한 날씨엔 어묵전골! 따듯한 국물에 ㅋ ㅑ~~ㅣ 백종원의 쿠킹로그,18,*양념간장
dKD_C-1XklE,눈오는 쌀쌀한 날씨엔 어묵전골! 따듯한 국물에 ㅋ ㅑ~~ㅣ 백종원의 쿠킹로그,19,"대파, 청양고추는 가늘게 송송 썰어 준비한다."
dKD_C-1XklE,눈오는 쌀쌀한 날씨엔 어묵전골! 따듯한 국물에 ㅋ ㅑ~~ㅣ 백종원의 쿠킹로그,20,"그릇에 진간장, 물을 섞고 연겨자, 청양고추, 대파를 올린다."
dQnjf9ouGgk,제가 갖고 있는 와인 중에 제일 저렴한(?) 와인으로 뱅쇼 끓여봤습니다...?,1,"사과, 레몬,오렌지는 깨끗하게 세척한 후 반으로 잘라 두께 1cm로 편썬다."
dQnjf9ouGgk,제가 갖고 있는 와인 중에 제일 저렴한(?) 와인으로 뱅쇼 끓여봤습니다...?,2,* 귤이 있다면 오렌지 대신 사용해도 좋다.
dQnjf9ouGgk,제가 갖고 있는 와인 중에 제일 저렴한(?) 와인으로 뱅쇼 끓여봤습니다...?,3,시나몬 스틱은 반으로 잘라 준비한다.
dQnjf9ouGgk,제가 갖고 있는 와인 중에 제일 저렴한(?) 와인으로 뱅쇼 끓여봤습니다...?,4,* 시나몬 스틱은 기호에 맞게 양을 조절한다.
dQnjf9ouGgk,제가 갖고 있는 와인 중에 제일 저렴한(?) 와인으로 뱅쇼 끓여봤습니다...?,5,"냄비에 잘라 둔 과일, 시나몬 스틱, 꿀, 와인을 넣고 강불에 끓인다."
dQnjf9ouGgk,제가 갖고 있는 와인 중에 제일 저렴한(?) 와인으로 뱅쇼 끓여봤습니다...?,6,* 꿀이 없다면 설탕을 넣어도 좋다.
dQnjf9ouGgk,제가 갖고 있는 와인 중에 제일 저렴한(?) 와인으로 뱅쇼 끓여봤습니다...?,7,* 꿀이나 설탕을 넣지 않고 맛을 본 후 기호에 맞게 마지막에 넣어도 좋다.
dQnjf9ouGgk,제가 갖고 있는 와인 중에 제일 저렴한(?) 와인으로 뱅쇼 끓여봤습니다...?,9,바글바글 끓어 오르면 약불로 줄여 약 25분 끓인다.
dQnjf9ouGgk,제가 갖고 있는 와인 중에 제일 저렴한(?) 와인으로 뱅쇼 끓여봤습니다...?,11,* 뱅쇼는 끓인 후 냄비에 담긴 그대로 하루 정도 숙성하여 먹으면 더욱 맛있다.
dQnjf9ouGgk,제가 갖고 있는 와인 중에 제일 저렴한(?) 와인으로 뱅쇼 끓여봤습니다...?,12,* 뱅쇼는 체에 걸러 과일과 시나몬 스틱을 건져낸 후 밀폐된 병에 보관하여 먹기 전에 데워 먹는다.
dUANwQmPhU4,집에서 만들어 먹는 마리텔 칵테일 깻잎모히토,1,레몬을 깨끗이 씻어서 세로로 반 자른다.
dUANwQmPhU4,집에서 만들어 먹는 마리텔 칵테일 깻잎모히토,3,레몬의 나머지 반쪽은 두께 0.3cm 정도로 얇게 썰어 넣는다.
dUANwQmPhU4,집에서 만들어 먹는 마리텔 칵테일 깻잎모히토,4,깻잎은 세로로 길게 자른 후 손으로 여러 번 찢어 넣는다.
dUANwQmPhU4,집에서 만들어 먹는 마리텔 칵테일 깻잎모히토,5,황설탕과 사각 얼음을 5개 정도 남기고 넣어 밀대를 사용하여 깻잎과 레몬을 짓이겨준다.
dUANwQmPhU4,집에서 만들어 먹는 마리텔 칵테일 깻잎모히토,6,준비한 소주량의 절반 정도를 넣고 밀대로 깻잎과 레몬을 더 으깬다.
dUANwQmPhU4,집에서 만들어 먹는 마리텔 칵테일 깻잎모히토,7,스프라이트를 넣고 한 번 더 골고루 섞는다.
dUANwQmPhU4,집에서 만들어 먹는 마리텔 칵테일 깻잎모히토,8,남겨둔 얼음을 넣고 골고루 섞는다.
dUANwQmPhU4,집에서 만들어 먹는 마리텔 칵테일 깻잎모히토,9,잔에 모히또를 옮겨 담아 완성한다.
dUANwQmPhU4,집에서 만들어 먹는 마리텔 칵테일 깻잎모히토,10,"Tip: 다 마시고 남은 건더기와 남은 소주 반병, 스프라이트를 섞어 추가로 만들어 먹어도 좋다."
dXN1dlsYdJI,가을 햇무가 좋은 시기입니다. 가을 무로 만드는 간단한 무생채와 맛있는 무생채 비빔밥입니다! ㅣ 백종원의 쿠킹로그,1,무는 깨끗하게 세척하여 껍질을 제거한다.
dXN1dlsYdJI,가을 햇무가 좋은 시기입니다. 가을 무로 만드는 간단한 무생채와 맛있는 무생채 비빔밥입니다! ㅣ 백종원의 쿠킹로그,2,무는 채 칼을 이용하여 일정한 두께로 썰어 준비한다.
dXN1dlsYdJI,가을 햇무가 좋은 시기입니다. 가을 무로 만드는 간단한 무생채와 맛있는 무생채 비빔밥입니다! ㅣ 백종원의 쿠킹로그,3,대파는 송송 썬다.
dXN1dlsYdJI,가을 햇무가 좋은 시기입니다. 가을 무로 만드는 간단한 무생채와 맛있는 무생채 비빔밥입니다! ㅣ 백종원의 쿠킹로그,4,"채 썬 무에 꽃소금, 황설탕, 고운 고춧가루, 간 마늘, 식초, 대파를 넣고 잘 버무려준다."
dXN1dlsYdJI,가을 햇무가 좋은 시기입니다. 가을 무로 만드는 간단한 무생채와 맛있는 무생채 비빔밥입니다! ㅣ 백종원의 쿠킹로그,5,깨소금을 넣어 섞은 후 마무리한다.
dXN1dlsYdJI,가을 햇무가 좋은 시기입니다. 가을 무로 만드는 간단한 무생채와 맛있는 무생채 비빔밥입니다! ㅣ 백종원의 쿠킹로그,6,*액젓을 이용한 방법
dXN1dlsYdJI,가을 햇무가 좋은 시기입니다. 가을 무로 만드는 간단한 무생채와 맛있는 무생채 비빔밥입니다! ㅣ 백종원의 쿠킹로그,7,대파는 송송 썰어 준비한다.
dXN1dlsYdJI,가을 햇무가 좋은 시기입니다. 가을 무로 만드는 간단한 무생채와 맛있는 무생채 비빔밥입니다! ㅣ 백종원의 쿠킹로그,8,"채 썬 무에 멸치액젓, 황설탕, 고운 고춧가루, 간 마늘, 식초, 대파, 꽃소금, 깨소금을 넣고 잘 버무려준다."
dXN1dlsYdJI,가을 햇무가 좋은 시기입니다. 가을 무로 만드는 간단한 무생채와 맛있는 무생채 비빔밥입니다! ㅣ 백종원의 쿠킹로그,9,부족한 간은 소금을 넣어가며 맞춰 완성한다.
dXN1dlsYdJI,가을 햇무가 좋은 시기입니다. 가을 무로 만드는 간단한 무생채와 맛있는 무생채 비빔밥입니다! ㅣ 백종원의 쿠킹로그,10,"* 수저, 컵의 크기에 따라 계량이 달라질 수 있으니, 정확한 계량을 원하시는 분은 정량에 표기된 g(그램)으로 계량하여 주시기 바랍니다."
du9q1BldDHU,식당에서 파는 그 닭고기 덮밥 Chicken Deopbap that is served at Restaurants!,1,닭고기는 사방 2cm 크기로 자른다.
du9q1BldDHU,식당에서 파는 그 닭고기 덮밥 Chicken Deopbap that is served at Restaurants!,2,"양파는 반으로 갈라 0.3cm 두께로 채 썰고, 대파는 0.3cm 두께로 어슷 썬다."
du9q1BldDHU,식당에서 파는 그 닭고기 덮밥 Chicken Deopbap that is served at Restaurants!,3,달걀을 젓가락으로 잘 저어 가볍게 풀어 준다.
du9q1BldDHU,식당에서 파는 그 닭고기 덮밥 Chicken Deopbap that is served at Restaurants!,4,"진간장, 황설탕, 맛술을 섞어 덮밥소스를 만든다."
du9q1BldDHU,식당에서 파는 그 닭고기 덮밥 Chicken Deopbap that is served at Restaurants!,5,프라이팬에 식용유를 두르고 닭고기의 껍질 부분을 바닥으로 가게 올려 굽는다.
du9q1BldDHU,식당에서 파는 그 닭고기 덮밥 Chicken Deopbap that is served at Restaurants!,6,닭고기의 기름이 나오기 시작하면 양파를 가장자리에 올린 후 눌려준다.
du9q1BldDHU,식당에서 파는 그 닭고기 덮밥 Chicken Deopbap that is served at Restaurants!,8,"닭고기가 하얗게 변하면 덮밥소스, 물을 넣어 끓인다."
du9q1BldDHU,식당에서 파는 그 닭고기 덮밥 Chicken Deopbap that is served at Restaurants!,9,훈연멸치가루를 넣고 뚜껑을 덮어 익힌다.
du9q1BldDHU,식당에서 파는 그 닭고기 덮밥 Chicken Deopbap that is served at Restaurants!,10,"닭이 완전히 익으면 달걀물, 대파를 넣고 뚜껑을 덮어 익힌다."
du9q1BldDHU,식당에서 파는 그 닭고기 덮밥 Chicken Deopbap that is served at Restaurants!,11,완성 그릇에 밥을 담은 후 덮밥 재료를 얹어 완성한다.
dxuntkET42M,'참치캔'으로 만드는 참치함박스테이크,1,"양파, 대파, 청양고추를 최대한 잘게 다진다."
dxuntkET42M,'참치캔'으로 만드는 참치함박스테이크,2,참치는 기름을 따라내고 살코기만 준비한다.
dxuntkET42M,'참치캔'으로 만드는 참치함박스테이크,3,"볼에 참치 살코기와 다져서 준비해둔 양파, 대파, 간마늘, 청양고추, 달걀을 넣어 골고루 섞는다."
dxuntkET42M,'참치캔'으로 만드는 참치함박스테이크,4,반죽에 부침가루를 넣어 골고루 섞는다.
dxuntkET42M,'참치캔'으로 만드는 참치함박스테이크,5,프라이팬에 식용유를 두르고 강 불에 예열한다.
dxuntkET42M,'참치캔'으로 만드는 참치함박스테이크,6,빈 참치캔에 반죽을 가득 평평하게 담아 예열 된 프라이팬에 엎어 모양을 잡고 약 불로 줄여 골고루 튀기듯이 익힌다.
dxuntkET42M,'참치캔'으로 만드는 참치함박스테이크,7,참치 함박 스테이크의 양면이 골고루 익도록 뒤집개를 이용해 뒤집어가며 익힌다.
dxuntkET42M,'참치캔'으로 만드는 참치함박스테이크,8,"빈 참치캔에 진간장, 황설탕, 케첩을 넣은 후 나머지는 정수물을 채워 넣고 골고루 섞어 소스를 준비한다."
dxuntkET42M,'참치캔'으로 만드는 참치함박스테이크,9,참치 함박 스테이크의 양면이 노릇해지면 버터를 넣고 프라이팬을 돌려가며 버터향을 골고루 입힌다.
dxuntkET42M,'참치캔'으로 만드는 참치함박스테이크,12,스테이크가 너무 두꺼울 경우에는 약 불로 줄여 스테이크를 익혀가면서 천천히 졸인다.
dxuntkET42M,'참치캔'으로 만드는 참치함박스테이크,13,졸일 때 함박 스테이크를 한 번 정도 뒤집어 주며 소스의 농도가 돈가스 소스 정도가 되면 불을 끈다.
dxuntkET42M,'참치캔'으로 만드는 참치함박스테이크,14,새 프라이팬에 식용유를 두르고 튀기듯이 달걀 프라이를 만든다.
dxuntkET42M,'참치캔'으로 만드는 참치함박스테이크,15,"접시에 참치함박스테이크, 달걀 프라이를 올려주고 팬에 남은 함박 스테이크 소스를 뿌린다."
dxuntkET42M,'참치캔'으로 만드는 참치함박스테이크,16,파슬리 가루를 뿌려 완성한다.
dxuntkET42M,'참치캔'으로 만드는 참치함박스테이크,17,식빵에 완성된 참치 함박 스테이크를 넣어먹어도 맛있다.
e--h7ax_6pQ,참치김치찌개 끓이기 전에 '이거' 같이 안 해 먹으면 손해!,1,"대파, 청양고추는 두께 0.4cm로 송송 썰고 양파는 두께 0.4cm로 채 썬다."
e--h7ax_6pQ,참치김치찌개 끓이기 전에 '이거' 같이 안 해 먹으면 손해!,2,두부는 두께 1cm로 썰어 준비한다.
e--h7ax_6pQ,참치김치찌개 끓이기 전에 '이거' 같이 안 해 먹으면 손해!,3,"냄비에 신김치, 양파, 대파, 청양고추, 참치, 정수 물, 간 마늘, 굵은 고춧가루, 황설탕, 국간장을 넣고 강불에 끓인다."
e--h7ax_6pQ,참치김치찌개 끓이기 전에 '이거' 같이 안 해 먹으면 손해!,4,* 멸치다시다를 넣으면 더욱 진한 맛을 낼 수 있다.
e--h7ax_6pQ,참치김치찌개 끓이기 전에 '이거' 같이 안 해 먹으면 손해!,5,* 멸치다시다를 사용할 경우 국간장의 양을 줄인다.
e--h7ax_6pQ,참치김치찌개 끓이기 전에 '이거' 같이 안 해 먹으면 손해!,7,찌개가 끓기 시작하면 두부를 넣어 약 5분 정도 끓인 후 중불로 줄여 끓여가면서 먹는다.
e--h7ax_6pQ,참치김치찌개 끓이기 전에 '이거' 같이 안 해 먹으면 손해!,8,[ 참치 양념 간장밥 ]
e--h7ax_6pQ,참치김치찌개 끓이기 전에 '이거' 같이 안 해 먹으면 손해!,9,진간장 약 1큰술(12g)
e--h7ax_6pQ,참치김치찌개 끓이기 전에 '이거' 같이 안 해 먹으면 손해!,10,양파 약간(8g)
e--h7ax_6pQ,참치김치찌개 끓이기 전에 '이거' 같이 안 해 먹으면 손해!,11,청양고추 약 1개(7g)
e--h7ax_6pQ,참치김치찌개 끓이기 전에 '이거' 같이 안 해 먹으면 손해!,12,대파 약간(7g)
e--h7ax_6pQ,참치김치찌개 끓이기 전에 '이거' 같이 안 해 먹으면 손해!,13,간 마늘 약 1/5큰술(4g)
e--h7ax_6pQ,참치김치찌개 끓이기 전에 '이거' 같이 안 해 먹으면 손해!,14,참기름 약 1/3큰술(2g)
e--h7ax_6pQ,참치김치찌개 끓이기 전에 '이거' 같이 안 해 먹으면 손해!,15,굵은 고춧가루 약간(1g)
e--h7ax_6pQ,참치김치찌개 끓이기 전에 '이거' 같이 안 해 먹으면 손해!,16,황설탕 약간(1g)
e--h7ax_6pQ,참치김치찌개 끓이기 전에 '이거' 같이 안 해 먹으면 손해!,17,"대파, 청양고추는 반 갈라 두께 0.3cm로 송송 썬다."
e--h7ax_6pQ,참치김치찌개 끓이기 전에 '이거' 같이 안 해 먹으면 손해!,18,양파는 두께 0.5~1cm 크기로 다져 준비한다.
e--h7ax_6pQ,참치김치찌개 끓이기 전에 '이거' 같이 안 해 먹으면 손해!,19,"깊은 그릇에 대파, 청양고추, 양파, 진간장, 굵은 고춧가루, 간 마늘, 황설탕, 참기름을 넣고 섞어 완성한다."
eAbOOz5KMG0,*따라하지 마세요*,1,요즘 술게임 중에 '백종원 게임'이라고 아세요?
eAbOOz5KMG0,*따라하지 마세요*,2,"인터넷에 검색했을 때 제 레시피가 없는 한식을 말해야 이기는 게임인데요,"
eAbOOz5KMG0,*따라하지 마세요*,3,그래서 오늘은 독특하고 새로운 요리로 한번 준비해봤습니다!
eIo2BaE6LxI,집에 있는 재료로 만드는 김치볶음밥!,1,대파는 반으로 갈라 송송 썰고 소시지는 얇게 썰어 준비한다.
eIo2BaE6LxI,집에 있는 재료로 만드는 김치볶음밥!,2,김치는 가위를 이용하여 잘게 썰어 준비한다.
eIo2BaE6LxI,집에 있는 재료로 만드는 김치볶음밥!,3,"팬에 식용유를 두르고 대파, 소시지를 넣어 노릇하게 볶는다."
eIo2BaE6LxI,집에 있는 재료로 만드는 김치볶음밥!,4,소시지가 노릇해지면 설탕을 넣어 눌어붙도록 볶아준다.
eIo2BaE6LxI,집에 있는 재료로 만드는 김치볶음밥!,5,설탕 향이 올라오면 간장을 넣어 볶는다.
eIo2BaE6LxI,집에 있는 재료로 만드는 김치볶음밥!,6,수분이 사라지면 김치를 넣고 약불에서 볶아준다.
eIo2BaE6LxI,집에 있는 재료로 만드는 김치볶음밥!,7,(양념장이 뭉쳐있을 경우 물을 넣어 볶아준다.)
eIo2BaE6LxI,집에 있는 재료로 만드는 김치볶음밥!,8,양념이 골고루 섞이면 즉석밥을 넣고 국자를 이용하여 풀어준다.
eIo2BaE6LxI,집에 있는 재료로 만드는 김치볶음밥!,9,밥알이 다 풀어지면 불에 올려 볶아준다.
eIo2BaE6LxI,집에 있는 재료로 만드는 김치볶음밥!,10,프라이팬에 식용유를 두르고 달걀프라이를 한다.
eIo2BaE6LxI,집에 있는 재료로 만드는 김치볶음밥!,11,"완성 접시에 김치볶음밥, 달걀프라이를 올리고 깨소금과 김 가루를 곁들인다."
eZzBMCZYEfc,집에 손님 올 때는 이 메뉴를 해보세요. Make This Dish When You Have Guests Over!,1,* 돼지고기모둠찜
eZzBMCZYEfc,집에 손님 올 때는 이 메뉴를 해보세요. Make This Dish When You Have Guests Over!,2,"청경채는 길게 4등분으로 자르거나 꼭지를 제거하여 낱장으로 준비한 후 물에 세척하고, 숙주는 흐르는 물에 세척해 준다."
eZzBMCZYEfc,집에 손님 올 때는 이 메뉴를 해보세요. Make This Dish When You Have Guests Over!,3,"양파와 표고버섯은 두께 0.4cm로 채 썰고, 고구마와 당근은 얇게 채 썰어준다."
eZzBMCZYEfc,집에 손님 올 때는 이 메뉴를 해보세요. Make This Dish When You Have Guests Over!,4,"볼에 숙주, 양파, 표고버섯, 고구마, 청경채, 당근을 큰 볼에 넣고 골고루 섞어 준비한다."
eZzBMCZYEfc,집에 손님 올 때는 이 메뉴를 해보세요. Make This Dish When You Have Guests Over!,5,삼발이 위에 섞어놓은 채소와 돼지고기 후지 슬라이스 순서로 층층이 3단으로 쌓아준다.
eZzBMCZYEfc,집에 손님 올 때는 이 메뉴를 해보세요. Make This Dish When You Have Guests Over!,6,찜기에 삼발이가 잠기지 않을 정도의 물을 받아 올리고 물을 끓여준다.
eZzBMCZYEfc,집에 손님 올 때는 이 메뉴를 해보세요. Make This Dish When You Have Guests Over!,7,채소와 돼지고기를 층층이 쌓아 준비해놓은 삼발이를 끓는 물에 넣어 뚜껑을 닫고 약 7분간 쪄준다.
eZzBMCZYEfc,집에 손님 올 때는 이 메뉴를 해보세요. Make This Dish When You Have Guests Over!,9,* 양념장
eZzBMCZYEfc,집에 손님 올 때는 이 메뉴를 해보세요. Make This Dish When You Have Guests Over!,10,"볼에 진간장, 환만식초, 황설탕, 송송 썬 청양고추, 간 마늘, 굵은 고춧가루를 넣고 잘 섞어준다."
eeiqjyYgPew,식당에서 먹는 닭볶음탕의 비법은 바로~ What is the secret of Dak-bokkeum-tang in a restaurant?,1,토막 닭고기는 뼛가루 등 불순물과 내장을 물에 씻어서 제거한 후 가위집을 내어 준다.
eeiqjyYgPew,식당에서 먹는 닭볶음탕의 비법은 바로~ What is the secret of Dak-bokkeum-tang in a restaurant?,2,끓는 물에 손질한 닭을 살짝 데친 후 찬물에 헹군다.
eeiqjyYgPew,식당에서 먹는 닭볶음탕의 비법은 바로~ What is the secret of Dak-bokkeum-tang in a restaurant?,3,"새송이버섯, 양파는 먹기 좋은 크기로 큼직하게 썰고, 표고버섯은 적당한 크기로 썬다."
eeiqjyYgPew,식당에서 먹는 닭볶음탕의 비법은 바로~ What is the secret of Dak-bokkeum-tang in a restaurant?,4,"감자는 약 4등분으로 큼지막하게 썰고, 당근은 은행잎 모양으로 잘게 썬다."
eeiqjyYgPew,식당에서 먹는 닭볶음탕의 비법은 바로~ What is the secret of Dak-bokkeum-tang in a restaurant?,5,"대파는 4cm 길이로, 홍고추와 청양고추는 2cm 길이로 썬다."
eeiqjyYgPew,식당에서 먹는 닭볶음탕의 비법은 바로~ What is the secret of Dak-bokkeum-tang in a restaurant?,6,"깊은 팬에 데친 닭고기, 물, 감자, 양파, 황설탕을 넣고 뚜껑을 연채로 강불에서 끓인다."
eeiqjyYgPew,식당에서 먹는 닭볶음탕의 비법은 바로~ What is the secret of Dak-bokkeum-tang in a restaurant?,7,"닭고기가 하얗게 익고, 감자가 반쯤 익을 때쯤 당근과 새송이버섯, 표고버섯을 넣어준다."
eeiqjyYgPew,식당에서 먹는 닭볶음탕의 비법은 바로~ What is the secret of Dak-bokkeum-tang in a restaurant?,9,"총 15분 경과 후, 굵은 고춧가루, 고운 고춧가루를 넣고 섞는다."
eeiqjyYgPew,식당에서 먹는 닭볶음탕의 비법은 바로~ What is the secret of Dak-bokkeum-tang in a restaurant?,10,"진간장, 간 마늘, 후춧가루를 넣고 잘 섞은 후 끓여준다."
eeiqjyYgPew,식당에서 먹는 닭볶음탕의 비법은 바로~ What is the secret of Dak-bokkeum-tang in a restaurant?,11,"대파, 홍고추, 청양고추를 넣고 섞은 후 숨이 죽을 정도로만 끓여준다."
eeiqjyYgPew,식당에서 먹는 닭볶음탕의 비법은 바로~ What is the secret of Dak-bokkeum-tang in a restaurant?,12,접시에 담아 완성 시켜준다.
f0hg6R84f78,면역력 걱정없는 마늘볶음밥,1,통마늘은 칼등으로 으깬 후 잘게 다져서 준비한다.
f0hg6R84f78,면역력 걱정없는 마늘볶음밥,2,Tip: 통마늘은 얇게 편 썰어 고명으로 사용할 수 있다.
f0hg6R84f78,면역력 걱정없는 마늘볶음밥,3,간 마늘은 키친타월을 사용해 물기를 제거하여 준비한다.
f0hg6R84f78,면역력 걱정없는 마늘볶음밥,4,"프라이팬에 식용유를 두르고 통마늘, 간마늘을 넣어 중 불에 볶는다."
f0hg6R84f78,면역력 걱정없는 마늘볶음밥,5,마늘이 노릇해지기 시작하면 불을 끄거나 약 불로 줄이고 골고루 섞어가며 볶는다.
f0hg6R84f78,면역력 걱정없는 마늘볶음밥,6,전체적으로 마늘이 노릇해지면 진간장을 기름쪽에 넣고 눌리듯이 볶는다.
f0hg6R84f78,면역력 걱정없는 마늘볶음밥,7,"진간장이 볶아지면서 향이 올라오면 불을 끄고 맛소금, 밥을 넣고 숟가락과 나무주걱을 사용하여 골고루 섞는다."
f0hg6R84f78,면역력 걱정없는 마늘볶음밥,8,버터를 넣고 프라이팬을 강 불에 올린 후 버터가 골고루 섞일 수 있도록 볶는다.
f0hg6R84f78,면역력 걱정없는 마늘볶음밥,9,버터가 완전히 녹고 골고루 섞어지면 불을 끄고 접시에 담아 완성한다.
fD4wD3GTJq4,"천국의 맛 '치즈토스트', 그리고 사연 있는 초특급 신메뉴 최초 공개! l 백종원의 쿠킹로그",1,프라이팬에 체더치즈를 올리고 가장자리가 녹기 시작하면 식빵을 위에 올려준다.
fD4wD3GTJq4,"천국의 맛 '치즈토스트', 그리고 사연 있는 초특급 신메뉴 최초 공개! l 백종원의 쿠킹로그",2,식빵을 돌려가면서 골고루 치즈를 묻혀준 후 완전히 녹으면 남아있는 치즈의 가장자리 부분을 식빵에 붙여준다.
fD4wD3GTJq4,"천국의 맛 '치즈토스트', 그리고 사연 있는 초특급 신메뉴 최초 공개! l 백종원의 쿠킹로그",3,치즈가 식빵에 완전히 붙으면 식빵 뒷면을 눌러 준 후 뒤집어 준다.
fD4wD3GTJq4,"천국의 맛 '치즈토스트', 그리고 사연 있는 초특급 신메뉴 최초 공개! l 백종원의 쿠킹로그",4,"기호에 맞게 초코 잼, 딸기잼, 설탕 등을 곁들여 먹는다."
fD4wD3GTJq4,"천국의 맛 '치즈토스트', 그리고 사연 있는 초특급 신메뉴 최초 공개! l 백종원의 쿠킹로그",5,한입 치즈 토스트
fD4wD3GTJq4,"천국의 맛 '치즈토스트', 그리고 사연 있는 초특급 신메뉴 최초 공개! l 백종원의 쿠킹로그",6,프라이팬에 체더슬라이스치즈를 올리고 설탕을 살짝 뿌린다.
fD4wD3GTJq4,"천국의 맛 '치즈토스트', 그리고 사연 있는 초특급 신메뉴 최초 공개! l 백종원의 쿠킹로그",7,치즈의 가장자리가 녹기 시작하면 식빵을 올려준다.
fD4wD3GTJq4,"천국의 맛 '치즈토스트', 그리고 사연 있는 초특급 신메뉴 최초 공개! l 백종원의 쿠킹로그",8,식빵에 치즈가 붙으면 뒤집어 뒷면에도 치즈가 묻을 수 있도록 한다.
fD4wD3GTJq4,"천국의 맛 '치즈토스트', 그리고 사연 있는 초특급 신메뉴 최초 공개! l 백종원의 쿠킹로그",9,토스트를 도마 위에 꺼낸 후 딸기잼을 바르고 비닐 또는 랩을 이용하여 토스트를 말아 열기를 식혀준다.
fD4wD3GTJq4,"천국의 맛 '치즈토스트', 그리고 사연 있는 초특급 신메뉴 최초 공개! l 백종원의 쿠킹로그",10,모양이 잡힌 토스트를 1~2cm 정도로 잘라 완성한다.
fEYJSPSGaLI,중화제육면 1인분 만들기 ㅣ 백종원의 쿠킹로그,1,*중화제육소스
fEYJSPSGaLI,중화제육면 1인분 만들기 ㅣ 백종원의 쿠킹로그,2,대파는 송송 썰어 준비한다.
fEYJSPSGaLI,중화제육면 1인분 만들기 ㅣ 백종원의 쿠킹로그,3,프라이팬에 식용유를 두르고 대파를 넣어 파기름을 낸다.
fEYJSPSGaLI,중화제육면 1인분 만들기 ㅣ 백종원의 쿠킹로그,4,파기름 향이 올라오면 돼지고기를 넣고 뭉치지 않게 풀어가며 볶는다.
fEYJSPSGaLI,중화제육면 1인분 만들기 ㅣ 백종원의 쿠킹로그,5,고기 노릇하게 익으면 황설탕을 넣어 볶는다.
fEYJSPSGaLI,중화제육면 1인분 만들기 ㅣ 백종원의 쿠킹로그,6,진간장을 넣어 향을 내준다.
fEYJSPSGaLI,중화제육면 1인분 만들기 ㅣ 백종원의 쿠킹로그,7,"된장, 고추장, 간마늘을 넣어 중약불에서 풀어가며 볶는다."
fEYJSPSGaLI,중화제육면 1인분 만들기 ㅣ 백종원의 쿠킹로그,8,"고춧가루를 넣어 가볍게 섞고 물, 후춧가루를 넣는다."
fEYJSPSGaLI,중화제육면 1인분 만들기 ㅣ 백종원의 쿠킹로그,9,기호에 따라 미원을 넣고 농도나게 졸인다.
fEYJSPSGaLI,중화제육면 1인분 만들기 ㅣ 백종원의 쿠킹로그,10,소금을 넣어 간을 맞춘다.
fEYJSPSGaLI,중화제육면 1인분 만들기 ㅣ 백종원의 쿠킹로그,11,*중화제육면
fEYJSPSGaLI,중화제육면 1인분 만들기 ㅣ 백종원의 쿠킹로그,12,끓는물에 칼국수면을 넣어 삶아낸다.
fEYJSPSGaLI,중화제육면 1인분 만들기 ㅣ 백종원의 쿠킹로그,13,삶은 칼국수면은 찬물에 헹궈 준비한다.
fEYJSPSGaLI,중화제육면 1인분 만들기 ㅣ 백종원의 쿠킹로그,14,헹궈 낸 면은 뜨거운 물에 토렴하여 준다.
fEYJSPSGaLI,중화제육면 1인분 만들기 ㅣ 백종원의 쿠킹로그,15,프라이팬에 식용유를 두르고 달궈준다.
fEYJSPSGaLI,중화제육면 1인분 만들기 ㅣ 백종원의 쿠킹로그,16,"프라이팬에 달궈지면 양파, 대파를 넣고 그을려 지도록 볶는다."
fEYJSPSGaLI,중화제육면 1인분 만들기 ㅣ 백종원의 쿠킹로그,17,"애호박, 양배추를 넣어 볶아준다."
fEYJSPSGaLI,중화제육면 1인분 만들기 ㅣ 백종원의 쿠킹로그,18,만들어 둔 중화제육소스를 넣고 중약불로 줄여 채소가 숨이 죽을 정도까지 볶아준다.
fEYJSPSGaLI,중화제육면 1인분 만들기 ㅣ 백종원의 쿠킹로그,19,완성그릇에 면을 담고 볶아 둔 중화제육소스를 끼얹어 완성한다.
fVKaR66n9B4,"줄 서서 먹는 북엇국집 맛, 집에서 손쉽게 따라하기!",1,북어채는 물에 살짝 적신 후 가볍게 물기를 제거한다.
fVKaR66n9B4,"줄 서서 먹는 북엇국집 맛, 집에서 손쉽게 따라하기!",2,*너무 오래 불릴 경우 북어의 맛이 빠질 수 있으니 주의한다.
fVKaR66n9B4,"줄 서서 먹는 북엇국집 맛, 집에서 손쉽게 따라하기!",3,북어채를 4cm정도 길이로 잘라 준비한다.
fVKaR66n9B4,"줄 서서 먹는 북엇국집 맛, 집에서 손쉽게 따라하기!",4,두부는 사방 3cm 두께 1cm 정도로 잘라 준비한다.
fVKaR66n9B4,"줄 서서 먹는 북엇국집 맛, 집에서 손쉽게 따라하기!",5,*두부는 원하는 모양으로 잘라 넣어도 좋다.
fVKaR66n9B4,"줄 서서 먹는 북엇국집 맛, 집에서 손쉽게 따라하기!",6,무는 두께 0.7cm 두부와 같은 모양으로 맞춰서 잘라 준비한다.
fVKaR66n9B4,"줄 서서 먹는 북엇국집 맛, 집에서 손쉽게 따라하기!",7,"대파는 두께 0.5cm로 송송 썰고, 달걀은 볼에 깨트려 담은 후 살짝 풀어 준비한다."
fVKaR66n9B4,"줄 서서 먹는 북엇국집 맛, 집에서 손쉽게 따라하기!",8,냄비에 참기름을 두른 후 불린 북어채를 넣고 북어가 휘어지는 정도까지 강불에 볶는다.
fVKaR66n9B4,"줄 서서 먹는 북엇국집 맛, 집에서 손쉽게 따라하기!",9,"무를 넣고 중불로 줄여 볶은 후 사골국물, 새우젓, 간 마늘을 넣고 강불에 끓인다."
fVKaR66n9B4,"줄 서서 먹는 북엇국집 맛, 집에서 손쉽게 따라하기!",10,국물이 끓어오르면 중불로 줄여 15-20분 끓인다.
fVKaR66n9B4,"줄 서서 먹는 북엇국집 맛, 집에서 손쉽게 따라하기!",11,두부를 넣은 후 풀어 둔 달걀을 둘러 넣고 대파를 넣는다.
fVKaR66n9B4,"줄 서서 먹는 북엇국집 맛, 집에서 손쉽게 따라하기!",12,다시 한번 끓어 오르면 불을 끈다.
fVKaR66n9B4,"줄 서서 먹는 북엇국집 맛, 집에서 손쉽게 따라하기!",13,그릇에 담은 후 후춧가루를 뿌려 완성한다.
fdW2duLTBLU,"비 오는 날, 막걸리 땡기시죠? 안주로 잘 어울리는 '애호박전' 알려드릴게요.ㅣ 백종원의 백종원 레시피",1,애호박은 일정한 두께로 채 썰어 준비한다.
fdW2duLTBLU,"비 오는 날, 막걸리 땡기시죠? 안주로 잘 어울리는 '애호박전' 알려드릴게요.ㅣ 백종원의 백종원 레시피",2,건새우는 곱게 다지고 청양고추는 가늘게 송송 썰어 준비한다.
fdW2duLTBLU,"비 오는 날, 막걸리 땡기시죠? 안주로 잘 어울리는 '애호박전' 알려드릴게요.ㅣ 백종원의 백종원 레시피",3,"애호박,건새우,청양고추,소금,전분가루를 한데 섞는다."
fdW2duLTBLU,"비 오는 날, 막걸리 땡기시죠? 안주로 잘 어울리는 '애호박전' 알려드릴게요.ㅣ 백종원의 백종원 레시피",4,팬에 식용유를 두르고 반죽을 넓게 펼쳐 노릇하게 구워낸다.
ffuakdFmuh4,된장찌개 '1' (제일 쉬운 버전),1,"애호박, 양파, 두부는 먹기 좋은 크기로 잘라 준비한다."
ffuakdFmuh4,된장찌개 '1' (제일 쉬운 버전),2,느타리버섯은 찢어서 준비한다.
ffuakdFmuh4,된장찌개 '1' (제일 쉬운 버전),3,"청양고추, 홍고추, 대파는 1cm 정도 두께로 썰어 준비한다."
ffuakdFmuh4,된장찌개 '1' (제일 쉬운 버전),4,"멸치는 머리, 내장을 제거하고 3등분 정도로 찢어 준비한다."
ffuakdFmuh4,된장찌개 '1' (제일 쉬운 버전),5,"냄비에 손질한 멸치, 물, 양파를 넣어 끓인다."
ffuakdFmuh4,된장찌개 '1' (제일 쉬운 버전),6,"육수가 끓으면 느타리버섯, 애호박, 간마늘, 된장을 넣는다."
ffuakdFmuh4,된장찌개 '1' (제일 쉬운 버전),7,"된장 육수가 끓어오르면 대파, 청양고추, 홍고추를 넣어 끓인다."
ffuakdFmuh4,된장찌개 '1' (제일 쉬운 버전),8,찌개가 끓으면 두부를 넣고 1분 정도 끓여 완성한다.
fk0-PSrOMo4,마리텔에서 선보였던 콩 없이 만드는 ‘초간단 콩국수!’ 깜짝 놀라실 거예요. ㅣ 백종원의 백종원 레시피,1,"두부,물,황설탕,소금,통깨,땅콩버터,얼음을 믹서기에 넣어 곱게 갈아준다."
fk0-PSrOMo4,마리텔에서 선보였던 콩 없이 만드는 ‘초간단 콩국수!’ 깜짝 놀라실 거예요. ㅣ 백종원의 백종원 레시피,2,끓는물에 소면을 삶아 찬물에 주물러가며 헹궈낸다.
fk0-PSrOMo4,마리텔에서 선보였던 콩 없이 만드는 ‘초간단 콩국수!’ 깜짝 놀라실 거예요. ㅣ 백종원의 백종원 레시피,3,완성그릇에 소면을 담고 콩국물을 붓는다.
fpqJOFMfhmk,명란대첩 │ 나에게는 아직 12개의 명란이 남아 있쥬~ 부럽쥬?,1,*면 삶기
fpqJOFMfhmk,명란대첩 │ 나에게는 아직 12개의 명란이 남아 있쥬~ 부럽쥬?,2,"냄비에 정수물, 맛소금, 올리브오일을 넣고 강 불에 올려 끓인다."
fpqJOFMfhmk,명란대첩 │ 나에게는 아직 12개의 명란이 남아 있쥬~ 부럽쥬?,3,물이 바글바글 끓어오르면 스파게티면을 넣고 약 6분 삶은 후 불을 끄고 면수에 그대로 담가둔다.
fpqJOFMfhmk,명란대첩 │ 나에게는 아직 12개의 명란이 남아 있쥬~ 부럽쥬?,4,* 면을 건져 둘 경우 기호에 맞게 삶는 시간을 늘린다.
fpqJOFMfhmk,명란대첩 │ 나에게는 아직 12개의 명란이 남아 있쥬~ 부럽쥬?,5,*명란크림파스타
fpqJOFMfhmk,명란대첩 │ 나에게는 아직 12개의 명란이 남아 있쥬~ 부럽쥬?,6,마늘은 꼭지를 제거한 후 굵게 다지고 양파는 두께 0.3cm로 채 썰어 준비한다.
fpqJOFMfhmk,명란대첩 │ 나에게는 아직 12개의 명란이 남아 있쥬~ 부럽쥬?,7,명란젓은 두께 1cm로 잘라 준비한다.
fpqJOFMfhmk,명란대첩 │ 나에게는 아직 12개의 명란이 남아 있쥬~ 부럽쥬?,8,* 가위로 잘라 프라이팬에 바로 넣어도 좋다.
fpqJOFMfhmk,명란대첩 │ 나에게는 아직 12개의 명란이 남아 있쥬~ 부럽쥬?,9,프라이팬에 식용유를 두른 후 마늘을 넣고 볶는다.
fpqJOFMfhmk,명란대첩 │ 나에게는 아직 12개의 명란이 남아 있쥬~ 부럽쥬?,11,양파와 마늘이 갈색 나게 볶아지면 명란젓을 넣고 풀어지지 않도록 볶는다.
fpqJOFMfhmk,명란대첩 │ 나에게는 아직 12개의 명란이 남아 있쥬~ 부럽쥬?,12,생크림을 넣고 섞어주고 삶은 면을 건져 프라이팬에 넣어 볶은 후 맛소금으로 간한다.
fpqJOFMfhmk,명란대첩 │ 나에게는 아직 12개의 명란이 남아 있쥬~ 부럽쥬?,13,* 취향에 따라 명란젓 속을 숟가락으로 긁어 소스에 넣어도 좋다.
fpqJOFMfhmk,명란대첩 │ 나에게는 아직 12개의 명란이 남아 있쥬~ 부럽쥬?,14,소스가 알맞게 졸아들면 불을 끄고 젓가락으로 돌돌 말아 완성그릇에 담은 후 건더기와 소스를 붓는다.
fpqJOFMfhmk,명란대첩 │ 나에게는 아직 12개의 명란이 남아 있쥬~ 부럽쥬?,15,"쪽파를 두께0.3cm로 송송 썰어 스파게티 위에 뿌리고, 통후추가루를 뿌린다."
fpqJOFMfhmk,명란대첩 │ 나에게는 아직 12개의 명란이 남아 있쥬~ 부럽쥬?,16,"고명용 명란젓을 잘게 잘라 올리고 파르메산치즈가루, 파슬리가루를 뿌려 완성한다."
fpqJOFMfhmk,명란대첩 │ 나에게는 아직 12개의 명란이 남아 있쥬~ 부럽쥬?,17,* 쪽파 대신 파슬리가루를 사용해도 좋다.
fwlztjjWfUo,육쌈 비빔면! 제가 비빔면 먹는 방법,1,올해도 진비빔면의 모델이 되었습니다.
gJDxWPoMHgo,"집에서 팟타이 도전! 간장, 식초, 액젓으로 간단하게~",1,부추는 5~7cm 길이로 잘라 준비한다.
gJDxWPoMHgo,"집에서 팟타이 도전! 간장, 식초, 액젓으로 간단하게~",2,양파는 사방 0.5cm 길이로 잘게 썰어 준비한다.
gJDxWPoMHgo,"집에서 팟타이 도전! 간장, 식초, 액젓으로 간단하게~",3,"통마늘은 꼭지를 제거한 후 칼 옆날로 으깨고 홍고추, 청양고추는 반 갈라 굵게 다져서 준비한다."
gJDxWPoMHgo,"집에서 팟타이 도전! 간장, 식초, 액젓으로 간단하게~",4,"* 절구가 있으면 홍고추, 청양고추, 통마늘을 굵게 다져 사용해도 된다."
gJDxWPoMHgo,"집에서 팟타이 도전! 간장, 식초, 액젓으로 간단하게~",5,건 새우는 잘게 다져 준비한다.
gJDxWPoMHgo,"집에서 팟타이 도전! 간장, 식초, 액젓으로 간단하게~",6,"물, 진간장, 식초, 멸치액젓, 황설탕을 섞어 소스를 만든다."
gJDxWPoMHgo,"집에서 팟타이 도전! 간장, 식초, 액젓으로 간단하게~",7,"프라이팬에 식용유, 마늘, 청양고추, 홍고추를 넣고 강 불에 볶는다."
gJDxWPoMHgo,"집에서 팟타이 도전! 간장, 식초, 액젓으로 간단하게~",8,"마늘과 고추향이 올라오면 양파, 건 새우를 넣고 튀기듯이 볶는다."
gJDxWPoMHgo,"집에서 팟타이 도전! 간장, 식초, 액젓으로 간단하게~",9,칵테일 새우를 넣고 볶은 후 소스를 넣고 볶는다.
gJDxWPoMHgo,"집에서 팟타이 도전! 간장, 식초, 액젓으로 간단하게~",10,* 담을 때 모양을 좋게 하기 위해 칵테일 새우 2~3개는 건져 둔다.
gJDxWPoMHgo,"집에서 팟타이 도전! 간장, 식초, 액젓으로 간단하게~",12,면이 부드러워 지면 한쪽으로 밀어 둔 후 재료가 없는 쪽에 달걀을 넣고 깨트려 익힌다.
gJDxWPoMHgo,"집에서 팟타이 도전! 간장, 식초, 액젓으로 간단하게~",13,달걀이 익으면 모든 재료를 다같이 볶은 후 숙주를 넣고 볶는다.
gJDxWPoMHgo,"집에서 팟타이 도전! 간장, 식초, 액젓으로 간단하게~",14,전체적으로 골고루 섞이면 불을 끄고 부추를 넣어 섞는다.
gJDxWPoMHgo,"집에서 팟타이 도전! 간장, 식초, 액젓으로 간단하게~",15,* 숙주와 부추의 숨이 죽지 않게 주의한다.
gJDxWPoMHgo,"집에서 팟타이 도전! 간장, 식초, 액젓으로 간단하게~",16,그릇에 옮겨 담은 후 빼두었던 새우를 위에 올리고 땅콩 분태를 뿌려 완성한다.
gUYeEasWU58,제일 쉬운 생선찌개! 동태찌개!!! 얼큰하게 부글부글 ㅋ ㅑㅑㅑㅑ ㅣ 백종원의 백종원레시피,1,대파는 줄기 부분은 반으로 가르고 길게 썰어 준비한다.
gUYeEasWU58,제일 쉬운 생선찌개! 동태찌개!!! 얼큰하게 부글부글 ㅋ ㅑㅑㅑㅑ ㅣ 백종원의 백종원레시피,2,무는 1cm 정도 두께로 네모지게 썬다.
gUYeEasWU58,제일 쉬운 생선찌개! 동태찌개!!! 얼큰하게 부글부글 ㅋ ㅑㅑㅑㅑ ㅣ 백종원의 백종원레시피,3,"홍고추, 청양고추는 어슷 썰고 두부는 반으로 갈라 1cm 정도 두께로 썬다."
gUYeEasWU58,제일 쉬운 생선찌개! 동태찌개!!! 얼큰하게 부글부글 ㅋ ㅑㅑㅑㅑ ㅣ 백종원의 백종원레시피,4,"동태, 간, 이리는 깨끗하게 세척하여 준비한다."
gUYeEasWU58,제일 쉬운 생선찌개! 동태찌개!!! 얼큰하게 부글부글 ㅋ ㅑㅑㅑㅑ ㅣ 백종원의 백종원레시피,5,"볼에 간마늘, 간생강, 새우젓, 된장, 고추장, 국간장, 고춧가루를 넣어 섞어준다."
gUYeEasWU58,제일 쉬운 생선찌개! 동태찌개!!! 얼큰하게 부글부글 ㅋ ㅑㅑㅑㅑ ㅣ 백종원의 백종원레시피,6,"냄비에 손질한 무, 동태를 넣고 물을 부어 끓인다."
gUYeEasWU58,제일 쉬운 생선찌개! 동태찌개!!! 얼큰하게 부글부글 ㅋ ㅑㅑㅑㅑ ㅣ 백종원의 백종원레시피,7,물이 끓으면 양념장을 넣고 골고루 섞어준다.
gUYeEasWU58,제일 쉬운 생선찌개! 동태찌개!!! 얼큰하게 부글부글 ㅋ ㅑㅑㅑㅑ ㅣ 백종원의 백종원레시피,8,"무가 익으면 간 , 이리, 알을 넣어 익혀준다."
gUYeEasWU58,제일 쉬운 생선찌개! 동태찌개!!! 얼큰하게 부글부글 ㅋ ㅑㅑㅑㅑ ㅣ 백종원의 백종원레시피,9,"대파, 홍고추, 청양고추, 두부를 고명용을 제외한 나머지를 넣어 끓인다."
gUYeEasWU58,제일 쉬운 생선찌개! 동태찌개!!! 얼큰하게 부글부글 ㅋ ㅑㅑㅑㅑ ㅣ 백종원의 백종원레시피,10,"고명용으로 준비해둔 대파, 홍고추, 청양고추, 두부를 올려준다."
gUYeEasWU58,제일 쉬운 생선찌개! 동태찌개!!! 얼큰하게 부글부글 ㅋ ㅑㅑㅑㅑ ㅣ 백종원의 백종원레시피,11,쑥갓을 취향에 맞게 올려 마무리한다.
gVw9OXujilo,한국 양념으로만 맛을 냈어요! 전복조림인 척 하는 전복구이,1,*전복 손질
gVw9OXujilo,한국 양념으로만 맛을 냈어요! 전복조림인 척 하는 전복구이,2,전복은 전복솔을 이용하여 깨끗하게 세척한다.
gVw9OXujilo,한국 양념으로만 맛을 냈어요! 전복조림인 척 하는 전복구이,3,* 전복솔이 없다면 사용하지 않는 칫솔을 이용하여 닦아도 좋다.
gVw9OXujilo,한국 양념으로만 맛을 냈어요! 전복조림인 척 하는 전복구이,4,냄비에 물을 넣고 끓어오르면 세척한 전복을 넣고 약 3분 정도 데친 후 찬물에 넣어 식힌다.
gVw9OXujilo,한국 양념으로만 맛을 냈어요! 전복조림인 척 하는 전복구이,5,* 전복의 크기에 따라 데치는 시간을 조절한다.
gVw9OXujilo,한국 양념으로만 맛을 냈어요! 전복조림인 척 하는 전복구이,6,데친 전복은 숟가락을 이용하여 껍질을 제거한 후 가위를 이용하여 살과 내장을 분리한다.
gVw9OXujilo,한국 양념으로만 맛을 냈어요! 전복조림인 척 하는 전복구이,7,* 전복이빨을 제거할 경우 가위를 이용하여 잘라낸다.
gVw9OXujilo,한국 양념으로만 맛을 냈어요! 전복조림인 척 하는 전복구이,8,* 전복을 회로 먹을 경우 이빨을 제거하지만 익혀먹는 경우는 제거하지 않아도 된다.
gVw9OXujilo,한국 양념으로만 맛을 냈어요! 전복조림인 척 하는 전복구이,9,데친 전복살은 껍질에 붙어 있던 면에 긴 방향으로 세 번 칼집을 넣은 후 칼집 반대 방향으로 3등분 한다.
gVw9OXujilo,한국 양념으로만 맛을 냈어요! 전복조림인 척 하는 전복구이,10,* 전복의 크기에 따라 자르는 크기를 조절한다.
gVw9OXujilo,한국 양념으로만 맛을 냈어요! 전복조림인 척 하는 전복구이,11,* 칼집을 너무 깊게 넣을 경우 끊어질 수 있으니 주의한다.
gVw9OXujilo,한국 양념으로만 맛을 냈어요! 전복조림인 척 하는 전복구이,12,마늘은 꼭지를 제거한 후 반으로 잘라 준비한다.
gVw9OXujilo,한국 양념으로만 맛을 냈어요! 전복조림인 척 하는 전복구이,13,프라이팬에 식용유를 두른 후 강불에 예열한다.
gVw9OXujilo,한국 양념으로만 맛을 냈어요! 전복조림인 척 하는 전복구이,14,약불로 줄인 후 마늘을 넣고 타지 않게 볶는다.
gVw9OXujilo,한국 양념으로만 맛을 냈어요! 전복조림인 척 하는 전복구이,16,* 내장은 생략 가능하다.
gVw9OXujilo,한국 양념으로만 맛을 냈어요! 전복조림인 척 하는 전복구이,17,"마늘이 익으면 황설탕, 진간장, 물을 넣고 수분이 날아갈 때까지 졸인다."
gVw9OXujilo,한국 양념으로만 맛을 냈어요! 전복조림인 척 하는 전복구이,18,참기름을 두른 후 불을 끄고 섞는다.
gVw9OXujilo,한국 양념으로만 맛을 냈어요! 전복조림인 척 하는 전복구이,19,접시에 깨끗하게 세척한 전복 껍질을 깔고 그 위에 전복내장 또는 마늘을 먼저 담고 전복살을 맨 위에 오도록 담아 완성한다.
guc9-PYM7ak,라면으로 만드는 비빔면 Bibimmyun Made From Ramyun,1,어묵은 0.3cm 두께로 길게 채 썬다.
guc9-PYM7ak,라면으로 만드는 비빔면 Bibimmyun Made From Ramyun,2,새송이버섯은 0.3cm 두께로 편 썰어 0.3cm 두께로 채 썬다.
guc9-PYM7ak,라면으로 만드는 비빔면 Bibimmyun Made From Ramyun,3,대파는 송송 썰어 준비한다.
guc9-PYM7ak,라면으로 만드는 비빔면 Bibimmyun Made From Ramyun,4,"큰 볼에 굵은 고춧가루, 황설탕, 고추장을 넣는다."
guc9-PYM7ak,라면으로 만드는 비빔면 Bibimmyun Made From Ramyun,5,팬에 분말수프를 넣고 약불로 살짝 볶아 풋내를 날려 볼에 넣어준다.
guc9-PYM7ak,라면으로 만드는 비빔면 Bibimmyun Made From Ramyun,6,팬에 참기름과 식용유를 넣고 대파를 중약 불에서 노릇하게 볶아 파 기름을 낸다.
guc9-PYM7ak,라면으로 만드는 비빔면 Bibimmyun Made From Ramyun,7,볼에 준비해 둔 양념 재료에 파 기름을 넣어 뭉치지 않게 섞는다.
guc9-PYM7ak,라면으로 만드는 비빔면 Bibimmyun Made From Ramyun,8,"냄비에 물을 넣고 끓으면 면, 건더기 수프를 넣고 끓여준다."
guc9-PYM7ak,라면으로 만드는 비빔면 Bibimmyun Made From Ramyun,9,라면이 풀어질 정도로 익을 때쯤 어묵과 새송이버섯을 넣어 익힌다.
guc9-PYM7ak,라면으로 만드는 비빔면 Bibimmyun Made From Ramyun,10,면이 익으면 찬물에 넣어 헹군 후 체에 밭쳐 물기를 제거한다.
guc9-PYM7ak,라면으로 만드는 비빔면 Bibimmyun Made From Ramyun,11,만들어 둔 양념장과 익혀 둔 면과 건더기를 넣고 버무린다.
guc9-PYM7ak,라면으로 만드는 비빔면 Bibimmyun Made From Ramyun,12,완성 접시에 옮겨 담아 통깨 뿌려 마무리한다.
guc9-PYM7ak,라면으로 만드는 비빔면 Bibimmyun Made From Ramyun,14,기호에 따라서 양조식초를 넣어 드셔도 됩니다.
h7NFHq9QeeU,훈연멸치로 만드는 가락국수!,1,훈연멸치는 내장을 제거하여 준비한다.
h7NFHq9QeeU,훈연멸치로 만드는 가락국수!,2,"냄비에 훈연멸치, 껍질양파, 대파, 무를 넣어 강불에서 끓인다."
h7NFHq9QeeU,훈연멸치로 만드는 가락국수!,3,육수가 끓으면 중불로 줄여 1.25L가 나올 때까지 끓여준다.
h7NFHq9QeeU,훈연멸치로 만드는 가락국수!,4,완성된 육수를 체에 걸러준다.
h7NFHq9QeeU,훈연멸치로 만드는 가락국수!,5,"육수를 냄비에 붓고 진간장, 국간장, 맛술, 황설탕, 꽃소금을 넣어 간을 맞춘다."
h7NFHq9QeeU,훈연멸치로 만드는 가락국수!,6,유부는 채 썰고 맛살은 사선으로 자른다.
h7NFHq9QeeU,훈연멸치로 만드는 가락국수!,7,매화어묵은 0.5cm 정도 두께로 자르고 고명용 대파는 송송 썬다.
h7NFHq9QeeU,훈연멸치로 만드는 가락국수!,8,"끓는물에 면, 매화어묵을 넣어 데쳐낸다."
h7NFHq9QeeU,훈연멸치로 만드는 가락국수!,9,완성 그릇에 데쳐 낸 면을 담고 훈연멸치육수를 부어준다.
h7NFHq9QeeU,훈연멸치로 만드는 가락국수!,10,"준비해 둔 고명을 올리고 기호에 맞게 고춧가루, 후춧가루를 뿌려 완성한다."
hEBT2uGjy6o,"밤죽인데, 밤은 그냥 구워 드세요.",2,적당량의 생밤을 잘게 썰어 준비한다.
hEBT2uGjy6o,"밤죽인데, 밤은 그냥 구워 드세요.",3,믹서에 간 밤 물과 잘라놓은 생밤을 냄비에 넣고 저어주며 끓인다.
hEBT2uGjy6o,"밤죽인데, 밤은 그냥 구워 드세요.",4,"쌀가루와 물을 넣고 풀어준 후, 여러 번 나눠 넣어 농도를 맞춘다."
hEBT2uGjy6o,"밤죽인데, 밤은 그냥 구워 드세요.",5,농도가 잡히면 꽃소금을 넣고 간을 한다.
hEBT2uGjy6o,"밤죽인데, 밤은 그냥 구워 드세요.",6,썬 밤 알맹이가 익을 때까지 끓여준다.
hEBT2uGjy6o,"밤죽인데, 밤은 그냥 구워 드세요.",7,완성된 밤죽을 그릇에 담아준다.
hEJzz_y63Gw,찬물라면! 저도 끓여보았습니다. 그것도 10개를 한번에!,1,얼마 전 화제가 됐던 '찬물라면' 직접 테스트 해보았습니다!
hJKvBg66Gf0,제품 리뷰는 처음이죠? '냉면' 만들어 먹으며 여러분께 드리고 싶은 말씀이 있습니다!,1,오늘은 냉면 제품 리뷰를 해볼 거예요.
hJKvBg66Gf0,제품 리뷰는 처음이죠? '냉면' 만들어 먹으며 여러분께 드리고 싶은 말씀이 있습니다!,2,사실 냉면에 대해 여러분께 꼭 말씀드리고 싶은 것이 있어 리뷰하는 시간 마련해보았는데요
hJKvBg66Gf0,제품 리뷰는 처음이죠? '냉면' 만들어 먹으며 여러분께 드리고 싶은 말씀이 있습니다!,3,편하게 인스턴트 냉면 제품 끓여먹으며
hJKvBg66Gf0,제품 리뷰는 처음이죠? '냉면' 만들어 먹으며 여러분께 드리고 싶은 말씀이 있습니다!,4,오랫동안 준비해 온 '냉면 프로젝트'에 대해 말씀드리고자 합니다.
hJKvBg66Gf0,제품 리뷰는 처음이죠? '냉면' 만들어 먹으며 여러분께 드리고 싶은 말씀이 있습니다!,5,'제주 금악냉면'에 많은 응원 부탁드리며
hJKvBg66Gf0,제품 리뷰는 처음이죠? '냉면' 만들어 먹으며 여러분께 드리고 싶은 말씀이 있습니다!,6,금악냉면에 대한 이야기를 담은 다큐멘터리 '냉면 랩소디'에도 많은 관심 부탁드립니다!
hX3httwbzAQ,내가 만약 라면왕에 출전한다면? 저라면 이 메뉴를 해볼 거예유. 라면으로 짬뽕 맛이 나는 짬뽕햄라면!,1,통조림 햄을 비닐봉지에 넣고 손바닥으로 눌러 으깬다.
hX3httwbzAQ,내가 만약 라면왕에 출전한다면? 저라면 이 메뉴를 해볼 거예유. 라면으로 짬뽕 맛이 나는 짬뽕햄라면!,2,양파와 양배추는 두께 0.5cm로 채 썬다.
hX3httwbzAQ,내가 만약 라면왕에 출전한다면? 저라면 이 메뉴를 해볼 거예유. 라면으로 짬뽕 맛이 나는 짬뽕햄라면!,3,대파와 청양고추는 두께 0.3cm로 송송 썬다.
hX3httwbzAQ,내가 만약 라면왕에 출전한다면? 저라면 이 메뉴를 해볼 거예유. 라면으로 짬뽕 맛이 나는 짬뽕햄라면!,4,"프라이팬에 으깬 햄, 식용유를 넣고 강 불에 올려 노릇하게 볶는다."
hX3httwbzAQ,내가 만약 라면왕에 출전한다면? 저라면 이 메뉴를 해볼 거예유. 라면으로 짬뽕 맛이 나는 짬뽕햄라면!,5,"양배추, 양파, 대파, 청양고추, 건더기스프를 넣고 강 불에 볶다가 재료를 넓게 펼쳐 채소의 바닥면이 눋어지도록 한다."
hX3httwbzAQ,내가 만약 라면왕에 출전한다면? 저라면 이 메뉴를 해볼 거예유. 라면으로 짬뽕 맛이 나는 짬뽕햄라면!,6,* 채소는 최대한 오래 볶을수록 맛이 좋다.
hX3httwbzAQ,내가 만약 라면왕에 출전한다면? 저라면 이 메뉴를 해볼 거예유. 라면으로 짬뽕 맛이 나는 짬뽕햄라면!,7,"* 3인분 이상 끓이거나 화력이 약할 경우 채소는 양파/대파, 양배추 순으로 나눠 넣으며 볶는다."
hX3httwbzAQ,내가 만약 라면왕에 출전한다면? 저라면 이 메뉴를 해볼 거예유. 라면으로 짬뽕 맛이 나는 짬뽕햄라면!,8,"굵은고추가루, 분말스프를 넣고 빠르게 볶는다."
hX3httwbzAQ,내가 만약 라면왕에 출전한다면? 저라면 이 메뉴를 해볼 거예유. 라면으로 짬뽕 맛이 나는 짬뽕햄라면!,9,* 분말스프 봉투에 굵은고추가루를 넣어 준비 해두면 편하다.
hX3httwbzAQ,내가 만약 라면왕에 출전한다면? 저라면 이 메뉴를 해볼 거예유. 라면으로 짬뽕 맛이 나는 짬뽕햄라면!,10,* 더 진한 색의 국물을 원하면 굵은고추가루 양을 추가해도 좋다.
hX3httwbzAQ,내가 만약 라면왕에 출전한다면? 저라면 이 메뉴를 해볼 거예유. 라면으로 짬뽕 맛이 나는 짬뽕햄라면!,11,"재료와 스프, 굵은고추가루가 골고루 섞이면 물을 넣는다."
hX3httwbzAQ,내가 만약 라면왕에 출전한다면? 저라면 이 메뉴를 해볼 거예유. 라면으로 짬뽕 맛이 나는 짬뽕햄라면!,12,국물이 끓어 오르면 면을 넣고 3분30초 끓인다.
hX3httwbzAQ,내가 만약 라면왕에 출전한다면? 저라면 이 메뉴를 해볼 거예유. 라면으로 짬뽕 맛이 나는 짬뽕햄라면!,13,* 끓이는 시간은 원하는 면 익힘정도에 따라 조절한다.
hX3httwbzAQ,내가 만약 라면왕에 출전한다면? 저라면 이 메뉴를 해볼 거예유. 라면으로 짬뽕 맛이 나는 짬뽕햄라면!,14,완성 그릇에 면을 먼저 담은 후 국물과 건더기를 담아 완성한다.
hg31ssLQWUk,세상에서 가장 쉬운 솥밥 만드는 법(feat.전복) l 전복냄비밥,1,전복을 준비 한 후 흐르는 물에 솔로 전복을 깨끗이 씻어준다.
hg31ssLQWUk,세상에서 가장 쉬운 솥밥 만드는 법(feat.전복) l 전복냄비밥,2,냄비를 준비한 후 전복이 잠길만큼 물을 받아서 불에 올린 후 강불로 켠다.
hg31ssLQWUk,세상에서 가장 쉬운 솥밥 만드는 법(feat.전복) l 전복냄비밥,3,냄비에 담긴 물이 끓는 사이 양념장을 준비한다.
hg31ssLQWUk,세상에서 가장 쉬운 솥밥 만드는 법(feat.전복) l 전복냄비밥,4,양념장은 양파 사방 약 0.5cm로 잘게 다지고 대파와 청양고추는 길게 반 갈라서 두께 0.3cm로 송송 썰어서 준비한다.
hg31ssLQWUk,세상에서 가장 쉬운 솥밥 만드는 법(feat.전복) l 전복냄비밥,5,통깨는 절구에 빻아서 깨소금을 만들어 준비한다.
hg31ssLQWUk,세상에서 가장 쉬운 솥밥 만드는 법(feat.전복) l 전복냄비밥,6,* 절구가 없을시에는 통깨를 봉투에 담아 소스병들을 이용하여 으깨서 깨소금을 만들어 사용한다.
hg31ssLQWUk,세상에서 가장 쉬운 솥밥 만드는 법(feat.전복) l 전복냄비밥,7,"양념장 만들 그릇을 준비한 후 썰어 놓은 양파, 대파, 청양고추와 진간장, 간마늘, 황설탕, 깨소금을 넣고 잘 섞어 양념장을 만든다."
hg31ssLQWUk,세상에서 가장 쉬운 솥밥 만드는 법(feat.전복) l 전복냄비밥,8,냄비에 담긴 물이 팔팔 끓으면 씻어 놓은 전복을 넣고 1분~1분 30초간 데쳐준다.
hg31ssLQWUk,세상에서 가장 쉬운 솥밥 만드는 법(feat.전복) l 전복냄비밥,9,데친 전복은 찬물에 담가서 식힌다.
hg31ssLQWUk,세상에서 가장 쉬운 솥밥 만드는 법(feat.전복) l 전복냄비밥,10,데친 전복은 껍질과 살 사이에 숟가락을 넣고 껍질과 살을 분리한다.
hg31ssLQWUk,세상에서 가장 쉬운 솥밥 만드는 법(feat.전복) l 전복냄비밥,11,전복살에 붙어 있는 내장은 가위를 이용하여 잘라 놓고 이빨은 손으로 눌러서 제거하거나 가위를 이용하여 제거해준다.
hg31ssLQWUk,세상에서 가장 쉬운 솥밥 만드는 법(feat.전복) l 전복냄비밥,12,손질한 전복살은 찬물에 살짝 씻어 준 후 전복살 안쪽을 위로 올려 놓고 길게 칼집을 두줄 넣어 준 후 두께 0.4cm로 사선으로 썰어준다.
hg31ssLQWUk,세상에서 가장 쉬운 솥밥 만드는 법(feat.전복) l 전복냄비밥,13,* 구매한 전복양이 많을 시에는 데쳐서 손질한 전복을 봉지에 2마리씩 나눠 담아 공기를 빼서 묶어 포장한 후 냉동 보관해 놓고 먹으면 된다.
hg31ssLQWUk,세상에서 가장 쉬운 솥밥 만드는 법(feat.전복) l 전복냄비밥,14,* 남은 전복 내장은 전복죽을 만들어서 먹거나 전복 솥밥에 2개 정도 추가로 넣어 줘도 된다.
hg31ssLQWUk,세상에서 가장 쉬운 솥밥 만드는 법(feat.전복) l 전복냄비밥,15,전복 내장은 듬성듬성 잘라서 준비한다.
hg31ssLQWUk,세상에서 가장 쉬운 솥밥 만드는 법(feat.전복) l 전복냄비밥,16,전복 솥밥용 대파는 길게 반 갈라서 두께 0.4cm로 썰어서 준비한다.
hg31ssLQWUk,세상에서 가장 쉬운 솥밥 만드는 법(feat.전복) l 전복냄비밥,17,"후라이팬을 준비한 후 불을 켜고 식용유, 참기름 1큰술을 넣고 준비해 놓은 대파, 전복살, 전복 내장을 넣고 대파가 숨이 죽을때까지 볶아준다."
hg31ssLQWUk,세상에서 가장 쉬운 솥밥 만드는 법(feat.전복) l 전복냄비밥,18,양은 냄비에 밥을 펴준 후 참기름 1큰술을 둘러 넣고 볶아 놓은 전복을 펴올려 담아준다.
hg31ssLQWUk,세상에서 가장 쉬운 솥밥 만드는 법(feat.전복) l 전복냄비밥,19,* 밥을 담을때 눌러 담지 않는다.
hg31ssLQWUk,세상에서 가장 쉬운 솥밥 만드는 법(feat.전복) l 전복냄비밥,20,양은 냄비 뚜껑을 덮어 준 후 약불에 올려 약 5~6분 정도 밥이 눌도록 익혀준다.
hg31ssLQWUk,세상에서 가장 쉬운 솥밥 만드는 법(feat.전복) l 전복냄비밥,21,* 약불로 해야 밥이 가지고 있는 수분이 나와서 쪄진다.
hg31ssLQWUk,세상에서 가장 쉬운 솥밥 만드는 법(feat.전복) l 전복냄비밥,22,* 냄비 뚜껑을 열지 않은 상태로 냄새로도 타지 않는지 확인한다.
hg31ssLQWUk,세상에서 가장 쉬운 솥밥 만드는 법(feat.전복) l 전복냄비밥,24,* 버터를 추가로 넣어서 비벼 먹어도 맛있다.
hg31ssLQWUk,세상에서 가장 쉬운 솥밥 만드는 법(feat.전복) l 전복냄비밥,25,"* 전복 숙회는 기호에 따라서 전복솥밥 양념장, 간마늘소금장, 초장을 찍어먹으면 맛있다."
iGhOobaQHso,가성비 최고 콩나물불고기,1,콩나물은 깨끗하게 세척하여 체에 밭쳐 물기를 제거한다.
iGhOobaQHso,가성비 최고 콩나물불고기,2,"볼을 준비한 후 진간장, 맛술, 황설탕, 굵은 고춧가루, 고추장, 간마늘을 섞어 양념장을 만든다."
iGhOobaQHso,가성비 최고 콩나물불고기,3,양파는 두께 0.5cm 정도로 채 썰어 준비한다.
iGhOobaQHso,가성비 최고 콩나물불고기,4,대파는 반 갈라 길이 5cm 정도로 길게 썬다.
iGhOobaQHso,가성비 최고 콩나물불고기,5,청양고추는 송송 썰고 깻잎은 세로로 반 자른 후 두께 1cm 정도로 채썰어 뭉쳐진 것을 풀어서 준비한다.
iGhOobaQHso,가성비 최고 콩나물불고기,6,넓고 낮은 프라이팬에 콩나물을 깔고 그 위에 대패 삼겹살을 올린다.
iGhOobaQHso,가성비 최고 콩나물불고기,7,"대패 삼겹살 위에 준비한 대파, 양파, 청양고추, 깻잎을 올려 담는다."
iGhOobaQHso,가성비 최고 콩나물불고기,8,양념장을 재료 위에 한바퀴 돌려가며 붓는다.
iGhOobaQHso,가성비 최고 콩나물불고기,9,깨소금 적당량을 뿌려 완성한다.
iGhOobaQHso,가성비 최고 콩나물불고기,10,완성된 콩나물 불고기를 가스버너에 올려 중 불에 수분이 나올 때까지 기다린다.
iGhOobaQHso,가성비 최고 콩나물불고기,11,채소에서 수분이 나오기 시작하면 골고루 뒤적이며 익혀 완성한다.
iIL1QMXCoDM,초코초코초코 브라우니 & 건더기 생생 사과 홍차! 특집사과대잔치 | 백종원의 쿠킹로그,1,"버터, 초콜릿은 유리 볼에 담아 전자레인지에 2분 정도 돌려 잘 섞어준다."
iIL1QMXCoDM,초코초코초코 브라우니 & 건더기 생생 사과 홍차! 특집사과대잔치 | 백종원의 쿠킹로그,2,"큰 볼에 달걀, 황설탕을 넣고 거품기로 저어 설탕을 녹인다."
iIL1QMXCoDM,초코초코초코 브라우니 & 건더기 생생 사과 홍차! 특집사과대잔치 | 백종원의 쿠킹로그,3,설탕이 녹으면 중력분을 넣고 뭉치지 않게 섞어준다.
iIL1QMXCoDM,초코초코초코 브라우니 & 건더기 생생 사과 홍차! 특집사과대잔치 | 백종원의 쿠킹로그,4,"녹인 버터, 녹인 초콜릿은 충분히 식혀 반죽에 넣어 섞는다."
iIL1QMXCoDM,초코초코초코 브라우니 & 건더기 생생 사과 홍차! 특집사과대잔치 | 백종원의 쿠킹로그,5,반죽이 골고루 섞이면 사과조림을 넣고 주걱을 이용하여 섞어준다.
iIL1QMXCoDM,초코초코초코 브라우니 & 건더기 생생 사과 홍차! 특집사과대잔치 | 백종원의 쿠킹로그,6,오븐 용기 안쪽에 버터를 전체적으로 얇게 바른 후 반죽을 담고 넓게 펼쳐준다.
iIL1QMXCoDM,초코초코초코 브라우니 & 건더기 생생 사과 홍차! 특집사과대잔치 | 백종원의 쿠킹로그,7,에어프라이어는 150도에 10분 정도 예열한 후 반죽을 넣고 30분 굽는다.
iIL1QMXCoDM,초코초코초코 브라우니 & 건더기 생생 사과 홍차! 특집사과대잔치 | 백종원의 쿠킹로그,8,브라우니가 구워지면 용기에서 분리해 식힌 후 먹기 좋은 크기로 잘라 완성한다.
iIL1QMXCoDM,초코초코초코 브라우니 & 건더기 생생 사과 홍차! 특집사과대잔치 | 백종원의 쿠킹로그,9,사과 홍차
iIL1QMXCoDM,초코초코초코 브라우니 & 건더기 생생 사과 홍차! 특집사과대잔치 | 백종원의 쿠킹로그,10,냄비에 물을 넣고 홍차티백을 넣어 끓인다.
iIL1QMXCoDM,초코초코초코 브라우니 & 건더기 생생 사과 홍차! 특집사과대잔치 | 백종원의 쿠킹로그,11,홍차가 우러나면 티백을 제거하고 사과조림을 넣어 섞어준다.
iIL1QMXCoDM,초코초코초코 브라우니 & 건더기 생생 사과 홍차! 특집사과대잔치 | 백종원의 쿠킹로그,12,간을 본 후 황설탕을 넣어 당도를 조절한다.
iIL1QMXCoDM,초코초코초코 브라우니 & 건더기 생생 사과 홍차! 특집사과대잔치 | 백종원의 쿠킹로그,13,끓여진 애플티를 컵에 옮겨 담아 완성한다.
iNh_bXmYfgw,소시지케찹볶음.. 이건 퍼펙트예요,1,"양파, 파프리카는 한입 크기로 잘라 준비한다."
iNh_bXmYfgw,소시지케찹볶음.. 이건 퍼펙트예요,2,당근은 반으로 갈라 편 썰고 마늘은 반으로 자른다.
iNh_bXmYfgw,소시지케찹볶음.. 이건 퍼펙트예요,3,소시지는 모양을 내어 준비한다.
iNh_bXmYfgw,소시지케찹볶음.. 이건 퍼펙트예요,4,"진간장, 황설탕, 케첩, 식초, 간 생강을 넣어 소스를 만들어 준다."
iNh_bXmYfgw,소시지케찹볶음.. 이건 퍼펙트예요,5,팬에 기름을 두르고 마늘을 넣어 튀기듯이 볶는다.
iNh_bXmYfgw,소시지케찹볶음.. 이건 퍼펙트예요,7,양파가 투명해지면 소시지를 넣어 칼집이 벌어질 정도까지 볶는다.
iNh_bXmYfgw,소시지케찹볶음.. 이건 퍼펙트예요,8,"파프리카, 양송이, 당근을 넣어 볶아준다."
iNh_bXmYfgw,소시지케찹볶음.. 이건 퍼펙트예요,9,만들어 둔 소스를 넣어 볶아준다.
iNh_bXmYfgw,소시지케찹볶음.. 이건 퍼펙트예요,10,완성 그릇에 담은 후 깨소금을 뿌려 완성한다.
iO0xX0AyS8M,마늘듬뿍 꽈리고추 닭볶음,1,닭도리탕용 토막 닭은 한 토막을 이등분 하여 작은 크기로 잘라 약 30조각 정도를 준비한다.
iO0xX0AyS8M,마늘듬뿍 꽈리고추 닭볶음,2,건 고추는 길이 2cm 정도 손으로 잘라서 준비한다.
iO0xX0AyS8M,마늘듬뿍 꽈리고추 닭볶음,3,"대파는 길이 2.5~3cm 정도로 자르고, 자른 대파 중 3조각을 골라 두께 0.3cm로 송송 썬다."
iO0xX0AyS8M,마늘듬뿍 꽈리고추 닭볶음,4,꽈리고추는 한입 크기로 2~3등분 하여 준비한다.
iO0xX0AyS8M,마늘듬뿍 꽈리고추 닭볶음,5,"지름이 큰 볶음용 팬을 강 불에 올리고 식용유, 건고추, 통마늘을 넣어 약 1분 정도 주걱으로 볶는다."
iO0xX0AyS8M,마늘듬뿍 꽈리고추 닭볶음,6,Tip: 통마늘은 꼭지를 제거하여 손질해준다.
iO0xX0AyS8M,마늘듬뿍 꽈리고추 닭볶음,7,토막 닭을 넣어 팬에 펼치고 닭의 한쪽 면을 익힌다.
iO0xX0AyS8M,마늘듬뿍 꽈리고추 닭볶음,8,송송 썬 대파를 넣고 강 불에서 주걱으로 뒤적이면서 볶는다.
iO0xX0AyS8M,마늘듬뿍 꽈리고추 닭볶음,9,닭 겉면에 붉은 기가 없어질 때까지 볶은 후 기름이 끓고 있는 부분에 황설탕을 넣어 볶는다.
iO0xX0AyS8M,마늘듬뿍 꽈리고추 닭볶음,10,닭을 가장자리로 밀어 팬 중앙에 공간을 만들어 기름을 모으고 끓는 기름에 진간장을 넣어 눌리도록 볶는다.
iO0xX0AyS8M,마늘듬뿍 꽈리고추 닭볶음,11,노두유를 넣고 주걱으로 골고루 섞으면서 타지 않을 정도로 볶는다.
iO0xX0AyS8M,마늘듬뿍 꽈리고추 닭볶음,12,"물, 간 마늘을 넣고 국물이 1/3로 줄어들 때까지 약 7분 정도 졸인다."
iO0xX0AyS8M,마늘듬뿍 꽈리고추 닭볶음,13,Tip: 냄비의 크기와 사용하는 화력에 따라 시간을 조절한다.
iO0xX0AyS8M,마늘듬뿍 꽈리고추 닭볶음,14,닭이 완전히 익으면 대파를 넣고 주걱으로 뒤적이며 살짝 볶아준 후 꽈리고추를 넣고 약 10초 정도 볶은 후 바로 불을 끈다.
iO0xX0AyS8M,마늘듬뿍 꽈리고추 닭볶음,15,꽈리고추 닭볶음을 접시에 담고 후추가루를 뿌려 완성한다.
iWWQBoS3SL4,비빔국수 만들다가 신메뉴가 탄생했습니다 '○○비빔국수' !! The Season for Bibim Guksu! Check Out This New Kind of Guksu.,1,"고추장, 식초, 황설탕, 진간장, 고운고춧가루, 간마늘을 섞어 설탕이 녹을 정도까지 저어 양념장을 만든다."
iWWQBoS3SL4,비빔국수 만들다가 신메뉴가 탄생했습니다 '○○비빔국수' !! The Season for Bibim Guksu! Check Out This New Kind of Guksu.,2,소면은 끓는 물에 넣어 삶는다.
iWWQBoS3SL4,비빔국수 만들다가 신메뉴가 탄생했습니다 '○○비빔국수' !! The Season for Bibim Guksu! Check Out This New Kind of Guksu.,3,소면 삶는 물이 끓어 오르면 찬 물을 반 컵 정도 부어준다.
iWWQBoS3SL4,비빔국수 만들다가 신메뉴가 탄생했습니다 '○○비빔국수' !! The Season for Bibim Guksu! Check Out This New Kind of Guksu.,4,(이 과정을 3번 정도 반복한다.)
iWWQBoS3SL4,비빔국수 만들다가 신메뉴가 탄생했습니다 '○○비빔국수' !! The Season for Bibim Guksu! Check Out This New Kind of Guksu.,5,소면이 완전히 익으면 건져내어 찬물에넣고 빨듯이 강하게 비벼서 전분을 제거한다.
iWWQBoS3SL4,비빔국수 만들다가 신메뉴가 탄생했습니다 '○○비빔국수' !! The Season for Bibim Guksu! Check Out This New Kind of Guksu.,6,소면을 체에 밭쳐 물기를 완전히 제거한다.
iWWQBoS3SL4,비빔국수 만들다가 신메뉴가 탄생했습니다 '○○비빔국수' !! The Season for Bibim Guksu! Check Out This New Kind of Guksu.,7,완성 그릇에 소면을 담고 기호에 맞게 양념장을 얹는다.
iWWQBoS3SL4,비빔국수 만들다가 신메뉴가 탄생했습니다 '○○비빔국수' !! The Season for Bibim Guksu! Check Out This New Kind of Guksu.,8,참기름을 둘러준다.
iWWQBoS3SL4,비빔국수 만들다가 신메뉴가 탄생했습니다 '○○비빔국수' !! The Season for Bibim Guksu! Check Out This New Kind of Guksu.,9,깨소금을 절구에 빻아 비빔국수 위에 올려 완성한다.
ieD0Rqfyjx4,이게 쌀이야 진주야…? 바로 안동농협 백진주쌀입니다!,1,★나만 먹기 아쉬워서 준비한 이벤트★
ieD0Rqfyjx4,이게 쌀이야 진주야…? 바로 안동농협 백진주쌀입니다!,2,아래 양식을 통해 설문을 작성해주세요!
ieD0Rqfyjx4,이게 쌀이야 진주야…? 바로 안동농협 백진주쌀입니다!,3,500명의 팀원에게 추첨을 통해 안동농협 백진주쌀을 보내드립니다!
iij0bMkadEw,자연스러운 감칠맛의 다시마칼국수! Naturally flavorful dasima kalguksu!,1,* 다시마 육수
iij0bMkadEw,자연스러운 감칠맛의 다시마칼국수! Naturally flavorful dasima kalguksu!,2,믹싱볼에 건 다시마와 따뜻한 물을 넣고 약 5~10분간 불린다.
iij0bMkadEw,자연스러운 감칠맛의 다시마칼국수! Naturally flavorful dasima kalguksu!,3,* 다시마 칼국수
iij0bMkadEw,자연스러운 감칠맛의 다시마칼국수! Naturally flavorful dasima kalguksu!,4,"다시마 육수를 준비해 주고, 멸치는 내장을 제거한 후, 믹서에 곱게 간다."
iij0bMkadEw,자연스러운 감칠맛의 다시마칼국수! Naturally flavorful dasima kalguksu!,5,"돼지 호박, 당근, 감자, 양파를 두께 0.4cm, 길이 7cm로 채 썬다."
iij0bMkadEw,자연스러운 감칠맛의 다시마칼국수! Naturally flavorful dasima kalguksu!,6,"대파, 청양고추는 송송 썰어 준비한다."
iij0bMkadEw,자연스러운 감칠맛의 다시마칼국수! Naturally flavorful dasima kalguksu!,7,불린 다시마를 돌돌 말아 길게 채 썬다.
iij0bMkadEw,자연스러운 감칠맛의 다시마칼국수! Naturally flavorful dasima kalguksu!,8,칼국수 면은 체에 밭쳐 끊어지지 않게 풀어 흐르는 찬물에 헹군다.
iij0bMkadEw,자연스러운 감칠맛의 다시마칼국수! Naturally flavorful dasima kalguksu!,9,"냄비에 다시마 육수, 국간장, 멸치가루를 넣고 끓으면 칼국수 면, 다시마 채를 넣는다."
iij0bMkadEw,자연스러운 감칠맛의 다시마칼국수! Naturally flavorful dasima kalguksu!,10,"한번 끓으면 감자, 당근, 양파를 넣고 끓인다."
iij0bMkadEw,자연스러운 감칠맛의 다시마칼국수! Naturally flavorful dasima kalguksu!,11,꽃소금으로 간을 맞춘다.
iij0bMkadEw,자연스러운 감칠맛의 다시마칼국수! Naturally flavorful dasima kalguksu!,12,감자가 반 정도 익으면 돼지 호박을 넣고 끓인다.
iij0bMkadEw,자연스러운 감칠맛의 다시마칼국수! Naturally flavorful dasima kalguksu!,13,"칼국수 면이 익을 때쯤 청양고추, 대파를 넣는다."
iij0bMkadEw,자연스러운 감칠맛의 다시마칼국수! Naturally flavorful dasima kalguksu!,14,"칼국수를 완성 그릇에 옮겨 담고 깨소금, 후춧가루를 뿌려 완성한다."
j0-_vTbLALM,요즘 감자 저렴하죠? 맛도 좋고 만들기도 쉬운 감자 스프!! l 백종원의 백종원레시피,1,식빵은 사방 1cm로 잘라준다.
j0-_vTbLALM,요즘 감자 저렴하죠? 맛도 좋고 만들기도 쉬운 감자 스프!! l 백종원의 백종원레시피,2,프라이팬에 버터를 두르고 중불에서 녹인 후 식빵을 넣어 노릇하게 구워 식혀준다.
j0-_vTbLALM,요즘 감자 저렴하죠? 맛도 좋고 만들기도 쉬운 감자 스프!! l 백종원의 백종원레시피,3,감자는 껍질째 반으로 가르거나 껍질을 제거하고 잘게 썰어준다.
j0-_vTbLALM,요즘 감자 저렴하죠? 맛도 좋고 만들기도 쉬운 감자 스프!! l 백종원의 백종원레시피,4,냄비에 감자와 물을 넣어 삶은 후 껍질을 제거한다.
j0-_vTbLALM,요즘 감자 저렴하죠? 맛도 좋고 만들기도 쉬운 감자 스프!! l 백종원의 백종원레시피,5,양파는 가늘게 채 썬다.
j0-_vTbLALM,요즘 감자 저렴하죠? 맛도 좋고 만들기도 쉬운 감자 스프!! l 백종원의 백종원레시피,6,프라이팬에 버터를 두르고 채 썬 양파를 넣어 볶는다.
j0-_vTbLALM,요즘 감자 저렴하죠? 맛도 좋고 만들기도 쉬운 감자 스프!! l 백종원의 백종원레시피,7,"믹서기에 삶은감자, 볶은양파, 우유를 넣어 갈아준다."
j0-_vTbLALM,요즘 감자 저렴하죠? 맛도 좋고 만들기도 쉬운 감자 스프!! l 백종원의 백종원레시피,8,냄비에 갈아 둔 감자를 넣고 바닥을 저어가며 농도나 게 끓인다.
j0-_vTbLALM,요즘 감자 저렴하죠? 맛도 좋고 만들기도 쉬운 감자 스프!! l 백종원의 백종원레시피,9,"농도가 잡히면 소금, 설탕을 넣어 간을 맞춘다."
j0-_vTbLALM,요즘 감자 저렴하죠? 맛도 좋고 만들기도 쉬운 감자 스프!! l 백종원의 백종원레시피,10,"완성 접시에 스프를 담고 파슬리, 크루통을 뿌려 마무리한다."
j7s9VRsrm9o,대파 듬뿍! 삼겹살로 만든 '대파 제육볶음',1,"대파를 반 갈라 5cm 길이로 썰고, 청양고추는 두껍게 어슷하게 썰어준다."
j7s9VRsrm9o,대파 듬뿍! 삼겹살로 만든 '대파 제육볶음',2,"마늘은 두껍게 편 썰고, 삼겹살은 한입 크기로 잘라준다."
j7s9VRsrm9o,대파 듬뿍! 삼겹살로 만든 '대파 제육볶음',3,팬에 삼겹살을 올리고 맛소금과 후춧가루를 뿌려 중약 불로 구워준다.
j7s9VRsrm9o,대파 듬뿍! 삼겹살로 만든 '대파 제육볶음',4,삼겹살이 노릇하게 익으면 마늘을 넣고 구워준다.
j7s9VRsrm9o,대파 듬뿍! 삼겹살로 만든 '대파 제육볶음',5,굽는 과정에 삼겹살에서 기름이 많이 나왔을 경우 적당히 덜어 빼준다.
j7s9VRsrm9o,대파 듬뿍! 삼겹살로 만든 '대파 제육볶음',6,마늘이 노릇하게 구워지면 설탕을 넣어 볶아준다.
j7s9VRsrm9o,대파 듬뿍! 삼겹살로 만든 '대파 제육볶음',7,간장을 팬 주위에 뿌려 누르듯이 볶아주어 불향을 내준다.
j7s9VRsrm9o,대파 듬뿍! 삼겹살로 만든 '대파 제육볶음',8,"손질한 대파를 넣고, 굵은 고춧가루, 고운 고춧가루를 넣어 볶아준다."
j7s9VRsrm9o,대파 듬뿍! 삼겹살로 만든 '대파 제육볶음',9,양념이 겉돌지 않게 물을 넣어주어 볶아준다.
j7s9VRsrm9o,대파 듬뿍! 삼겹살로 만든 '대파 제육볶음',10,"파의 숨이 죽기 전에 후춧가루, 참기름 넣고 섞어준다."
j7s9VRsrm9o,대파 듬뿍! 삼겹살로 만든 '대파 제육볶음',11,접시에 담아 깨소금을 뿌려 완성한다.
j9NXZh0gX3w,비 오는 날엔 술 한잔 생각나는 김치찜! 고등어 통조림으로 쉽게 만듭니다! ㅣ 백종원의 백종원레시피,1,양파는 0.5cm 두께로 채 썰어 준비한다.
j9NXZh0gX3w,비 오는 날엔 술 한잔 생각나는 김치찜! 고등어 통조림으로 쉽게 만듭니다! ㅣ 백종원의 백종원레시피,2,대파는 반으로 갈라 송송 썰어준다.
j9NXZh0gX3w,비 오는 날엔 술 한잔 생각나는 김치찜! 고등어 통조림으로 쉽게 만듭니다! ㅣ 백종원의 백종원레시피,3,청양고추를 송송 썰어 준비한다.
j9NXZh0gX3w,비 오는 날엔 술 한잔 생각나는 김치찜! 고등어 통조림으로 쉽게 만듭니다! ㅣ 백종원의 백종원레시피,4,"볼에 간생강,간마늘, 된장, 황설탕, 참기름, 고운고춧가루, 굵은고춧가루, 진간장, 통조림국물을 섞어 양념장을 만든다."
j9NXZh0gX3w,비 오는 날엔 술 한잔 생각나는 김치찜! 고등어 통조림으로 쉽게 만듭니다! ㅣ 백종원의 백종원레시피,5,김치는 꽁다리를 제거하고 냄비에 담는다.
j9NXZh0gX3w,비 오는 날엔 술 한잔 생각나는 김치찜! 고등어 통조림으로 쉽게 만듭니다! ㅣ 백종원의 백종원레시피,6,위에 통조림 고등어를 올리고 굵은가시를 제거하고 살 쪽이 바닥으로 가게 해준다.
j9NXZh0gX3w,비 오는 날엔 술 한잔 생각나는 김치찜! 고등어 통조림으로 쉽게 만듭니다! ㅣ 백종원의 백종원레시피,7,"대파, 청양고추, 양파를 넣는다."
j9NXZh0gX3w,비 오는 날엔 술 한잔 생각나는 김치찜! 고등어 통조림으로 쉽게 만듭니다! ㅣ 백종원의 백종원레시피,8,"물, 양념장을 넣어 끓인다."
j9NXZh0gX3w,비 오는 날엔 술 한잔 생각나는 김치찜! 고등어 통조림으로 쉽게 만듭니다! ㅣ 백종원의 백종원레시피,9,조림이 끓으면 중불로 줄여 10분 정도 끓인다.
jBdQ65yHB_U,[Sub] 집에서 만든 새우감바스?? '감바스 알 아히요',1,"바게트와 식빵을 먹기 좋은 크기로 자르고, 팬에 노릇하게 구워 준비한다."
jBdQ65yHB_U,[Sub] 집에서 만든 새우감바스?? '감바스 알 아히요',2,"새우는 세척하고, 통마늘은 으깨주고, 양송이버섯은 4등분으로 썰어준다."
jBdQ65yHB_U,[Sub] 집에서 만든 새우감바스?? '감바스 알 아히요',3,방울토마토는 꼭지를 떼고 세척하여 2등분으로 썰어준다.
jBdQ65yHB_U,[Sub] 집에서 만든 새우감바스?? '감바스 알 아히요',4,"팬에 올리브유를 넣어주고 으깬 통마늘, 부순 베트남 고추, 맛소금을 넣고 중약 불로 마늘 오일을 뽑아주며 노릇하게 색을 내준다."
jBdQ65yHB_U,[Sub] 집에서 만든 새우감바스?? '감바스 알 아히요',5,"새우, 양송이버섯, 방울토마토를 넣고 새우가 익을 때까지 끓여준다."
jBdQ65yHB_U,[Sub] 집에서 만든 새우감바스?? '감바스 알 아히요',6,"세팅 그릇에 담아 준 후, 후춧가루, 파슬리가루를 뿌려 완성해준다."
jN6rB-bUQXM,전이 손이 많이 간다고요? 3분 만에 합니다,1,*배추전
jN6rB-bUQXM,전이 손이 많이 간다고요? 3분 만에 합니다,2,배추는 깨끗하게 세척한 후 밑동으로 부터 1cm 정도 위쪽을 잘라 배춧잎이 낱장으로 떨어지게 한다.
jN6rB-bUQXM,전이 손이 많이 간다고요? 3분 만에 합니다,3,배추의 줄기 부분을 칼 옆면 또는 단단한 도구를 이용하여 두드려 편다.
jN6rB-bUQXM,전이 손이 많이 간다고요? 3분 만에 합니다,4,배추는 그릇에 담은 후 물기가 있는 상태 그대로 부침가루를 뿌려 골고루 묻힌다.
jN6rB-bUQXM,전이 손이 많이 간다고요? 3분 만에 합니다,5,*부침가루가 골고루 입혀져야 반죽물을 입혀 부쳤을 때 반죽 옷이 떨어지지 않는다.
jN6rB-bUQXM,전이 손이 많이 간다고요? 3분 만에 합니다,6,깊은 그릇에 부침가루와 물을 1:1 비율로 넣어 물반죽을 만든다.
jN6rB-bUQXM,전이 손이 많이 간다고요? 3분 만에 합니다,7,*배추전은 반죽옷이 얇게 묻어야 맛있기 때문에 농도를 묽게 만드는게 중요하다.
jN6rB-bUQXM,전이 손이 많이 간다고요? 3분 만에 합니다,8,*배추 1장당 부침가루는 약 4큰술 사용한다.
jN6rB-bUQXM,전이 손이 많이 간다고요? 3분 만에 합니다,9,프라이팬을 강 불에 올려 예열한다.
jN6rB-bUQXM,전이 손이 많이 간다고요? 3분 만에 합니다,10,예열이 된 프라이팬에 식용유를 넉넉히 두른다.
jN6rB-bUQXM,전이 손이 많이 간다고요? 3분 만에 합니다,11,부침가루 묻혀둔 배추에 물반죽을 골고루 입힌 후 배추를 들어 반죽물이 흘러 얇게 묻혀진 상태로 준비한다.
jN6rB-bUQXM,전이 손이 많이 간다고요? 3분 만에 합니다,12,예열된 프라이팬에 반죽물 입힌 배추를 올린 후 중 불로 줄여 앞뒤로 노릇하게 구워 완성한다.
jN6rB-bUQXM,전이 손이 많이 간다고요? 3분 만에 합니다,13,*양념장
jN6rB-bUQXM,전이 손이 많이 간다고요? 3분 만에 합니다,14,대파와 청양고추는 두께 0.3cm로 송송 썰어 종지에 담는다.
jN6rB-bUQXM,전이 손이 많이 간다고요? 3분 만에 합니다,15,간장과 식초를 1:2 비율로 넣고 양념장을 만들어 배추전에 곁들인다.
jN_inaLf9Zo,육개장 만드는 데 20분이면 가능,1,당면은 미지근한 물에 약 30분 정도 불려 준비한다.
jN_inaLf9Zo,육개장 만드는 데 20분이면 가능,2,대파 2대는 길게 반 갈라 길이 5cm로 썰고 1/3대는 두께 0.3cm로 송송 썬다.
jN_inaLf9Zo,육개장 만드는 데 20분이면 가능,3,소고기는 한 입 크기로 썬다.
jN_inaLf9Zo,육개장 만드는 데 20분이면 가능,4,"표고버섯은 심을 제거한 후 두께 0.4cm로 편 썰고, 느타리버섯은 잘게 찢어 준비한다."
jN_inaLf9Zo,육개장 만드는 데 20분이면 가능,5,달걀은 가볍게 풀어 준비한다.
jN_inaLf9Zo,육개장 만드는 데 20분이면 가능,6,냄비에 참기름과 식용유를 넣고 길게 썬 대파를 넣어 강 불에 볶는다.
jN_inaLf9Zo,육개장 만드는 데 20분이면 가능,7,대파가 반 정도 숨이 죽으면 소고기를 넣고 핏기가 없어질 때까지 볶는다
jN_inaLf9Zo,육개장 만드는 데 20분이면 가능,8,굵은 고추가루를 넣고 볶아 고추기름이 나오면 물을 붓는다.
jN_inaLf9Zo,육개장 만드는 데 20분이면 가능,10,바닥에 붙어있는 고기는 주걱을 이용하여 긁어내야 타지 않는다.
jN_inaLf9Zo,육개장 만드는 데 20분이면 가능,11,"표고버섯, 느타리버섯, 간 마늘, 간생강, 국간장을 넣고 강 불에 끓인다."
jN_inaLf9Zo,육개장 만드는 데 20분이면 가능,12,국물이 끓어오르면 숙주를 넣고 팔팔 끓으면 간을 본 후 기호에 맞게 꽃소금을 넣어 간을 맞춘다.
jN_inaLf9Zo,육개장 만드는 데 20분이면 가능,13,기호에 맞게 소고기다시다 또는 미원을 추가한다.
jN_inaLf9Zo,육개장 만드는 데 20분이면 가능,14,불린당면을 넣고 끓어 오르면 풀어 둔 달걀을 둘러 넣는다.
jN_inaLf9Zo,육개장 만드는 데 20분이면 가능,15,달걀물을 넣고 젓지 않는다.
jN_inaLf9Zo,육개장 만드는 데 20분이면 가능,16,달걀물이 익으면 그릇에 육개장을 담은 후 후춧가루와 고명용 대파를 올려 완성한다.
jVH2k4yNi4o,에어프라이어로 쉽게 촉촉한 사과파이와 초간단 사과 고르곤졸라 피자! [특집 사과 대잔치] ㅣ 백종원의 쿠킹로그,1,버터는 유리 볼에 담아 전자레인지에 1분 정도 돌려 녹인 후 식힌다.
jVH2k4yNi4o,에어프라이어로 쉽게 촉촉한 사과파이와 초간단 사과 고르곤졸라 피자! [특집 사과 대잔치] ㅣ 백종원의 쿠킹로그,2,"큰 볼에 달걀, 황설탕을 넣고 설탕을 녹을 때까지 거품기를 이용하여 섞어준다."
jVH2k4yNi4o,에어프라이어로 쉽게 촉촉한 사과파이와 초간단 사과 고르곤졸라 피자! [특집 사과 대잔치] ㅣ 백종원의 쿠킹로그,3,설탕이 녹으면 우유를 넣고 섞어준다.
jVH2k4yNi4o,에어프라이어로 쉽게 촉촉한 사과파이와 초간단 사과 고르곤졸라 피자! [특집 사과 대잔치] ㅣ 백종원의 쿠킹로그,4,달걀물과 우유가 골고루 섞이면 꽃소금을 넣고 버터를 조금씩 넣어가면서 섞는다.
jVH2k4yNi4o,에어프라이어로 쉽게 촉촉한 사과파이와 초간단 사과 고르곤졸라 피자! [특집 사과 대잔치] ㅣ 백종원의 쿠킹로그,5,"버터가 골고루 섞이면 중력분, 베이킹파우더를 넣고 뭉치지 않도록 섞어준다."
jVH2k4yNi4o,에어프라이어로 쉽게 촉촉한 사과파이와 초간단 사과 고르곤졸라 피자! [특집 사과 대잔치] ㅣ 백종원의 쿠킹로그,6,사과조림을 넣고 섞어준다.
jVH2k4yNi4o,에어프라이어로 쉽게 촉촉한 사과파이와 초간단 사과 고르곤졸라 피자! [특집 사과 대잔치] ㅣ 백종원의 쿠킹로그,7,오븐 용기 안쪽에 전체적으로 버터를 얇게 바른다.
jVH2k4yNi4o,에어프라이어로 쉽게 촉촉한 사과파이와 초간단 사과 고르곤졸라 피자! [특집 사과 대잔치] ㅣ 백종원의 쿠킹로그,8,반죽을 오븐 용기에 넣고 바닥에 용기를 쳐 공기를 제거한다.
jVH2k4yNi4o,에어프라이어로 쉽게 촉촉한 사과파이와 초간단 사과 고르곤졸라 피자! [특집 사과 대잔치] ㅣ 백종원의 쿠킹로그,9,에어프라이어를 150도에 10분 정도 예열한 후 반죽이 담긴 용기를 넣고 30분 굽는다.
jVH2k4yNi4o,에어프라이어로 쉽게 촉촉한 사과파이와 초간단 사과 고르곤졸라 피자! [특집 사과 대잔치] ㅣ 백종원의 쿠킹로그,10,파이가 구워지면 용기에서 분리시켜 먹기 좋은 크기로 자른다.
jVH2k4yNi4o,에어프라이어로 쉽게 촉촉한 사과파이와 초간단 사과 고르곤졸라 피자! [특집 사과 대잔치] ㅣ 백종원의 쿠킹로그,11,"바닐라 아이스크림, 시나몬 가루를 곁들여 완성한다."
jVH2k4yNi4o,에어프라이어로 쉽게 촉촉한 사과파이와 초간단 사과 고르곤졸라 피자! [특집 사과 대잔치] ㅣ 백종원의 쿠킹로그,12,애플고르곤졸라피자
jVH2k4yNi4o,에어프라이어로 쉽게 촉촉한 사과파이와 초간단 사과 고르곤졸라 피자! [특집 사과 대잔치] ㅣ 백종원의 쿠킹로그,13,프라이팬은 약불에서 예열한다.
jVH2k4yNi4o,에어프라이어로 쉽게 촉촉한 사과파이와 초간단 사과 고르곤졸라 피자! [특집 사과 대잔치] ㅣ 백종원의 쿠킹로그,14,또띠아에 사과조림을 넓게 펼친다.
jVH2k4yNi4o,에어프라이어로 쉽게 촉촉한 사과파이와 초간단 사과 고르곤졸라 피자! [특집 사과 대잔치] ㅣ 백종원의 쿠킹로그,15,모짜렐라치즈를 사과조림 위에 골고루 뿌려준다..
jVH2k4yNi4o,에어프라이어로 쉽게 촉촉한 사과파이와 초간단 사과 고르곤졸라 피자! [특집 사과 대잔치] ㅣ 백종원의 쿠킹로그,16,고르곤졸라 치즈를 잘게 잘라 모짜렐라치즈 위에 올려준다.
jVH2k4yNi4o,에어프라이어로 쉽게 촉촉한 사과파이와 초간단 사과 고르곤졸라 피자! [특집 사과 대잔치] ㅣ 백종원의 쿠킹로그,17,예열 된 프라이팬에 물을 2큰술을 넣는다.
jVH2k4yNi4o,에어프라이어로 쉽게 촉촉한 사과파이와 초간단 사과 고르곤졸라 피자! [특집 사과 대잔치] ㅣ 백종원의 쿠킹로그,18,토핑 한 피자를 프라이팬에 넣는다.
jVH2k4yNi4o,에어프라이어로 쉽게 촉촉한 사과파이와 초간단 사과 고르곤졸라 피자! [특집 사과 대잔치] ㅣ 백종원의 쿠킹로그,19,가장 약한 불에서 뚜껑을 덮고 치즈가 녹을 정도까지 구워준다.
jVH2k4yNi4o,에어프라이어로 쉽게 촉촉한 사과파이와 초간단 사과 고르곤졸라 피자! [특집 사과 대잔치] ㅣ 백종원의 쿠킹로그,20,완성 접시에 꺼내 파슬리가루를 뿌려 완성한다.
jeBMJGNgZ34,"베이컨땡초김밥/게맛살마요김밥/돼지불고기김밥/무말랭이김밥,  나만의 김밥을 만들어 보세요! ㅣ 백종원의 쿠킹로그",1,베이컨은 마른 프라이팬에 올려 살짝 노릇한 정도로 구워준다.
jeBMJGNgZ34,"베이컨땡초김밥/게맛살마요김밥/돼지불고기김밥/무말랭이김밥,  나만의 김밥을 만들어 보세요! ㅣ 백종원의 쿠킹로그",2,김 위에 밥을 얇게 깔아준다.
jeBMJGNgZ34,"베이컨땡초김밥/게맛살마요김밥/돼지불고기김밥/무말랭이김밥,  나만의 김밥을 만들어 보세요! ㅣ 백종원의 쿠킹로그",3,밥 위에 베이컨을 겹치지 않게 깔아준다.
jeBMJGNgZ34,"베이컨땡초김밥/게맛살마요김밥/돼지불고기김밥/무말랭이김밥,  나만의 김밥을 만들어 보세요! ㅣ 백종원의 쿠킹로그",4,"베이컨 위에 단무지, 우엉, 당근, 청양고추, 마요네즈, 시금치를 올린 후 말아준다."
jeBMJGNgZ34,"베이컨땡초김밥/게맛살마요김밥/돼지불고기김밥/무말랭이김밥,  나만의 김밥을 만들어 보세요! ㅣ 백종원의 쿠킹로그",5,먹기 좋은 크기로 썰어 완성한다.
jeBMJGNgZ34,"베이컨땡초김밥/게맛살마요김밥/돼지불고기김밥/무말랭이김밥,  나만의 김밥을 만들어 보세요! ㅣ 백종원의 쿠킹로그",6,돼지불고기김밥
jeBMJGNgZ34,"베이컨땡초김밥/게맛살마요김밥/돼지불고기김밥/무말랭이김밥,  나만의 김밥을 만들어 보세요! ㅣ 백종원의 쿠킹로그",7,프라이팬에 돼지고기를 펼쳐 넣고 황설탕을 뿌려 구워준다.
jeBMJGNgZ34,"베이컨땡초김밥/게맛살마요김밥/돼지불고기김밥/무말랭이김밥,  나만의 김밥을 만들어 보세요! ㅣ 백종원의 쿠킹로그",8,"황설탕이 녹은 후 노릇하게 구워지면 간장, 물을 넣어 졸여준다."
jeBMJGNgZ34,"베이컨땡초김밥/게맛살마요김밥/돼지불고기김밥/무말랭이김밥,  나만의 김밥을 만들어 보세요! ㅣ 백종원의 쿠킹로그",9,"밥 위에 졸여 둔 돼지고기를 올리고 당근, 시금치, 달걀, 단무지를 올려 말아준다."
jeBMJGNgZ34,"베이컨땡초김밥/게맛살마요김밥/돼지불고기김밥/무말랭이김밥,  나만의 김밥을 만들어 보세요! ㅣ 백종원의 쿠킹로그",10,김밥을 먹기 좋은 크기로 썰어 완성한다.
jeBMJGNgZ34,"베이컨땡초김밥/게맛살마요김밥/돼지불고기김밥/무말랭이김밥,  나만의 김밥을 만들어 보세요! ㅣ 백종원의 쿠킹로그",11,게맛살마요김밥
jeBMJGNgZ34,"베이컨땡초김밥/게맛살마요김밥/돼지불고기김밥/무말랭이김밥,  나만의 김밥을 만들어 보세요! ㅣ 백종원의 쿠킹로그",12,게맛살은 잘게 썰고 청양고추는 1/2로 갈라 준비한다.
jeBMJGNgZ34,"베이컨땡초김밥/게맛살마요김밥/돼지불고기김밥/무말랭이김밥,  나만의 김밥을 만들어 보세요! ㅣ 백종원의 쿠킹로그",13,원형 단무지는 잘게 채 썬다.
jeBMJGNgZ34,"베이컨땡초김밥/게맛살마요김밥/돼지불고기김밥/무말랭이김밥,  나만의 김밥을 만들어 보세요! ㅣ 백종원의 쿠킹로그",14,"볼에 게맛살, 마요네즈, 황설탕을 넣어 골고루 섞어준다."
jeBMJGNgZ34,"베이컨땡초김밥/게맛살마요김밥/돼지불고기김밥/무말랭이김밥,  나만의 김밥을 만들어 보세요! ㅣ 백종원의 쿠킹로그",15,김에 밥을 얇게 펼쳐준다.
jeBMJGNgZ34,"베이컨땡초김밥/게맛살마요김밥/돼지불고기김밥/무말랭이김밥,  나만의 김밥을 만들어 보세요! ㅣ 백종원의 쿠킹로그",16,밥 위에 깻잎 2장을 깔아준 후 버무려 둔 게맛살을 올린다.
jeBMJGNgZ34,"베이컨땡초김밥/게맛살마요김밥/돼지불고기김밥/무말랭이김밥,  나만의 김밥을 만들어 보세요! ㅣ 백종원의 쿠킹로그",17,"게맛살 위에 청양고추, 단무지를 넣어 말아준다."
jeBMJGNgZ34,"베이컨땡초김밥/게맛살마요김밥/돼지불고기김밥/무말랭이김밥,  나만의 김밥을 만들어 보세요! ㅣ 백종원의 쿠킹로그",18,김밥에 참기름을 발라 먹기 좋은 크기로 잘라 완성한다.
jeBMJGNgZ34,"베이컨땡초김밥/게맛살마요김밥/돼지불고기김밥/무말랭이김밥,  나만의 김밥을 만들어 보세요! ㅣ 백종원의 쿠킹로그",19,무말랭이김밥
jeBMJGNgZ34,"베이컨땡초김밥/게맛살마요김밥/돼지불고기김밥/무말랭이김밥,  나만의 김밥을 만들어 보세요! ㅣ 백종원의 쿠킹로그",20,무말랭이는 물에 30분이상 불려 준비한다.
jeBMJGNgZ34,"베이컨땡초김밥/게맛살마요김밥/돼지불고기김밥/무말랭이김밥,  나만의 김밥을 만들어 보세요! ㅣ 백종원의 쿠킹로그",21,불린 무말랭이의 물기를 제거한다.
jeBMJGNgZ34,"베이컨땡초김밥/게맛살마요김밥/돼지불고기김밥/무말랭이김밥,  나만의 김밥을 만들어 보세요! ㅣ 백종원의 쿠킹로그",22,"냄비에 불린 무말랭이, 진간장, 황설탕, 식용유, 간마늘, 물엿, 물을 넣고 윤기나게 졸여준다."
jeBMJGNgZ34,"베이컨땡초김밥/게맛살마요김밥/돼지불고기김밥/무말랭이김밥,  나만의 김밥을 만들어 보세요! ㅣ 백종원의 쿠킹로그",23,"김에 밥을 얇게 펼친 후 단무지, 당근, 시금치, 달걀, 어묵, 무말랭이를 넣어 말아준다."
jeBMJGNgZ34,"베이컨땡초김밥/게맛살마요김밥/돼지불고기김밥/무말랭이김밥,  나만의 김밥을 만들어 보세요! ㅣ 백종원의 쿠킹로그",24,완성된 김밥을 먹기 좋은 크기로 잘라 완성한다.
kD9Qg139l9g,조금 특별한 굴전?! (feat.스리라차),1,* 일반 굴전
kD9Qg139l9g,조금 특별한 굴전?! (feat.스리라차),2,깊은 볼에 굴을 넣고 껍질이 없도록 깨끗하게 세척한다.
kD9Qg139l9g,조금 특별한 굴전?! (feat.스리라차),3,세척한 굴은 체에 밭쳐 물기를 제거한다.
kD9Qg139l9g,조금 특별한 굴전?! (feat.스리라차),4,달걀은 잘 풀어 준비한다.
kD9Qg139l9g,조금 특별한 굴전?! (feat.스리라차),5,굴에 튀김가루를 골고루 묻힌 후 달걀물을 입힌다.
kD9Qg139l9g,조금 특별한 굴전?! (feat.스리라차),7,튀김가루 대신 밀가루나 부침가루를 사용해도 좋다.
kD9Qg139l9g,조금 특별한 굴전?! (feat.스리라차),8,프라이팬에 식용유를 두르고 강 불에 예열한다.
kD9Qg139l9g,조금 특별한 굴전?! (feat.스리라차),9,달걀물 입힌 굴을 노릇하게 구워 완성한다.
kD9Qg139l9g,조금 특별한 굴전?! (feat.스리라차),10,* 홍콩식 굴전
kD9Qg139l9g,조금 특별한 굴전?! (feat.스리라차),11,대파는 두께0.3cm 정도로 송송 썬다.
kD9Qg139l9g,조금 특별한 굴전?! (feat.스리라차),12,달걀은 가볍게 풀어 준비한다.
kD9Qg139l9g,조금 특별한 굴전?! (feat.스리라차),13,"깊은 볼에 굴, 대파, 달걀, 튀김가루, 정수물을 넣고 젓가락을 이용하여 굴이 터지지 않도록 골고루 섞는다."
kD9Qg139l9g,조금 특별한 굴전?! (feat.스리라차),14,숟가락으로 반죽을 떠서 프라이팬에 동그랗게 올려 강 불에 튀기듯이 굽는다.
kD9Qg139l9g,조금 특별한 굴전?! (feat.스리라차),15,전 한 개당 굴은 3개정도 올린다.
kD9Qg139l9g,조금 특별한 굴전?! (feat.스리라차),16,"겉은 바삭 하고, 안쪽에 굴은 부드럽도록 높은 온도에서 짧은 시간 조리한다."
kD9Qg139l9g,조금 특별한 굴전?! (feat.스리라차),17,굴전의 앞 뒷면이 전체적으로 노릇노릇하게 구워지면 불을 끄고 접시에 옮겨 담는다.
kD9Qg139l9g,조금 특별한 굴전?! (feat.스리라차),18,기호에 맞게 스리라차소스나 초간장을 곁들여 먹는다.
kMksKRBOpiA,불 없이! 뚝딱 만드는 치즈순대. 마트 재료 꿀조합이에요!,1,"대파, 청양고추는 두께 0.3cm로 송송 썰어 준비한다."
kMksKRBOpiA,불 없이! 뚝딱 만드는 치즈순대. 마트 재료 꿀조합이에요!,2,깻잎은 반으로 자른 후 가늘게 채 썰어 준비한다.
kMksKRBOpiA,불 없이! 뚝딱 만드는 치즈순대. 마트 재료 꿀조합이에요!,3,순대는 두께 0.5cm 사선으로 썰어 준비한다.
kMksKRBOpiA,불 없이! 뚝딱 만드는 치즈순대. 마트 재료 꿀조합이에요!,4,"깊은 볼에 토마토소스, 간마늘, 고추장, 굵은 고춧가루, 대파를 섞어 양념장을 만든다."
kMksKRBOpiA,불 없이! 뚝딱 만드는 치즈순대. 마트 재료 꿀조합이에요!,5,*사용하는 토마토소스의 간이 약할 경우 꽃소금 또는 진간장으로 간을 맞춘다.
kMksKRBOpiA,불 없이! 뚝딱 만드는 치즈순대. 마트 재료 꿀조합이에요!,6,전체적으로 움푹 파인 접시에 순대를 겹치지 않도록 깔아 준 후 양념장을 순대가 덮이도록 올린다.
kMksKRBOpiA,불 없이! 뚝딱 만드는 치즈순대. 마트 재료 꿀조합이에요!,7,"청양고추, 깻잎을 골고루 올린 후 다시 한번 순대, 양념장, 청양고추, 깻잎 순서로 한층 더 쌓아 올린다."
kMksKRBOpiA,불 없이! 뚝딱 만드는 치즈순대. 마트 재료 꿀조합이에요!,8,마지막으로 모짜렐라치즈를 전체적으로 펼쳐 올리고 전자레인지에 약 4분~4분 30초 정도 돌려 완성한다.
kMksKRBOpiA,불 없이! 뚝딱 만드는 치즈순대. 마트 재료 꿀조합이에요!,9,*1000w전자레인지 기준 4분 20초 정도 돌린다.
kMksKRBOpiA,불 없이! 뚝딱 만드는 치즈순대. 마트 재료 꿀조합이에요!,10,*전자레인지에 돌리는 시간은 전력에 따라 조절한다.
kMksKRBOpiA,불 없이! 뚝딱 만드는 치즈순대. 마트 재료 꿀조합이에요!,11,*전자레인지에서 꺼낼 때에는 그릇이 뜨거우니 마른 행주로 잡거나 장갑을 끼고 꺼낸다.
kR77WlHRZrs,불맛 가득한 달걀볶음밥! 맛없으면 이상한 거죠~ ㅣ 백종원의 쿠킹로그,1,대파는 송송 썰어 준비한다.
kR77WlHRZrs,불맛 가득한 달걀볶음밥! 맛없으면 이상한 거죠~ ㅣ 백종원의 쿠킹로그,2,"프라이팬에 식용유, 대파를 넣어 파 기름을 내고 노릇해지면 한쪽으로 몰아둔다."
kR77WlHRZrs,불맛 가득한 달걀볶음밥! 맛없으면 이상한 거죠~ ㅣ 백종원의 쿠킹로그,3,다른 한쪽에 달걀을 넣어 스크램블 한다.
kR77WlHRZrs,불맛 가득한 달걀볶음밥! 맛없으면 이상한 거죠~ ㅣ 백종원의 쿠킹로그,4,"재료가 없는 쪽에 간장을 넣어 눌어붙도록 끓여주고 스크램블 한 달걀, 볶은 대파와 섞어준다."
kR77WlHRZrs,불맛 가득한 달걀볶음밥! 맛없으면 이상한 거죠~ ㅣ 백종원의 쿠킹로그,5,"달걀, 대파가 골고루 섞이면 맛소금, 밥을 넣고 불을 끈 후 국자를 이용하여 섞어준다."
kR77WlHRZrs,불맛 가득한 달걀볶음밥! 맛없으면 이상한 거죠~ ㅣ 백종원의 쿠킹로그,6,밥이 골고루 섞이면 센 불에 올려 볶는다.
kR77WlHRZrs,불맛 가득한 달걀볶음밥! 맛없으면 이상한 거죠~ ㅣ 백종원의 쿠킹로그,7,기호에 따라 MSG를 넣어 볶은 후 완성한다.
kfGi3rTct8c,참~쉬운 찜닭! 집에서 이건 꼭 한번 해보세요. ㅣ 백종원의 백종원레시피,1,닭은 깨끗하게 세척하고 물기를 제거하여 준비한다.
kfGi3rTct8c,참~쉬운 찜닭! 집에서 이건 꼭 한번 해보세요. ㅣ 백종원의 백종원레시피,2,"고명용 대파는 반으로 갈라 길게 썰어주고, 양념장용 대파는 송송 썰어 준비한다."
kfGi3rTct8c,참~쉬운 찜닭! 집에서 이건 꼭 한번 해보세요. ㅣ 백종원의 백종원레시피,3,건홍고추는 가위를 이용하여 어슷하게 썰고 청양고추는 큼직하게 썰어둔다.
kfGi3rTct8c,참~쉬운 찜닭! 집에서 이건 꼭 한번 해보세요. ㅣ 백종원의 백종원레시피,4,"홍고추는 어슷썰기 하고, 새송이버섯, 표고버섯은 한 입 크기로 썰어둔다."
kfGi3rTct8c,참~쉬운 찜닭! 집에서 이건 꼭 한번 해보세요. ㅣ 백종원의 백종원레시피,5,"당근, 감자, 고구마는 깨끗하게 세척하여 먹기 좋은 크기로 잘라둔다."
kfGi3rTct8c,참~쉬운 찜닭! 집에서 이건 꼭 한번 해보세요. ㅣ 백종원의 백종원레시피,6,당면은 미지근한 물에 30분 정도 불려 준비한다.
kfGi3rTct8c,참~쉬운 찜닭! 집에서 이건 꼭 한번 해보세요. ㅣ 백종원의 백종원레시피,7,"진간장, 맛술, 황설탕, 물, 간생강, 간마늘, 대파, 참기름을 섞어 양념장을 만든다."
kfGi3rTct8c,참~쉬운 찜닭! 집에서 이건 꼭 한번 해보세요. ㅣ 백종원의 백종원레시피,8,"냄비에 닭, 양념장, 물1컵 넣고 끓여 닭을 어느정도 익혀준 후, 건고추를 넣고 강불에서 끓인다."
kfGi3rTct8c,참~쉬운 찜닭! 집에서 이건 꼭 한번 해보세요. ㅣ 백종원의 백종원레시피,9,"양념장이 끓으면 감자, 당근, 고구마 넣고 끓으면 중불로 줄여 익힌다."
kfGi3rTct8c,참~쉬운 찜닭! 집에서 이건 꼭 한번 해보세요. ㅣ 백종원의 백종원레시피,10,"당근,감자와 고구마가 익으면 표고버섯, 새송이버섯, 떡을 넣고 캬라멜을 넣는다."
kfGi3rTct8c,참~쉬운 찜닭! 집에서 이건 꼭 한번 해보세요. ㅣ 백종원의 백종원레시피,11,떡이 말랑말랑 해지면 불려 둔 당면을 넣어 끓인다.
kfGi3rTct8c,참~쉬운 찜닭! 집에서 이건 꼭 한번 해보세요. ㅣ 백종원의 백종원레시피,12,"닭에 간이 충분히 배이면 홍고추, 청양고추 대파를 넣고 골고루 섞어 완성한다."
kj2ZupQ7fts,[Sub] 스팸+달걀+김치+마요네즈=끝!,1,"스팸을 큐브로 썰어주고, 김치는 가위를 이용해 적당히 잘라 준비한다."
kj2ZupQ7fts,[Sub] 스팸+달걀+김치+마요네즈=끝!,2,"달걀은 볼에 풀어 준비해 주고, 쪽파는 송송 썰어준다."
kj2ZupQ7fts,[Sub] 스팸+달걀+김치+마요네즈=끝!,3,밥을 미리 덮밥 그릇에 담아 놓는다.
kj2ZupQ7fts,[Sub] 스팸+달걀+김치+마요네즈=끝!,4,팬에 식용유를 두르고 스크램블을 만들어 밥 가장자리에 둘러서 올려준다.
kj2ZupQ7fts,[Sub] 스팸+달걀+김치+마요네즈=끝!,5,팬에 식용유를 조금만 두르고 스팸을 볶아 스크램블 안에 올려준다.
kj2ZupQ7fts,[Sub] 스팸+달걀+김치+마요네즈=끝!,6,"팬에 남아있는 기름에 김치를 설탕, 진간장을 살짝 넣어 볶아 스팸 위에 올려준다."
kj2ZupQ7fts,[Sub] 스팸+달걀+김치+마요네즈=끝!,7,"마요네즈를 뿌려주고, 쪽파를 올려 완성한다."
kpeQCq4mIXs,진짜 가지가지 합니다.,1,* 가지 밥 만드는 법
kpeQCq4mIXs,진짜 가지가지 합니다.,2,쌀은 깨끗하게 씻어 15분 정도 불린다.
kpeQCq4mIXs,진짜 가지가지 합니다.,3,가지는 길게 반 잘라 두께 0.5cm 반달 모양으로 썬다.
kpeQCq4mIXs,진짜 가지가지 합니다.,4,(가지 모양을 자유롭게 썰어도 무관하다.)
kpeQCq4mIXs,진짜 가지가지 합니다.,5,대파는 송송 썬다.
kpeQCq4mIXs,진짜 가지가지 합니다.,6,넓은 팬에 대파와 식용유를 넣고 수분이 날아갈 때까지 볶아 파 기름을 낸다.
kpeQCq4mIXs,진짜 가지가지 합니다.,7,진간장을 코팅 팬 가장자리에 빙 둘러 넣는다.
kpeQCq4mIXs,진짜 가지가지 합니다.,8,가지를 넣고 숨이 죽을 때까지 저어가며 볶는다.
kpeQCq4mIXs,진짜 가지가지 합니다.,9,불린 쌀을 전기 압력밥솥에 넣고 물 양을 맞춘다.
kpeQCq4mIXs,진짜 가지가지 합니다.,10,(가지에서 물이 나오므로 평상시 밥물 양보다 적게 잡는다.)
kpeQCq4mIXs,진짜 가지가지 합니다.,11,쌀 위에 가지를 올리고 취사를 누른다.
kpeQCq4mIXs,진짜 가지가지 합니다.,13,(기호에 맞게 달걀 프라이를 올려준다.)
kpeQCq4mIXs,진짜 가지가지 합니다.,14,* 양념장 만드는 법
kpeQCq4mIXs,진짜 가지가지 합니다.,15,"대파, 청양고추는 길게 반 갈라, 부추는 잘게 송송 썬다."
kpeQCq4mIXs,진짜 가지가지 합니다.,16,"대파, 청양고추, 부추, 간 마늘, 진간장, 황설탕, 굵은 고춧가루, 깨소금, 참기름을 넣고 양념장을 만든다."
kzYgtXDcGQ4,뽀오얀 국물이 제대로~ 더위 나기 보양식 '닭곰탕',1,* 닭 육수 만드는 법
kzYgtXDcGQ4,뽀오얀 국물이 제대로~ 더위 나기 보양식 '닭곰탕',2,칼이나 가위를 이용하여 닭의 배를 갈라 펼친다.
kzYgtXDcGQ4,뽀오얀 국물이 제대로~ 더위 나기 보양식 '닭곰탕',3,내장과 불순물 등은 손가락으로 밀어내듯이 빼내서 씻어 준비한다.
kzYgtXDcGQ4,뽀오얀 국물이 제대로~ 더위 나기 보양식 '닭곰탕',4,대파는 큼직하게 썰고 양파는 껍질째 준비한다.
kzYgtXDcGQ4,뽀오얀 국물이 제대로~ 더위 나기 보양식 '닭곰탕',5,"큰 냄비에 물, 닭, 양파, 대파를 넣고 불에 올린 후 대략 30분 정도 삶는다."
kzYgtXDcGQ4,뽀오얀 국물이 제대로~ 더위 나기 보양식 '닭곰탕',6,30분 정도 삶은 후 닭 발목의 살이 올라가고 뼈가 보이면 집게를 이용해 가슴살과 발목의 살을 찢어 익었는지 확인한다.
kzYgtXDcGQ4,뽀오얀 국물이 제대로~ 더위 나기 보양식 '닭곰탕',7,닭이 익으면 닭은 건져내고 육수는 30분 정도 더 끓여 준다.
kzYgtXDcGQ4,뽀오얀 국물이 제대로~ 더위 나기 보양식 '닭곰탕',8,(닭이 크거나 토종닭이면 삶는 시간을 늘려준다.)
kzYgtXDcGQ4,뽀오얀 국물이 제대로~ 더위 나기 보양식 '닭곰탕',9,* 닭곰탕 만드는 법
kzYgtXDcGQ4,뽀오얀 국물이 제대로~ 더위 나기 보양식 '닭곰탕',10,삶은 닭고기는 살을 발라 먹기 좋은 크기로 찢는다.
kzYgtXDcGQ4,뽀오얀 국물이 제대로~ 더위 나기 보양식 '닭곰탕',11,닭 육수에 살 바른 닭 뼈를 넣고 불을 켜고 꽃소금을 넣고 다시 한번 팔팔 끓인다.
kzYgtXDcGQ4,뽀오얀 국물이 제대로~ 더위 나기 보양식 '닭곰탕',12,대파는 0.3cm 두께로 송송 썬다.
kzYgtXDcGQ4,뽀오얀 국물이 제대로~ 더위 나기 보양식 '닭곰탕',13,뚝배기에 밥을 넣어 준다.
kzYgtXDcGQ4,뽀오얀 국물이 제대로~ 더위 나기 보양식 '닭곰탕',14,밥 위에 발라놓은 닭고기 살을 올린다.
kzYgtXDcGQ4,뽀오얀 국물이 제대로~ 더위 나기 보양식 '닭곰탕',15,"체를 준비한 후 걸러서 육수를 붓고 대파, 후춧가루를 뿌려 완성한다."
lD53g8VjQnU,'냉라면' 더욱 맛있게 먹는 방법 ㅣ 백종원의 쿠킹로그,1,"물, 식초, 황설탕, 진간장, 라면 스프를 넣고 섞어 냉라면 소스를 만들어 준비한다."
lD53g8VjQnU,'냉라면' 더욱 맛있게 먹는 방법 ㅣ 백종원의 쿠킹로그,2,"오이, 단무지는 가늘게 채 썰어 준비한다."
lD53g8VjQnU,'냉라면' 더욱 맛있게 먹는 방법 ㅣ 백종원의 쿠킹로그,3,청양고추는 반으로 갈라 잘게 썰고 쪽파는 송송 썰어준다.
lD53g8VjQnU,'냉라면' 더욱 맛있게 먹는 방법 ㅣ 백종원의 쿠킹로그,4,게맛살을 잘게 찢는다
lD53g8VjQnU,'냉라면' 더욱 맛있게 먹는 방법 ㅣ 백종원의 쿠킹로그,5,"끓는 물에 면, 건더기 스프를 넣고 삶아낸 뒤 얼음 물에 헹구어 준비한다."
lD53g8VjQnU,'냉라면' 더욱 맛있게 먹는 방법 ㅣ 백종원의 쿠킹로그,6,그릇에 삶아낸 면과 건더기 스프를 담고 냉 라면 소스를 부어준다.
lD53g8VjQnU,'냉라면' 더욱 맛있게 먹는 방법 ㅣ 백종원의 쿠킹로그,7,"오이, 게살, 단무지, 청양고추, 쪽파를 올려 완성한다."
lDr6lNjUZ8w,비지찌개! 이렇게 고소하면 반칙인데요?,1,신김치는 가위를 이용하여 잘게 잘라 준비한다.
lDr6lNjUZ8w,비지찌개! 이렇게 고소하면 반칙인데요?,2,"대파, 청양고추는 두께 0.3cm로 송송 썰고 양파는 사방 0.5cm 정도로 잘게 썰어 준비한다."
lDr6lNjUZ8w,비지찌개! 이렇게 고소하면 반칙인데요?,3,"냄비에 다진 돼지고기, 식용유, 참기름을 넣고 강불에 볶는다."
lDr6lNjUZ8w,비지찌개! 이렇게 고소하면 반칙인데요?,4,*돼지고기는 살코기와 지방을 7:3 비율로 섞어 사용하면 맛이 좋다.
lDr6lNjUZ8w,비지찌개! 이렇게 고소하면 반칙인데요?,6,고추기름이 나오면 새우젓을 넣고 볶는다.
lDr6lNjUZ8w,비지찌개! 이렇게 고소하면 반칙인데요?,7,"새우젓과 신김치가 기름에 볶아지면 물, 양파, 간마늘을 넣고 강불에 끓인다."
lDr6lNjUZ8w,비지찌개! 이렇게 고소하면 반칙인데요?,8,"바글바글 끓어 모든 재료가 익으면 콩비지를 넣고 중불로 줄여 잘 섞은 후 대파, 청양고추, 국간장을 넣어 끓인다."
lDr6lNjUZ8w,비지찌개! 이렇게 고소하면 반칙인데요?,9,*콩비지를 제외한 재료와 콩비지 비율은 1:0.5 정도가 적당하다.
lDr6lNjUZ8w,비지찌개! 이렇게 고소하면 반칙인데요?,10,*콩비지를 제외한 재료와 콩비지의 양을 1:1 비율로 넣을 경우 기호에 맞게 물양과 간을 추가한다.
lDr6lNjUZ8w,비지찌개! 이렇게 고소하면 반칙인데요?,11,*국간장 대신 액젓 또는 소금을 사용하여 간을 맞춰도 좋다.
lDr6lNjUZ8w,비지찌개! 이렇게 고소하면 반칙인데요?,12,콩비지찌개가 끓어 오르면 뚝배기에 옮겨 담아 다시 한번 끓여 완성한다.
lDr6lNjUZ8w,비지찌개! 이렇게 고소하면 반칙인데요?,13,*뚝배기가 없다면 국그릇에 바로 담아도 좋다.
lH360TWUjSU,[ENG] Make some '파개장'! Real 맛있어요. 대파농가 Cheer up!,1,당면은 미리 물에 불려 준비한다.
lH360TWUjSU,[ENG] Make some '파개장'! Real 맛있어요. 대파농가 Cheer up!,2,대파를 반 갈라 4~5cm 길이로 잘라준다.
lH360TWUjSU,[ENG] Make some '파개장'! Real 맛있어요. 대파농가 Cheer up!,3,소고기를 먹기 좋은 크기로 잘라준다.
lH360TWUjSU,[ENG] Make some '파개장'! Real 맛있어요. 대파농가 Cheer up!,4,냄비에 식용유와 참기름을 두르고 소고기를 넣고 볶아준다.
lH360TWUjSU,[ENG] Make some '파개장'! Real 맛있어요. 대파농가 Cheer up!,5,소고기가 적당히 익었을 때 대파를 넣고 볶아준다.
lH360TWUjSU,[ENG] Make some '파개장'! Real 맛있어요. 대파농가 Cheer up!,6,"숨이 죽을 정도로 대파가 볶아지면 국간장, 멸치 액젓을 넣고 볶아준다."
lH360TWUjSU,[ENG] Make some '파개장'! Real 맛있어요. 대파농가 Cheer up!,7,물과 다시마를 넣고 끓여준다.
lH360TWUjSU,[ENG] Make some '파개장'! Real 맛있어요. 대파농가 Cheer up!,8,(충분히 우러난 다시마는 기호에 맞게 채 썰어 넣어준다.)
lH360TWUjSU,[ENG] Make some '파개장'! Real 맛있어요. 대파농가 Cheer up!,9,"간 마늘을 넣어주고, 간은 꽃소금을 넣어 맞춰 오래 끓여준다."
lH360TWUjSU,[ENG] Make some '파개장'! Real 맛있어요. 대파농가 Cheer up!,10,불린 당면을 따로 끓는 물에 익혀준다.
lH360TWUjSU,[ENG] Make some '파개장'! Real 맛있어요. 대파농가 Cheer up!,11,그릇에 당면과 파개장을 담아 후춧가루 뿌려 완성한다.
lH360TWUjSU,[ENG] Make some '파개장'! Real 맛있어요. 대파농가 Cheer up!,12,[매운 양념장 만드는 법]
lH360TWUjSU,[ENG] Make some '파개장'! Real 맛있어요. 대파농가 Cheer up!,13,청양고추는 잘게 썰어 준비한다.
lH360TWUjSU,[ENG] Make some '파개장'! Real 맛있어요. 대파농가 Cheer up!,14,"볼에 굵은 고춧가루, 고운 고춧가루, 물, 국간장, 간 마늘, 다진 청양고추를 섞어준다."
lqCzPHUu-3E,라면땅 제일 쉽게 해먹는 방법. ○○○○에 찍어드세요!,1,라면은 4등분으로 쪼개어 레인지용 그릇에 담는다.
lqCzPHUu-3E,라면땅 제일 쉽게 해먹는 방법. ○○○○에 찍어드세요!,2,전자레인지에 넣고 중간중간 확인해가며 2분 30초 정도 돌린다.
lqCzPHUu-3E,라면땅 제일 쉽게 해먹는 방법. ○○○○에 찍어드세요!,3,그릇에 담고 설탕을 뿌려 섞어준다.
lqCzPHUu-3E,라면땅 제일 쉽게 해먹는 방법. ○○○○에 찍어드세요!,4,기호에 맞게 초고추장에 찍어 먹는다.
mZ2C8gEw8Vk,제가 좋아하는 갈치조림은요...,1,갈치는 흐르는 물에 세척하고 칼이나 가위를 이용하여 지느러미를 잘라 준비한다.
mZ2C8gEw8Vk,제가 좋아하는 갈치조림은요...,2,*갈치에서 비린내가 나는 경우 끓는 물에 살짝 데쳐 찬물에 헹궈 사용한다.
mZ2C8gEw8Vk,제가 좋아하는 갈치조림은요...,3,무는 두께 0.5cm 반달모양으로 편썰어 준비한다.
mZ2C8gEw8Vk,제가 좋아하는 갈치조림은요...,4,*생선의 두께에 따라 무의 두께도 조정해준다.
mZ2C8gEw8Vk,제가 좋아하는 갈치조림은요...,5,*무 대신 시래기 또는 감자를 사용해도 좋다.
mZ2C8gEw8Vk,제가 좋아하는 갈치조림은요...,6,"청양고추, 대파는 두께 0.4cm로 어슷 썰거나 송송 썰어 준비한다."
mZ2C8gEw8Vk,제가 좋아하는 갈치조림은요...,7,"깊은 볼에 국간장, 물엿, 황설탕, 맛술, 간 마늘, 고추장, 굵은 고춧가루를 넣고 계량해 둔 물을 약간 넣어 골고루 섞는다."
mZ2C8gEw8Vk,제가 좋아하는 갈치조림은요...,8,*맛술이 없을 경우 소주로 대체하여도 좋다.
mZ2C8gEw8Vk,제가 좋아하는 갈치조림은요...,9,*간 생강이 있다면 간 마늘 양의 1/5~1/10정도를 넣어주면 더욱 맛이 좋아진다.
mZ2C8gEw8Vk,제가 좋아하는 갈치조림은요...,10,*생선에서 비린내가 나는 경우 된장을 약간 넣어주면 비린내를 잡을 수 있다.
mZ2C8gEw8Vk,제가 좋아하는 갈치조림은요...,11,"납작한 냄비에 무를 한 장 씩 깔아준 후 그 위에 갈치를 올리고 대파, 청양고추를 골고루 올린다."
mZ2C8gEw8Vk,제가 좋아하는 갈치조림은요...,12,만들어 둔 양념장과 남은 물을 모두 붓고 강불에 올린다.
mZ2C8gEw8Vk,제가 좋아하는 갈치조림은요...,13,*생선이 국물에 잠기지 않을 경우 계속해서 국물을 끼얹어가며 끓인다.
mZ2C8gEw8Vk,제가 좋아하는 갈치조림은요...,14,국물이 끓어오르면 꽃소금으로 간을 한 후 약 13~15분 졸인다.
mZ2C8gEw8Vk,제가 좋아하는 갈치조림은요...,15,*조미료를 사용할 경우 이 때 넣는다.
mZ2C8gEw8Vk,제가 좋아하는 갈치조림은요...,16,*생선이 두꺼울 경우 중불로 줄여 졸인다.
mZ2C8gEw8Vk,제가 좋아하는 갈치조림은요...,17,*바닥에 있는 재료가 바닥에 눌어 붙어 탈 수 있으니 중간에 냄비를 살짝 흔들어 떼어낸다.
mZ2C8gEw8Vk,제가 좋아하는 갈치조림은요...,18,국물이 자작하게 졸아들면 불을 끄고 완성한다.
mjLPNh11_xs,'참치마요' 만들어서 고급진 토스트까지! (준비물:남은 치킨무),1,*튜나샐러드
mjLPNh11_xs,'참치마요' 만들어서 고급진 토스트까지! (준비물:남은 치킨무),2,"양파, 치킨무는 사방 0.5cm 정도로 잘게 다져 깊은 볼에 담아 준비한다."
mjLPNh11_xs,'참치마요' 만들어서 고급진 토스트까지! (준비물:남은 치킨무),4,"재료를 담아 둔 볼에 꽃소금, 황설탕, 마요네즈, 후춧가루를 넣고 잘 섞어 튜나샐러드를 만든다."
mjLPNh11_xs,'참치마요' 만들어서 고급진 토스트까지! (준비물:남은 치킨무),5,*튜나멜트토스트
mjLPNh11_xs,'참치마요' 만들어서 고급진 토스트까지! (준비물:남은 치킨무),6,2장의 식빵에 각각 슬라이스체다치즈 2장 씩을 빵 크기에 맞춰 올린다.
mjLPNh11_xs,'참치마요' 만들어서 고급진 토스트까지! (준비물:남은 치킨무),7,치즈를 올린 식빵 1장에 튜나샐러드 1/2양을 전체적으로 펼쳐 올린다.
mjLPNh11_xs,'참치마요' 만들어서 고급진 토스트까지! (준비물:남은 치킨무),8,또 다른 식빵 1장을 샐러드 위에 덮는다.
mjLPNh11_xs,'참치마요' 만들어서 고급진 토스트까지! (준비물:남은 치킨무),9,프라이팬에 버터 절반을 두르고 중불에 녹인다.
mjLPNh11_xs,'참치마요' 만들어서 고급진 토스트까지! (준비물:남은 치킨무),10,버터가 완전히 녹으면 샌드위치를 올린 후 프라이팬을 닦듯이 돌려가며 한쪽 면을 굽는다.
mjLPNh11_xs,'참치마요' 만들어서 고급진 토스트까지! (준비물:남은 치킨무),11,* 빵에 색이 나기 시작하면 약 불로 줄여 굽는다.
mjLPNh11_xs,'참치마요' 만들어서 고급진 토스트까지! (준비물:남은 치킨무),12,샌드위치를 잠시 빼두고 남은 버터 절반을 프라이팬에 올려 녹인다.
mjLPNh11_xs,'참치마요' 만들어서 고급진 토스트까지! (준비물:남은 치킨무),13,샌드위치의 굽지 않은 면을 바닥으로 가도록 올리고 살살 눌러가며 굽는다.
mjLPNh11_xs,'참치마요' 만들어서 고급진 토스트까지! (준비물:남은 치킨무),14,양쪽 면이 갈색이 나도록 구워지고 치즈가 녹으면 샌드위치를 도마로 옮긴다.
mjLPNh11_xs,'참치마요' 만들어서 고급진 토스트까지! (준비물:남은 치킨무),15,샌드위치를 먹기 좋은 크기로 자른 후 그릇에 옮겨 담아 완성한다.
mo8ogr40m4o,다 때려넣으면 끝~ 제일 쉬운 '어묵볶음',1,"얇은 사각어묵은 길게 2등분 후 두께 2cm로 얇게 썰고, 봉어묵은 1cm정도 두께로 어슷 썰어 준비한다."
mo8ogr40m4o,다 때려넣으면 끝~ 제일 쉬운 '어묵볶음',2,양파는 가로로 반 갈라 2cm정도 두께로 자른다.
mo8ogr40m4o,다 때려넣으면 끝~ 제일 쉬운 '어묵볶음',3,"대파, 청양고추는 0.3cm두께로 송송 썬다."
mo8ogr40m4o,다 때려넣으면 끝~ 제일 쉬운 '어묵볶음',4,감자는 십자모양으로 4등분 한 후 0.3cm 두께로 편 썬다.
mo8ogr40m4o,다 때려넣으면 끝~ 제일 쉬운 '어묵볶음',5,"깊은 프라이팬에 어묵, 양파, 대파, 청양고추, 감자, 식용유, 간 마늘을 넣고 강 불에 올린다."
mo8ogr40m4o,다 때려넣으면 끝~ 제일 쉬운 '어묵볶음',6,"지글지글 소리가 나기 시작하면 전체적으로 섞일 때 까지 볶은 후 물, 진간장, 황설탕을 넣고 졸인다."
mo8ogr40m4o,다 때려넣으면 끝~ 제일 쉬운 '어묵볶음',8,어묵의 종류나 불 세기에 따라 물양을 조절한다.
mo8ogr40m4o,다 때려넣으면 끝~ 제일 쉬운 '어묵볶음',9,어묵에 양념장이 배이면 고운 고춧가루를 넣고 섞는다.
mo8ogr40m4o,다 때려넣으면 끝~ 제일 쉬운 '어묵볶음',10,국물이 완전히 졸아 들고 윤기가 나면 참기름을 넣고 섞는다.
mo8ogr40m4o,다 때려넣으면 끝~ 제일 쉬운 '어묵볶음',11,통깨를 뿌린 후 접시에 옮겨 담아 완성한다.
mo8ogr40m4o,다 때려넣으면 끝~ 제일 쉬운 '어묵볶음',12,그릇에 담고 나서 통깨를 한번 더 뿌려줘도 좋다.
nAfB4wPN0f4,'시간대별 계란 삶기' (여러분의 취향은 몇 분?),1,달걀 실험실!
nAfB4wPN0f4,'시간대별 계란 삶기' (여러분의 취향은 몇 분?),2,시간대별로 달걀을 삶아보았습니다.
nAfB4wPN0f4,'시간대별 계란 삶기' (여러분의 취향은 몇 분?),3,팀원 여러분들이 좋아하는 달걀은 몇 분 정도인가요?
nAfB4wPN0f4,'시간대별 계란 삶기' (여러분의 취향은 몇 분?),4,냄비에 달걀과 달걀이 잠길 정도의 찬물을 넣어준다.
nAfB4wPN0f4,'시간대별 계란 삶기' (여러분의 취향은 몇 분?),5,식초와 꽃소금을 넣고 강불로 끓인다.
nAfB4wPN0f4,'시간대별 계란 삶기' (여러분의 취향은 몇 분?),6,물이 끓으면 중불로 줄인다.
nAfB4wPN0f4,'시간대별 계란 삶기' (여러분의 취향은 몇 분?),7,원하는 익힘 정도에 맞춰 삶은 후 찬물에 식힌다.
nAfB4wPN0f4,'시간대별 계란 삶기' (여러분의 취향은 몇 분?),8,흐르는 물에 껍질을 제거하여 완성한다.
nFCahVPrnD0,"시골에서 먹는 강된장! 밥에 비벼 먹으면 끝이에요! Good Old Country Food, Gangdoenjang! Just Mix It With Rice!",1,"양파는 다지듯이 잘게 썰고, 대파와 청양고추는 반 갈라 잘게 썬다."
nFCahVPrnD0,"시골에서 먹는 강된장! 밥에 비벼 먹으면 끝이에요! Good Old Country Food, Gangdoenjang! Just Mix It With Rice!",2,"뚝배기에 식용유를 두르고 썰어놓은 양파, 대파, 청양고추를 넣고 볶아준다."
nFCahVPrnD0,"시골에서 먹는 강된장! 밥에 비벼 먹으면 끝이에요! Good Old Country Food, Gangdoenjang! Just Mix It With Rice!",3,(기호에 맞게 식용유 양을 늘려도 된다.)
nFCahVPrnD0,"시골에서 먹는 강된장! 밥에 비벼 먹으면 끝이에요! Good Old Country Food, Gangdoenjang! Just Mix It With Rice!",4,"국멸치의 머리, 가시, 내장을 제거하고 손으로 잘게 찢는다."
nFCahVPrnD0,"시골에서 먹는 강된장! 밥에 비벼 먹으면 끝이에요! Good Old Country Food, Gangdoenjang! Just Mix It With Rice!",5,양파가 투명하게 볶아지면 된장을 넣고 볶는다.
nFCahVPrnD0,"시골에서 먹는 강된장! 밥에 비벼 먹으면 끝이에요! Good Old Country Food, Gangdoenjang! Just Mix It With Rice!",6,된장이 기름에 충분히 볶아지면 쌀뜨물을 조금씩 나눠 넣는다.
nFCahVPrnD0,"시골에서 먹는 강된장! 밥에 비벼 먹으면 끝이에요! Good Old Country Food, Gangdoenjang! Just Mix It With Rice!",7,걸쭉한 느낌이 나면 손질한 국멸치를 넣고 잘 젓는다.
nFCahVPrnD0,"시골에서 먹는 강된장! 밥에 비벼 먹으면 끝이에요! Good Old Country Food, Gangdoenjang! Just Mix It With Rice!",8,"불을 줄여 준 후, 끓는 강된장에 황설탕, 간 마늘, 굵은 고춧가루를 넣고 섞는다."
nFCahVPrnD0,"시골에서 먹는 강된장! 밥에 비벼 먹으면 끝이에요! Good Old Country Food, Gangdoenjang! Just Mix It With Rice!",9,뚝배기 벽 쪽으로 긁어주면서 강된장을 취향에 맞게 졸여 완성한다.
nFCahVPrnD0,"시골에서 먹는 강된장! 밥에 비벼 먹으면 끝이에요! Good Old Country Food, Gangdoenjang! Just Mix It With Rice!",10,"완성된 강된장을 상추쌈, 맨밥에 비벼 먹기,"
nFCahVPrnD0,"시골에서 먹는 강된장! 밥에 비벼 먹으면 끝이에요! Good Old Country Food, Gangdoenjang! Just Mix It With Rice!",11,"삶은 콩나물과 비벼 먹기, 무생채와 비벼 먹기,"
nFCahVPrnD0,"시골에서 먹는 강된장! 밥에 비벼 먹으면 끝이에요! Good Old Country Food, Gangdoenjang! Just Mix It With Rice!",12,무생채와 채 썬 상추에 참기름을 넣고 비벼 먹는다.
nPRKSxlh0rQ,"나 이불킥하게 만든 정지선 씨, 이리 와봐유!",1,제게 평생 가는 짤을 선물해 준 분이죠...
nQaR6cwSmQk,가지 하나로 만들어 먹는 가지구이덮밥! 5분이면 끝납니다.,1,"가지는 꼭지 부분을 잘라낸 후 길이6~7cm, 두께1cm 정도로 길게 어슷 썰어 준비한다."
nQaR6cwSmQk,가지 하나로 만들어 먹는 가지구이덮밥! 5분이면 끝납니다.,2,* 가지의 길이는 기호에 따라 짧게 썰어도 좋다.
nQaR6cwSmQk,가지 하나로 만들어 먹는 가지구이덮밥! 5분이면 끝납니다.,3,* 가지는 구우면 두께가 얇아지니 도톰하게 썰어주는게 좋다.
nQaR6cwSmQk,가지 하나로 만들어 먹는 가지구이덮밥! 5분이면 끝납니다.,4,청양고추와 대파 는 반 갈라 두께0.3cm로 송송 썰어 준비한다.
nQaR6cwSmQk,가지 하나로 만들어 먹는 가지구이덮밥! 5분이면 끝납니다.,5,* 청양고추 대신 꽈리고추를 사용 하거나 생략해도 좋다.
nQaR6cwSmQk,가지 하나로 만들어 먹는 가지구이덮밥! 5분이면 끝납니다.,6,"깊은 그릇에 준비해둔 청양고추, 대파, 된장, 설탕, 맛술, 진간장, 정수물을 넣고 섞어 덮밥양념을 준비한다."
nQaR6cwSmQk,가지 하나로 만들어 먹는 가지구이덮밥! 5분이면 끝납니다.,7,* 맛술은 시큼한 냄새가 나지 않는 제품으로 사용한다.
nQaR6cwSmQk,가지 하나로 만들어 먹는 가지구이덮밥! 5분이면 끝납니다.,8,* 간생강이 있다면 기호에 맞게 사용해도 좋다.
nQaR6cwSmQk,가지 하나로 만들어 먹는 가지구이덮밥! 5분이면 끝납니다.,9,프라이팬에 식용유를 두르고 강 불에 예열한다.
nQaR6cwSmQk,가지 하나로 만들어 먹는 가지구이덮밥! 5분이면 끝납니다.,10,프라이팬이 달궈지면 준비해둔 가지를 넣고 중 불에서 앞 뒤로 노릇하게 굽는다.
nQaR6cwSmQk,가지 하나로 만들어 먹는 가지구이덮밥! 5분이면 끝납니다.,11,* 이때 기호에 맞게 후추가루를 뿌려 굽는다
nQaR6cwSmQk,가지 하나로 만들어 먹는 가지구이덮밥! 5분이면 끝납니다.,12,덮밥양념장을 가지 위에 골고루 뿌려 중불에서 30초 정도 자작하게 조려준 후 불을 끄고 잔열에서 한번씩 뒤집어 마무리한다.
nQaR6cwSmQk,가지 하나로 만들어 먹는 가지구이덮밥! 5분이면 끝납니다.,13,* 가지는 흡수력이 좋으니 양념장을 한쪽에 붓지 않고 골고루 뿌려 가지에 스며들게 해야한다.
nQaR6cwSmQk,가지 하나로 만들어 먹는 가지구이덮밥! 5분이면 끝납니다.,14,깊은 그릇에 밥을 담고 그 위에 가지조림을 넓게 펴 담는다.
nQaR6cwSmQk,가지 하나로 만들어 먹는 가지구이덮밥! 5분이면 끝납니다.,15,* 가지 구울 때 후추를 사용하지 않았다면 이때 뿌려줘도 좋다.
nQaR6cwSmQk,가지 하나로 만들어 먹는 가지구이덮밥! 5분이면 끝납니다.,16,통깨를 뿌려 완성한다.
nVzwOOJLt24,양념 4개면 '소불고기' 끝!,1,깊은 볼에 한입 크기로 자른 소고기를 넣고 잘 풀어서 준비한다.
nVzwOOJLt24,양념 4개면 '소불고기' 끝!,2,"소고기에 황설탕, 물엿, 간 마늘을 넣고 골고루 버무려 약 10~20분 정도 재운다."
nVzwOOJLt24,양념 4개면 '소불고기' 끝!,3,Tip: 설탕의 분자가 다른 양념류보다 크기 때문에 가장 먼저 넣어서 단맛을 배게 한다.
nVzwOOJLt24,양념 4개면 '소불고기' 끝!,4,표고버섯은 기둥을 제거하고 두께 0.3cm 정도로 얇게 썬다.
nVzwOOJLt24,양념 4개면 '소불고기' 끝!,5,"대파, 홍고추는 두께 0.5cm 정도로 어슷썰어 준비한다."
nVzwOOJLt24,양념 4개면 '소불고기' 끝!,6,양파는 꼭지를 제거하고 두께 0.5cm 정도로 채썰어 준비한다.
nVzwOOJLt24,양념 4개면 '소불고기' 끝!,7,"재워둔 소고기에 진간장을 넣고 고기가 부서지지 않도록 조심히 섞어준 후 양파, 대파, 홍고추, 표고버섯을 넣어 섞는다."
nVzwOOJLt24,양념 4개면 '소불고기' 끝!,8,"채소 위에 후춧가루, 참기름을 넣고 섞는다."
nVzwOOJLt24,양념 4개면 '소불고기' 끝!,9,Tip: 다음날 사용한다면 대파만 넣어서 냉장 보관하여 사용 당일 나머지 채소를 넣어 조리한다.
nVzwOOJLt24,양념 4개면 '소불고기' 끝!,10,팬을 강 불에 올려 예열하고 소불고기를 올려 재료를 집게나 젓가락으로 잘 풀어주면서 볶는다.
nVzwOOJLt24,양념 4개면 '소불고기' 끝!,11,Tip: 기호에 따라 MSG 1/4큰술 정도를 넣어 볶는다.
nVzwOOJLt24,양념 4개면 '소불고기' 끝!,12,완전히 익은 소불고기를 접시에 담고 통깨를 뿌려 완성한다.
nj-DjQFEZb0,"밖에서 사먹는 순두부찌개 맛을 집에서!! Sundubu Jjigae!, No Need to Make a Sauce Separately!",1,"양파는 칼집을 넣어 잘게 썰고, 쪽파, 청양고추는 송송 썬다."
nj-DjQFEZb0,"밖에서 사먹는 순두부찌개 맛을 집에서!! Sundubu Jjigae!, No Need to Make a Sauce Separately!",2,대파는 반으로 갈라 잘게 썬다.
nj-DjQFEZb0,"밖에서 사먹는 순두부찌개 맛을 집에서!! Sundubu Jjigae!, No Need to Make a Sauce Separately!",3,바지락은 소금물에 해감하여 준비한다.
nj-DjQFEZb0,"밖에서 사먹는 순두부찌개 맛을 집에서!! Sundubu Jjigae!, No Need to Make a Sauce Separately!",4,"냄비에 참기름을 두르고 대파, 양파, 간 돼지고기를 넣어 중불에서 볶는다."
nj-DjQFEZb0,"밖에서 사먹는 순두부찌개 맛을 집에서!! Sundubu Jjigae!, No Need to Make a Sauce Separately!",5,수분이 날아가고 기름이 나오면 고운 고춧가루를 넣어 불을 끈 상태에서 섞어준다.
nj-DjQFEZb0,"밖에서 사먹는 순두부찌개 맛을 집에서!! Sundubu Jjigae!, No Need to Make a Sauce Separately!",6,고추기름이 나오면 물을 넣는다.
nj-DjQFEZb0,"밖에서 사먹는 순두부찌개 맛을 집에서!! Sundubu Jjigae!, No Need to Make a Sauce Separately!",7,"진간장, 황설탕, 바지락을 넣는다."
nj-DjQFEZb0,"밖에서 사먹는 순두부찌개 맛을 집에서!! Sundubu Jjigae!, No Need to Make a Sauce Separately!",8,바지락이 벌어지면 꽃소금으로 간한다.
nj-DjQFEZb0,"밖에서 사먹는 순두부찌개 맛을 집에서!! Sundubu Jjigae!, No Need to Make a Sauce Separately!",9,순두부를 반으로 갈라 덩어리 채로 넣은 후 숟가락을 이용해 조각 내어준다.
nj-DjQFEZb0,"밖에서 사먹는 순두부찌개 맛을 집에서!! Sundubu Jjigae!, No Need to Make a Sauce Separately!",10,찌개가 끓어오르면 뚝배기에 1인분 양을 옮겨 담아 끓인다.
nj-DjQFEZb0,"밖에서 사먹는 순두부찌개 맛을 집에서!! Sundubu Jjigae!, No Need to Make a Sauce Separately!",11,찌개가 끓어오르려고 하면 달걀을 깨트려 넣고 불을 끈다.
nj-DjQFEZb0,"밖에서 사먹는 순두부찌개 맛을 집에서!! Sundubu Jjigae!, No Need to Make a Sauce Separately!",12,"청양고추와 쪽파를 올리고 간 마늘, 후춧가루를 뿌린다."
ny9XkQbN6sI,뼛속까지 시원한 '초간단 냉라면' ㅣ 백종원의 쿠킹로그,1,콩나물은 가볍게 세척하여 준비한다.
ny9XkQbN6sI,뼛속까지 시원한 '초간단 냉라면' ㅣ 백종원의 쿠킹로그,2,양파는 가늘게 채 썰어 준비한다.
ny9XkQbN6sI,뼛속까지 시원한 '초간단 냉라면' ㅣ 백종원의 쿠킹로그,3,청양고추는 반으로 갈라 잘게 썰어준다.
ny9XkQbN6sI,뼛속까지 시원한 '초간단 냉라면' ㅣ 백종원의 쿠킹로그,4,"냄비에 물을 넣어 끓어오르면 콩나물, 면, 건더기 수프, 양파를 넣고 삶아 얼음 물에 헹군다."
ny9XkQbN6sI,뼛속까지 시원한 '초간단 냉라면' ㅣ 백종원의 쿠킹로그,5,"물, 라면 수프, 진간장, 식초, 설탕을 잘 섞어준다."
ny9XkQbN6sI,뼛속까지 시원한 '초간단 냉라면' ㅣ 백종원의 쿠킹로그,6,청양고추는 육수와 고명에 나눠서 사용한다.
ny9XkQbN6sI,뼛속까지 시원한 '초간단 냉라면' ㅣ 백종원의 쿠킹로그,7,완성 그릇에 삶아낸 채소와 면을 담고 청양고추를 올린 후 육수를 부어 완성한다.
o3aLEbn2n5Y,치즈가 내린다 샤라랄라~♪ 혼자 먹기 너~무 아까운 치즈등갈비,1,등갈비는 약 1시간 30분 정도 흐르는 물에 핏물을 제거하여 준비한다.
o3aLEbn2n5Y,치즈가 내린다 샤라랄라~♪ 혼자 먹기 너~무 아까운 치즈등갈비,2,* 핏물 제거 시 등갈비를 위아래 섞어서 핏물이 고이지 않도록 중간에 2~3번 물을 갈아준다.
o3aLEbn2n5Y,치즈가 내린다 샤라랄라~♪ 혼자 먹기 너~무 아까운 치즈등갈비,3,* 시간이 부족해 핏물 제거를 하지 못한다면 물에 헹궈내 뼛가루를 제거한다.
o3aLEbn2n5Y,치즈가 내린다 샤라랄라~♪ 혼자 먹기 너~무 아까운 치즈등갈비,4,깊은 프라이팬이나 냄비에 초벌용 물을 넣고 끓인다.
o3aLEbn2n5Y,치즈가 내린다 샤라랄라~♪ 혼자 먹기 너~무 아까운 치즈등갈비,5,"* 등갈비를 삶을 때 대파, 양파, 월계수잎을 넣어주면 잡내를 잡을 때 좋다."
o3aLEbn2n5Y,치즈가 내린다 샤라랄라~♪ 혼자 먹기 너~무 아까운 치즈등갈비,6,물이 끓어오르면 등갈비를 넣고 약 7~10분 정도 삶는다.
o3aLEbn2n5Y,치즈가 내린다 샤라랄라~♪ 혼자 먹기 너~무 아까운 치즈등갈비,7,삶은 등갈비는 채반에 밭쳐 건져낸 후 흐르는 물에 헹궈 굳은 피와 이물질을 제거하여 준비한다.
o3aLEbn2n5Y,치즈가 내린다 샤라랄라~♪ 혼자 먹기 너~무 아까운 치즈등갈비,8,"고명용 대파는 두께 0.3cm로 송송 썰고, 양념에 들어가는 대파는 두께 0.5cm로 송송 썰어 준비한다."
o3aLEbn2n5Y,치즈가 내린다 샤라랄라~♪ 혼자 먹기 너~무 아까운 치즈등갈비,9,양파는 두께 0.5cm로 채 썰어 준비한다.
o3aLEbn2n5Y,치즈가 내린다 샤라랄라~♪ 혼자 먹기 너~무 아까운 치즈등갈비,10,"깨끗한 냄비에 삶은 등갈비, 조림용 물, 황설탕, 물엿, 맛술을 넣고 강불에 끓인 후 끓어오르면 약 5분 정도 더 끓인다."
o3aLEbn2n5Y,치즈가 내린다 샤라랄라~♪ 혼자 먹기 너~무 아까운 치즈등갈비,11,"양파, 대파 양념용, 고운 고춧가루, 간 마늘, 진간장을 넣고 약 30분 끓인다."
o3aLEbn2n5Y,치즈가 내린다 샤라랄라~♪ 혼자 먹기 너~무 아까운 치즈등갈비,12,* 고운 고춧가루는 매운 고춧가루를 사용해도 좋다.
o3aLEbn2n5Y,치즈가 내린다 샤라랄라~♪ 혼자 먹기 너~무 아까운 치즈등갈비,13,떡을 넣고 약 5분간 끓여 떡이 말랑말랑해지면 불을 끈다.
o3aLEbn2n5Y,치즈가 내린다 샤라랄라~♪ 혼자 먹기 너~무 아까운 치즈등갈비,14,"완성 냄비에 등갈비와 양념장을 모두 옮겨 담은 후 모차렐라 치즈와 고명용 대파, 후춧가루를 골고루 뿌린다."
o3aLEbn2n5Y,치즈가 내린다 샤라랄라~♪ 혼자 먹기 너~무 아까운 치즈등갈비,15,뚜껑을 덮고 약불에 올려 치즈가 완전히 녹을 때 까지 약 3분 정도 끓여 완성한다.
o3aLEbn2n5Y,치즈가 내린다 샤라랄라~♪ 혼자 먹기 너~무 아까운 치즈등갈비,16,* 밑바닥이 탈 수 있으니 화력에 따라 시간을 조절한다.
oFiRqNH2BaI,홍합 먹기 좋은 계절이죠? 전기밥솥으로 만들어본 홍합밥,1,*홍합밥
oFiRqNH2BaI,홍합 먹기 좋은 계절이죠? 전기밥솥으로 만들어본 홍합밥,2,쌀은 깊은 볼에 담아 첫 물은 바로 따라 버리고 2번 정도 세척하여 약 30분 정도 불린다.
oFiRqNH2BaI,홍합 먹기 좋은 계절이죠? 전기밥솥으로 만들어본 홍합밥,3,*오래된 쌀을 씻을 때 첫 물을 바로 따라 버리지 않으면 밥에 냄새가 날 수 있으니 주의한다.
oFiRqNH2BaI,홍합 먹기 좋은 계절이죠? 전기밥솥으로 만들어본 홍합밥,4,*쌀뜨물을 버리지 않고 냉장 보관하여 국물요리에 사용하면 좋다.
oFiRqNH2BaI,홍합 먹기 좋은 계절이죠? 전기밥솥으로 만들어본 홍합밥,5,홍합살은 체에 밭쳐 흐르는 물에 세척한 후 물기를 제거하여 준비한다.
oFiRqNH2BaI,홍합 먹기 좋은 계절이죠? 전기밥솥으로 만들어본 홍합밥,6,*홍합 껍질이 있을 수 있으니 잘 제거한 후 사용한다.
oFiRqNH2BaI,홍합 먹기 좋은 계절이죠? 전기밥솥으로 만들어본 홍합밥,7,표고버섯은 꼭지를 제거한 후 사방 0.5cm 정도로 잘게 썰어 준비한다.
oFiRqNH2BaI,홍합 먹기 좋은 계절이죠? 전기밥솥으로 만들어본 홍합밥,8,"당근, 고구마는 사방 0.5cm 정도로 사각 썰기하고, 연근은 반을 자른 후 부채꼴 모양으로 6~8등분 하여 준비한다."
oFiRqNH2BaI,홍합 먹기 좋은 계절이죠? 전기밥솥으로 만들어본 홍합밥,9,불린 쌀은 체에 밭쳐 물기를 제거한 후 전기밥솥에 넣고 정수물을 붓는다.
oFiRqNH2BaI,홍합 먹기 좋은 계절이죠? 전기밥솥으로 만들어본 홍합밥,10,"쌀 위에 홍합살을 펼쳐 올리고 연근, 표고버섯, 당근, 고구마를 펼쳐 올린 후 밥솥에 넣고 백미 취사한다."
oFiRqNH2BaI,홍합 먹기 좋은 계절이죠? 전기밥솥으로 만들어본 홍합밥,11,*냄비째 내줘야 할 경우 채소를 먼저 올리고 홍합살을 마지막에 올리면 더욱 보기에 좋다.
oFiRqNH2BaI,홍합 먹기 좋은 계절이죠? 전기밥솥으로 만들어본 홍합밥,12,취사가 완료된 홍합밥은 주걱을 이용하여 홍합살이 부서지지 않도록 골고루 섞어 완성한다.
oFiRqNH2BaI,홍합 먹기 좋은 계절이죠? 전기밥솥으로 만들어본 홍합밥,13,양념장을 곁들여 비벼 먹는다.
oFiRqNH2BaI,홍합 먹기 좋은 계절이죠? 전기밥솥으로 만들어본 홍합밥,14,*홍합밥에 버터를 넣고 양념장에 비벼 먹어도 좋다.
oFiRqNH2BaI,홍합 먹기 좋은 계절이죠? 전기밥솥으로 만들어본 홍합밥,15,*양념장
oFiRqNH2BaI,홍합 먹기 좋은 계절이죠? 전기밥솥으로 만들어본 홍합밥,16,부추는 길이 약 0.5cm로 잘게 썰어 준비한다.
oFiRqNH2BaI,홍합 먹기 좋은 계절이죠? 전기밥솥으로 만들어본 홍합밥,17,"청양고추, 대파는 길게 반 갈라 약 0.3cm 두께로 송송 썰어 준비한다."
oFiRqNH2BaI,홍합 먹기 좋은 계절이죠? 전기밥솥으로 만들어본 홍합밥,18,"깊은 그릇에 부추, 청양고추, 대파를 넣고 진간장을 넣는다."
oFiRqNH2BaI,홍합 먹기 좋은 계절이죠? 전기밥솥으로 만들어본 홍합밥,19,*간장의 양은 채소가 자박자박 잠길 정도까지만 넣는다.
oFiRqNH2BaI,홍합 먹기 좋은 계절이죠? 전기밥솥으로 만들어본 홍합밥,20,"굵은 고춧가루, 간 마늘, 황설탕을 넣고 섞는다."
oFiRqNH2BaI,홍합 먹기 좋은 계절이죠? 전기밥솥으로 만들어본 홍합밥,21,"참기름, 통깨를 넣고 섞어 완성한다."
oUvPWwmvoPM,매콤한 순대볶음! (+안 터지게 볶는 요령 알려드릴게요!),1,대파는 길게 반 갈라 길이 6cm로 썰어 준비한다.
oUvPWwmvoPM,매콤한 순대볶음! (+안 터지게 볶는 요령 알려드릴게요!),2,양배추는 결 반대 두께 0.5cm 두께로 잘라 준비한다.
oUvPWwmvoPM,매콤한 순대볶음! (+안 터지게 볶는 요령 알려드릴게요!),3,"양파는 0.5cm 두께로 채 썰고, 깻잎은 반으로 가른 후 두께 1cm로 잘라 준비한다."
oUvPWwmvoPM,매콤한 순대볶음! (+안 터지게 볶는 요령 알려드릴게요!),4,청양고추는 두께 0.3cm로 송송 썰어 준비한다.
oUvPWwmvoPM,매콤한 순대볶음! (+안 터지게 볶는 요령 알려드릴게요!),5,*두껍게 썰은 청양고추와 섞어서 사용해도 좋다.
oUvPWwmvoPM,매콤한 순대볶음! (+안 터지게 볶는 요령 알려드릴게요!),6,순대는 두께 1.5cm로 썰어 준비한다.
oUvPWwmvoPM,매콤한 순대볶음! (+안 터지게 볶는 요령 알려드릴게요!),7,*너무 가늘게 썰 경우 터질 수 있으니 주의한다.
oUvPWwmvoPM,매콤한 순대볶음! (+안 터지게 볶는 요령 알려드릴게요!),8,"굵은 고춧가루, 진간장, 황설탕, 간 마늘, 고추장, 후춧가루, 물을 넣고 섞어 양념장을 만든다."
oUvPWwmvoPM,매콤한 순대볶음! (+안 터지게 볶는 요령 알려드릴게요!),9,"*기호에 맞게 소고기 다시다, MSG를 추가한다."
oUvPWwmvoPM,매콤한 순대볶음! (+안 터지게 볶는 요령 알려드릴게요!),10,프라이팬에 식용유를 두른 후 강불에 올린다.
oUvPWwmvoPM,매콤한 순대볶음! (+안 터지게 볶는 요령 알려드릴게요!),12,채소가 반 정도 익으면 양념장을 넣고 고추기름이 나오도록 볶는다.
oUvPWwmvoPM,매콤한 순대볶음! (+안 터지게 볶는 요령 알려드릴게요!),13,*양념장이 탈 것 같을 때에는 불을 약하게 줄인 후 볶는다.
oUvPWwmvoPM,매콤한 순대볶음! (+안 터지게 볶는 요령 알려드릴게요!),14,"물, 들깻가루를 넣고 섞은 후 졸여가며 볶는다."
oUvPWwmvoPM,매콤한 순대볶음! (+안 터지게 볶는 요령 알려드릴게요!),16,*기호에 맞게 슬라이스 치즈를 올려도 좋다.
ohihzV6Z85k,이탈리아 정통 말고 한국 스타일! K-알리오올리오,1,* 면 삶기
ohihzV6Z85k,이탈리아 정통 말고 한국 스타일! K-알리오올리오,2,"냄비에 정수물, 꽃소금을 넣고 강 불에 올려 끓인다."
ohihzV6Z85k,이탈리아 정통 말고 한국 스타일! K-알리오올리오,3,물이 끓어 오르면 스파게티면을 펼쳐 넣고 젓가락을 이용하여 면을 냄비 안으로 넣어 약 7~8분정도 삶는다.
ohihzV6Z85k,이탈리아 정통 말고 한국 스타일! K-알리오올리오,5,스파게티면은 기호에 맞는 익힘 정도로 삶는다.
ohihzV6Z85k,이탈리아 정통 말고 한국 스타일! K-알리오올리오,6,삶아 진 스파게티면은 체에 밭쳐 건져내어 준비한다.
ohihzV6Z85k,이탈리아 정통 말고 한국 스타일! K-알리오올리오,7,* 알리오올리오
ohihzV6Z85k,이탈리아 정통 말고 한국 스타일! K-알리오올리오,8,"통마늘은 0.2cm 두께로 편 썰고, 쪽파는 0.3cm 두께로 송송 썰어 준비한다."
ohihzV6Z85k,이탈리아 정통 말고 한국 스타일! K-알리오올리오,9,프라이팬에 올리브유를 두르고 편 마늘을 넣은 후 중 약불에 올려 볶는다.
ohihzV6Z85k,이탈리아 정통 말고 한국 스타일! K-알리오올리오,10,기름이 지글지글 거리기 시작하면 페퍼론치노를 1/2정도 크기로 부숴 넣는다.
ohihzV6Z85k,이탈리아 정통 말고 한국 스타일! K-알리오올리오,12,간 마늘이 노릇하게 색이나면 건져 둔 면을 체에 밭친 상태로 면수에 가볍게 헹군 후 물기를 가볍게 털어내고 팬에 넣는다.
ohihzV6Z85k,이탈리아 정통 말고 한국 스타일! K-알리오올리오,13,젓가락을 이용하여 볶아 둔 마늘과 면을 가볍게 볶은 후 면수를 넣고 강 불로 키워 볶는다.
ohihzV6Z85k,이탈리아 정통 말고 한국 스타일! K-알리오올리오,14,기호에 따라 소고기다시다 또는 치킨파우더를 넣는다.
ohihzV6Z85k,이탈리아 정통 말고 한국 스타일! K-알리오올리오,15,면수와 올리브오일이 골고루 섞이고 면에 간이 배이면 불을 끈다.
ohihzV6Z85k,이탈리아 정통 말고 한국 스타일! K-알리오올리오,16,접시에 스파게티를 옮겨 담은 후 쪽파를 올린다.
ohihzV6Z85k,이탈리아 정통 말고 한국 스타일! K-알리오올리오,17,파마산치즈가루를 뿌려 완성한다.
ohihzV6Z85k,이탈리아 정통 말고 한국 스타일! K-알리오올리오,18,그라나파다노치즈를 올려 먹으면 더욱 좋다.
ojDFWk3lqCg,이게 바로 찐 중국식볶음밥 (준비물: 중화화구),1,예전에 불맛 가득 나는 볶음밥 레시피들을 알려드렸었죠
ojDFWk3lqCg,이게 바로 찐 중국식볶음밥 (준비물: 중화화구),2,오늘은 많이들 궁금해하셨던 진짜!
ojDFWk3lqCg,이게 바로 찐 중국식볶음밥 (준비물: 중화화구),3,중화화구 웍을 사용해서 만들어봤습니다
ojDFWk3lqCg,이게 바로 찐 중국식볶음밥 (준비물: 중화화구),4,센불로 순식간에 만들어지는 중국식볶음밥!
p3IQTouKyH0,글로벌 한식! '소불고기'. 한국의 불고기가 이렇게 맛있습니다. ㅣ 백종원의 백종원 레시피,1,"대파, 홍고추는 어슷썰기하고 표고버섯은 가늘게 편 썬다."
p3IQTouKyH0,글로벌 한식! '소불고기'. 한국의 불고기가 이렇게 맛있습니다. ㅣ 백종원의 백종원 레시피,2,양파는 굵게 채 썰고 일부는 작게 자른 후 믹서기에 갈아 준비한다.
p3IQTouKyH0,글로벌 한식! '소불고기'. 한국의 불고기가 이렇게 맛있습니다. ㅣ 백종원의 백종원 레시피,3,"믹싱 볼에 쇠고기, 설탕, 물엿을 넣고 섞은 후 10분 정도 재운다."
p3IQTouKyH0,글로벌 한식! '소불고기'. 한국의 불고기가 이렇게 맛있습니다. ㅣ 백종원의 백종원 레시피,4,"재워진 고기에 진간장, 간 양파, 다진 마늘, 후춧가루, 참기름을 넣고 골고루 섞는다."
p3IQTouKyH0,글로벌 한식! '소불고기'. 한국의 불고기가 이렇게 맛있습니다. ㅣ 백종원의 백종원 레시피,5,"양념한 고기에 양파, 표고버섯, 홍고추, 대파를 넣고 섞는다."
p3IQTouKyH0,글로벌 한식! '소불고기'. 한국의 불고기가 이렇게 맛있습니다. ㅣ 백종원의 백종원 레시피,6,예열된 팬에 불고기를 넣고 볶은 후 통깨를 뿌려 마무리한다.
p6r5xcrG6u0,우리 애들한테 해주면 아빠 덕후되는 간식 I 허니버터고구마,1,"전자레인지용 그릇에 버터, 물엿을 넣고 1000W전자레인지 기준 약10초간 돌린다."
p6r5xcrG6u0,우리 애들한테 해주면 아빠 덕후되는 간식 I 허니버터고구마,2,*버터의 상태와 전자레인지 세기에 따라 돌리는 시간을 조절한다.
p6r5xcrG6u0,우리 애들한테 해주면 아빠 덕후되는 간식 I 허니버터고구마,3,"*물엿이나 꿀이 없다면 설탕1큰술,물1/2큰술을 섞은 후 전자레인지에 약 10초 돌려 시럽으로 만들어 사용한다."
p6r5xcrG6u0,우리 애들한테 해주면 아빠 덕후되는 간식 I 허니버터고구마,4,부드러워진 버터는 숟가락을 이용해 물엿과 잘 섞는다.
p6r5xcrG6u0,우리 애들한테 해주면 아빠 덕후되는 간식 I 허니버터고구마,5,*허니버터가 너무 묽으면 시원한 곳에서 굳힌다.
p6r5xcrG6u0,우리 애들한테 해주면 아빠 덕후되는 간식 I 허니버터고구마,6,삶은 고구마를 2/3 깊이까지 가른다.
p6r5xcrG6u0,우리 애들한테 해주면 아빠 덕후되는 간식 I 허니버터고구마,7,*고구마가 차가울 경우 전자레인지에 돌려 따뜻하게 사용한다.
p6r5xcrG6u0,우리 애들한테 해주면 아빠 덕후되는 간식 I 허니버터고구마,8,"*삶은고구마 대신 군고구마, 찐고구마를 사용해도 좋다."
p6r5xcrG6u0,우리 애들한테 해주면 아빠 덕후되는 간식 I 허니버터고구마,9,고구마 속을 숟가락으로 푼 후 살짝 으깨어 가운데 갈라진 곳을 채워 넣고 버터 올릴 공간을 만든다.
p6r5xcrG6u0,우리 애들한테 해주면 아빠 덕후되는 간식 I 허니버터고구마,10,고구마 중앙에 허니버터를 올린 후 시나몬파우더를 뿌려 완성한다.
p6r5xcrG6u0,우리 애들한테 해주면 아빠 덕후되는 간식 I 허니버터고구마,11,*시나몬파우더를 허니버터 만들 때 섞어서 사용해도 좋다.
p6r5xcrG6u0,우리 애들한테 해주면 아빠 덕후되는 간식 I 허니버터고구마,12,*시나몬파우더가 없다면 계피가루를 사용해도 좋다.
p7HGmwiuuvE,○○만 넣으면 밖에서 사 먹는 김치찌개 맛 납니다! 궁금하쥬?,1,통조림 햄 절반은 비닐봉지에 넣어 손바닥으로 으깨어 준비하고 절반은 두께 0.5cm로 편 썰어 준비한다.
p7HGmwiuuvE,○○만 넣으면 밖에서 사 먹는 김치찌개 맛 납니다! 궁금하쥬?,2,"양파는 두께 0.3cm로 채 썰고, 대파는 두께 0.5cm로 송송 썰어 준비한다."
p7HGmwiuuvE,○○만 넣으면 밖에서 사 먹는 김치찌개 맛 납니다! 궁금하쥬?,3,두부는 두께 1cm 정도로 편 썰어 준비한다.
p7HGmwiuuvE,○○만 넣으면 밖에서 사 먹는 김치찌개 맛 납니다! 궁금하쥬?,4,코팅된 냄비에 으깬 햄을 넣고 약불에 올린 후 기름이 나오고 노릇해질 때까지 볶는다.
p7HGmwiuuvE,○○만 넣으면 밖에서 사 먹는 김치찌개 맛 납니다! 궁금하쥬?,6,"물, 양파, 편 썰어 둔 햄, 간 마늘, 국간장, 굵은 고춧가루, 고운 고춧가루, 새우젓을 넣고 강불에 끓인다."
p7HGmwiuuvE,○○만 넣으면 밖에서 사 먹는 김치찌개 맛 납니다! 궁금하쥬?,7,"* 고춧가루가 한 가지만 있을 경우 굵은 고춧가루는 2큰술, 고운 고춧가루는 1과1/2큰술을 사용한다."
p7HGmwiuuvE,○○만 넣으면 밖에서 사 먹는 김치찌개 맛 납니다! 궁금하쥬?,9,"* 새우젓이 없다면 까나리 또는 멸치, 참치 액젓으로 대체하여 사용해도 좋다."
p7HGmwiuuvE,○○만 넣으면 밖에서 사 먹는 김치찌개 맛 납니다! 궁금하쥬?,10,찌개가 바글바글 끓으면 중불로 줄여 약 3분 정도 끓인다.
p7HGmwiuuvE,○○만 넣으면 밖에서 사 먹는 김치찌개 맛 납니다! 궁금하쥬?,11,"세팅 냄비로 옮겨 담은 후 두부를 가지런히 펼쳐 올리고 대파, 굵은 고춧가루를 뿌려 끓여가며 먹는다."
p7HGmwiuuvE,○○만 넣으면 밖에서 사 먹는 김치찌개 맛 납니다! 궁금하쥬?,12,* 세팅 냄비가 없다면 김치찌개를 끓인 냄비에서 마무리해도 좋다.
p7HGmwiuuvE,○○만 넣으면 밖에서 사 먹는 김치찌개 맛 납니다! 궁금하쥬?,13,* 맛을 확인한 후 신맛이 부족할 경우 식초를 기호에 맞게 넣고 끓인다.
p7HGmwiuuvE,○○만 넣으면 밖에서 사 먹는 김치찌개 맛 납니다! 궁금하쥬?,14,* 김치에서 쿰쿰한 맛이 나면 설탕을 약간 넣는다.
pTvMsM2v1tg,토마토 달걀 볶음! 드셔보셨나요?,1,토마토를 세척하여 꼭지를 제거하고 편으로 썰어준다.
pTvMsM2v1tg,토마토 달걀 볶음! 드셔보셨나요?,2,"대파는 송송 썰어 준비하고, 달걀은 잘 풀어 소금을 뿌려 준비한다."
pTvMsM2v1tg,토마토 달걀 볶음! 드셔보셨나요?,3,팬에 식용유를 두르고 스크램블 에그를 만들어 둔다.
pTvMsM2v1tg,토마토 달걀 볶음! 드셔보셨나요?,4,팬에 식용유를 두르고 대파를 넣어 파기름을 낸다.
pTvMsM2v1tg,토마토 달걀 볶음! 드셔보셨나요?,6,"프라이팬 바닥에 진간장, 굴 소스를 넣고 누르듯이 볶아준다."
pTvMsM2v1tg,토마토 달걀 볶음! 드셔보셨나요?,7,"기호에 맞춰 꽃소금으로 간을 맞추고, 후춧가루를 뿌려준다."
pTvMsM2v1tg,토마토 달걀 볶음! 드셔보셨나요?,9,마지막에 참기름을 넣어 섞어준다.
pTvMsM2v1tg,토마토 달걀 볶음! 드셔보셨나요?,10,완성 그릇에 담아 마무리한다.
py6778lywEg,더도 말고 덜도 말고 딱 6분 컷! 왕가래떡 떡볶이,1,"프라이팬에 황설탕, 고운고추가루, 물엿, 고추장, 정수물을 넣고 양념장을 풀어가며 강불에서 끓인다."
py6778lywEg,더도 말고 덜도 말고 딱 6분 컷! 왕가래떡 떡볶이,2,국물이 끓어 오르면 국물이 넘치지 않을 정도의 중 불로 줄인 후 가래떡을 넣고 약 6분 끓인다.
py6778lywEg,더도 말고 덜도 말고 딱 6분 컷! 왕가래떡 떡볶이,4,떡이 부드러워지고 양념장이 걸쭉하게 졸아들면 불을 꺼 완성한다.
py6778lywEg,더도 말고 덜도 말고 딱 6분 컷! 왕가래떡 떡볶이,5,* 소스의 농도가 아직 묽을 경우 약불로 줄여 끓여가며 먹어도 좋다.
qI1LRerUWXQ,수박+오이 = 무슨 조합?,1,수박은 사방 2cm 정도 주사위 모양으로 썬다.
qI1LRerUWXQ,수박+오이 = 무슨 조합?,2,오이는 반 갈라 얇게 편 썬다.
qI1LRerUWXQ,수박+오이 = 무슨 조합?,3,"넓은 볼에 정수 물, 황설탕, 진간장, 환만식초, 꽃소금을 넣고 섞어 냉국 육수를 만든다."
qI1LRerUWXQ,수박+오이 = 무슨 조합?,4,썰어놓은 수박과 오이를 육수에 넣고 섞는다.
qI1LRerUWXQ,수박+오이 = 무슨 조합?,5,얼음을 띄워 섞은 후 완성한다.
qO5p0_6K-bo,라면에 요거 하나면 요리가 됩니다!,1,라면만 끓이기는 살짝 아쉽지 않아요?
qO5p0_6K-bo,라면에 요거 하나면 요리가 됩니다!,2,라면에 재료 좀만 추가하면 더 맛있어지는데~
qO5p0_6K-bo,라면에 요거 하나면 요리가 됩니다!,3,그런 김에 제가 아쉬워서 모아본 라면 모음집이에요!
qSqX_D_HfYY,전자레인지에 넣고 돌리기만 하면 끝!,1,대파는 길게 반 갈라 0.3cm로 송송 썰어 준비한다.
qSqX_D_HfYY,전자레인지에 넣고 돌리기만 하면 끝!,2,* 대파는 생략 가능하다.
qSqX_D_HfYY,전자레인지에 넣고 돌리기만 하면 끝!,3,"전자레인지용기에 밥, 대파, 버터, 장조림, 달걀1개를 넣고 달걀이 풀어질 정도까지 섞는다."
qSqX_D_HfYY,전자레인지에 넣고 돌리기만 하면 끝!,4,"* 장조림에 들어있는 꽈리고추는 가위로 잘게 썰어 넣거나, 기호에 맞게 전자레인지에 돌리지 않고 반찬으로 먹어도 좋다."
qSqX_D_HfYY,전자레인지에 넣고 돌리기만 하면 끝!,5,용기의 뚜껑을 덮지 않은 상태로 1000w기준 전자레인지에 넣고 2분30초 돌린다.
qSqX_D_HfYY,전자레인지에 넣고 돌리기만 하면 끝!,6,* 달걀을 넣지 않았을 경우 2분만 돌린다.
qSqX_D_HfYY,전자레인지에 넣고 돌리기만 하면 끝!,7,* 전자레인지 전력에 따라 조리시간을 조절한다.
qSqX_D_HfYY,전자레인지에 넣고 돌리기만 하면 끝!,8,프라이팬에 식용유를 두르고 강 불에 예열한다.
qSqX_D_HfYY,전자레인지에 넣고 돌리기만 하면 끝!,9,달걀 1개를 깨트려 넣고 프라이팬을 기울여 튀기듯이 달걀프라이를 한다.
qSqX_D_HfYY,전자레인지에 넣고 돌리기만 하면 끝!,10,장조림버터밥이 완성되면 모든 재료가 잘 섞이도록 골고루 섞는다.
qSqX_D_HfYY,전자레인지에 넣고 돌리기만 하면 끝!,11,"모양 잡을 그릇에 버터밥을 옮겨 담고, 완성 그릇에 엎어 모양을 잡아 담는다."
qSqX_D_HfYY,전자레인지에 넣고 돌리기만 하면 끝!,12,* 이때 모양 잡을 그릇에 메추리알을 먼저 담고 밥을 담으면 완성 했을 때 메추리알이 잘 보이게 담을 수 있다.
qSqX_D_HfYY,전자레인지에 넣고 돌리기만 하면 끝!,13,장조림버터밥 위에 만들어 둔 달걀프라이를 올리고 통깨를 뿌려 완성한다.
qVtqpAfJNb4,어묵듬뿍라면! 해물맛 라면 더 맛있게 즐기는 법 (Feat. 마라소스),1,"냄비에 물, 다시마, 건더기스프, 콩나물을 넣고 강 불에 끓인다."
qVtqpAfJNb4,어묵듬뿍라면! 해물맛 라면 더 맛있게 즐기는 법 (Feat. 마라소스),2,사각어묵은 반으로 잘라 두께 약 0.5cm 정도로 채 썰어 준비한다.
qVtqpAfJNb4,어묵듬뿍라면! 해물맛 라면 더 맛있게 즐기는 법 (Feat. 마라소스),3,"청양고추, 대파는 두께 0.3cm로 송송 썰어 준비한다."
qVtqpAfJNb4,어묵듬뿍라면! 해물맛 라면 더 맛있게 즐기는 법 (Feat. 마라소스),4,"육수가 끓어 오르면 준비해둔 어묵과 라면사리, 국간장을 넣고 끓인다."
qVtqpAfJNb4,어묵듬뿍라면! 해물맛 라면 더 맛있게 즐기는 법 (Feat. 마라소스),5,면이 전체적으로 한 가닥씩 풀어지면 마라소스를 넣어 잘 섞어가며 약 1분정도 끓인다.
qVtqpAfJNb4,어묵듬뿍라면! 해물맛 라면 더 맛있게 즐기는 법 (Feat. 마라소스),6,*마라소스가 없다면 굵은고추가루를 넣고 끓여도 좋다.
qVtqpAfJNb4,어묵듬뿍라면! 해물맛 라면 더 맛있게 즐기는 법 (Feat. 마라소스),7,"청양고추, 대파를 넣고 섞어 완성한다."
qWI4b7BL2eA,'부'대찌개맛 '뿌'햄라면,1,오늘은 라면을 업그레이드 하는 간단한 방법을 알려드릴게요
qWI4b7BL2eA,'부'대찌개맛 '뿌'햄라면,2,저는 저희 회사에서 만든 '빽햄'을 이용했구요
qWI4b7BL2eA,'부'대찌개맛 '뿌'햄라면,3,캔햄은 잘 으깨 넣는게 포인트입니다!
qWbHSOplcvY,해외여행 가면 생각나는 한국 음식 TOP 1 김치찌개,1,돼지고기는 1.5cm 정도 두께로 먹기 좋게 자른다.
qWbHSOplcvY,해외여행 가면 생각나는 한국 음식 TOP 1 김치찌개,2,"냄비에 돼지고기, 정수물, 새우젓을 넣고 강 불로 끓인다."
qWbHSOplcvY,해외여행 가면 생각나는 한국 음식 TOP 1 김치찌개,3,찌개가 끓어오르면 중 약불로 줄인 후 고기가 무를 때 까지 최소 10분 정도 끓인다.
qWbHSOplcvY,해외여행 가면 생각나는 한국 음식 TOP 1 김치찌개,4,대파는 두께 0.5cm로 송송썬다.
qWbHSOplcvY,해외여행 가면 생각나는 한국 음식 TOP 1 김치찌개,5,청양고추는 두께 0.5cm로 어슷썬다.
qWbHSOplcvY,해외여행 가면 생각나는 한국 음식 TOP 1 김치찌개,6,"10분 후 물이 졸아들면 졸아든 만큼의 물을 보충한 후 신김치, 국간장, 굵은 고춧가루, 고운 고춧가루, 간 마늘을 넣는다."
qWbHSOplcvY,해외여행 가면 생각나는 한국 음식 TOP 1 김치찌개,7,"찌개가 팔팔 끓으면 대파, 청양고추를 넣는다."
qWbHSOplcvY,해외여행 가면 생각나는 한국 음식 TOP 1 김치찌개,8,완성 직전에 고춧가루를 뿌려 완성한다.
qioLJwafP8I,밥으로 전을 왜 하지? 했지만 간단하고 맛있는 참치밥전,1,대파와 청양고추는 길게 반 갈라 0.3cm로 송송 썰고 당근과 양파는 사방 약 0.5cm로 잘게 썰어 준비한다.
qioLJwafP8I,밥으로 전을 왜 하지? 했지만 간단하고 맛있는 참치밥전,2,"* 대파, 청양고추, 당근, 양파는 생략 가능하다."
qioLJwafP8I,밥으로 전을 왜 하지? 했지만 간단하고 맛있는 참치밥전,3,* 청양고추 대신 파프리카로 대체하여 맵지 않게 만들어도 좋다.
qioLJwafP8I,밥으로 전을 왜 하지? 했지만 간단하고 맛있는 참치밥전,4,"깊은 볼에 찬 밥, 대파, 청양고추, 당근, 양파, 기름을 빼지 않은 참치캔, 달걀, 꽃소금, 후추가루,"
qioLJwafP8I,밥으로 전을 왜 하지? 했지만 간단하고 맛있는 참치밥전,5,부침가루를 넣고 달걀이 풀어질 정도로 골고루 섞는다.
qioLJwafP8I,밥으로 전을 왜 하지? 했지만 간단하고 맛있는 참치밥전,6,* 참치캔 대신 닭가슴살 또는 통조림햄으로 응용해서 사용해도 된다.
qioLJwafP8I,밥으로 전을 왜 하지? 했지만 간단하고 맛있는 참치밥전,7,* 부침가루 대신 튀김가루 또는 일반 밀가루를 사용해도 무방하다.
qioLJwafP8I,밥으로 전을 왜 하지? 했지만 간단하고 맛있는 참치밥전,8,프라이팬을 강불에 올리고 식용유를 둘러 예열한다.
qioLJwafP8I,밥으로 전을 왜 하지? 했지만 간단하고 맛있는 참치밥전,9,만들어둔 참치 밥 전 반죽은 한 주먹 크기만큼 쥐고 엄지와 검지를 이용해서 동그랗게 짜낸 뒤 숟가락으로 떠내어 예열 된 프라이팬에 올린다.
qioLJwafP8I,밥으로 전을 왜 하지? 했지만 간단하고 맛있는 참치밥전,10,숟가락을 이용해 전을 납작하게 눌러 모양을 잡고 중불로 줄여 앞 뒤로 노릇노릇하게 익힌다.
qioLJwafP8I,밥으로 전을 왜 하지? 했지만 간단하고 맛있는 참치밥전,11,* 식용유가 부족하다 싶으면 중간에 추가하며 굽는다.
rLDquEv-ZJg,소여사가 좋아하는 황태미역국! 해장용으로 딱이에요,1,황태채는 물에 살짝 적신 후 물기를 짜내고 약 4~5cm 정도 길이로 잘라 준비한다.
rLDquEv-ZJg,소여사가 좋아하는 황태미역국! 해장용으로 딱이에요,2,"냄비에 참기름, 황태채를 넣고 겉면의 물기가 마를 때까지 중불에 볶는다."
rLDquEv-ZJg,소여사가 좋아하는 황태미역국! 해장용으로 딱이에요,4,* 건미역 약 1/2컵을 15분 정도 불려 물기를 짜낸 후 사용한다.
rLDquEv-ZJg,소여사가 좋아하는 황태미역국! 해장용으로 딱이에요,5,* 건 통미역을 불린 후 약 3~4cm 정도로 먹기 좋게 잘라 사용한다.
rLDquEv-ZJg,소여사가 좋아하는 황태미역국! 해장용으로 딱이에요,6,"정수 물, 간 마늘, 국간장, 멸치액젓, 꽃소금을 넣고 강불에 끓인다."
rLDquEv-ZJg,소여사가 좋아하는 황태미역국! 해장용으로 딱이에요,7,* 멸치액젓 대신 까나리액젓 또는 참치액젓으로 대체하여 사용해도 좋다.
rLDquEv-ZJg,소여사가 좋아하는 황태미역국! 해장용으로 딱이에요,8,국이 끓어오르면 중불로 줄인 후 약 20분 정도 끓여 완성한다.
rTAWqq4I3JA,숙취로 고생하는 분들 꼭 해보세요! 숙취박살 해장라면,1,볼에 황태채를 넣고 물에 적신다.
rTAWqq4I3JA,숙취로 고생하는 분들 꼭 해보세요! 숙취박살 해장라면,2,황태채가 부드러워지면 물기를 제거한 후 가위를 사용해서 먹기 좋은 크기로 자른다.
rTAWqq4I3JA,숙취로 고생하는 분들 꼭 해보세요! 숙취박살 해장라면,3,"냄비에 식용유, 참기름을 넣고 중 불에 올린 후 불린 황태채를 넣고 노릇하면서 탱글하게 볶는다."
rTAWqq4I3JA,숙취로 고생하는 분들 꼭 해보세요! 숙취박살 해장라면,4,황태채에 새우젓을 넣고 볶는다.
rTAWqq4I3JA,숙취로 고생하는 분들 꼭 해보세요! 숙취박살 해장라면,5,"새우젓이 눌어 붙기 전에 물, 건더기스프, 분말스프, 다시마를 넣고 끓인다."
rTAWqq4I3JA,숙취로 고생하는 분들 꼭 해보세요! 숙취박살 해장라면,6,"대파, 청양고추는 두께 0.3cm 정도로 송송 썬다."
rTAWqq4I3JA,숙취로 고생하는 분들 꼭 해보세요! 숙취박살 해장라면,7,홍고추는 두께 0.3cm 정도로 어슷 썬다.
rTAWqq4I3JA,숙취로 고생하는 분들 꼭 해보세요! 숙취박살 해장라면,8,"물이 끓어오르면 콩나물, 면 사리, 간 마늘을 넣는다."
rTAWqq4I3JA,숙취로 고생하는 분들 꼭 해보세요! 숙취박살 해장라면,9,볼에 달걀을 깨넣고 가볍게 풀어 준비한다.
rTAWqq4I3JA,숙취로 고생하는 분들 꼭 해보세요! 숙취박살 해장라면,10,"면이 전체적으로 풀어지면 풀어둔 달걀을 골고루 둘러 넣고 대파, 청양고추, 홍고추를 넣는다."
rTAWqq4I3JA,숙취로 고생하는 분들 꼭 해보세요! 숙취박살 해장라면,11,전체적으로 섞어준 후 라면을 그릇에 옮겨 담아 완성한다.
rgKIUQgzhbs,[ENG] 양파와 카레만 있으면 끝! 쉽고 맛있어요.,1,"양파, 양배추는 가늘게 채 썰어 준비한다."
rgKIUQgzhbs,[ENG] 양파와 카레만 있으면 끝! 쉽고 맛있어요.,2,팬에 버터를 넣고 중불에 양파를 넣어 캐러멜화한다.
rgKIUQgzhbs,[ENG] 양파와 카레만 있으면 끝! 쉽고 맛있어요.,3,양파의 색이 나면 한쪽으로 밀어준다.
rgKIUQgzhbs,[ENG] 양파와 카레만 있으면 끝! 쉽고 맛있어요.,4,기름을 두르고 달걀을 넣어 스크램블 한 후 양파와 섞어준다.
rgKIUQgzhbs,[ENG] 양파와 카레만 있으면 끝! 쉽고 맛있어요.,5,한쪽에 기름을 두르고 카레 가루를 넣어 볶은 후 양파와 뭉치지 않게 섞어준다.
rgKIUQgzhbs,[ENG] 양파와 카레만 있으면 끝! 쉽고 맛있어요.,6,빵은 전자레인지에 10초 정도 돌리거나 프라이팬에 구워 준비한다.
rgKIUQgzhbs,[ENG] 양파와 카레만 있으면 끝! 쉽고 맛있어요.,7,빵에 양파커리를 넣어 완성한다.
rgKIUQgzhbs,[ENG] 양파와 카레만 있으면 끝! 쉽고 맛있어요.,8,(기호에 맞게 양배추 채를 넣어 먹는다.)
rpMGKoF4vnU,장 보러 '서울중앙시장'에 다녀왔습니다! I Went to Seoul Central Market for Grocery Shopping!,1,오늘은 닭을 사러 서울중앙시장에 다녀왔습니다~!
rpMGKoF4vnU,장 보러 '서울중앙시장'에 다녀왔습니다! I Went to Seoul Central Market for Grocery Shopping!,2,시장에 가면 이것저것 구경하느라 시간 가는 줄 몰랐네요.
rpMGKoF4vnU,장 보러 '서울중앙시장'에 다녀왔습니다! I Went to Seoul Central Market for Grocery Shopping!,3,시장 재료들로 만든 요리도 보여드리겠습니다!
rqbhm9hpvp8,"치즈라면전, 맛이 없을 수 없는 조합~",1,대파는 두께 0.3cm로 송송 썰어 준비한다.
rqbhm9hpvp8,"치즈라면전, 맛이 없을 수 없는 조합~",2,"냄비에 물, 건더기스프를 넣고 강불에 올린다."
rqbhm9hpvp8,"치즈라면전, 맛이 없을 수 없는 조합~",3,물이 끓어 오르면 라면을 넣고 전체적으로 풀어 질 때까지 삶는다.
rqbhm9hpvp8,"치즈라면전, 맛이 없을 수 없는 조합~",4,면이 풀어지면 체에 밭쳐 건져낸다.
rqbhm9hpvp8,"치즈라면전, 맛이 없을 수 없는 조합~",5,"깊은 볼에 대파를 담고 그 위에 삶은 면, 분말스프 2/3봉지를 넣어 젓가락으로 골고루 섞는다."
rqbhm9hpvp8,"치즈라면전, 맛이 없을 수 없는 조합~",6,프라이팬에 식용유를 두르고 면에 겉도는 대파를 넣어 파기름을 낸다.
rqbhm9hpvp8,"치즈라면전, 맛이 없을 수 없는 조합~",7,대파가 지글지글거리기 시작하면 면을 넣고 얇게 펼친다.
rqbhm9hpvp8,"치즈라면전, 맛이 없을 수 없는 조합~",8,Tip: 면이 잘 펼쳐지지 않을 경우 가위로 잘라 펼친다.
rqbhm9hpvp8,"치즈라면전, 맛이 없을 수 없는 조합~",9,면이 골고루 펼쳐지면 약불로 줄인 후 모차렐라 치즈를 뿌리고 슬라이스 체다치즈를 찢어 올린다.
rqbhm9hpvp8,"치즈라면전, 맛이 없을 수 없는 조합~",10,뚜껑을 덮고 치즈가 녹을 정도까지 익힌다.
rqbhm9hpvp8,"치즈라면전, 맛이 없을 수 없는 조합~",11,"치즈가 다 녹고, 밑면이 노릇해지면 접시에 옮겨 담아 완성한다."
rqbhm9hpvp8,"치즈라면전, 맛이 없을 수 없는 조합~",12,Tip: 밑면에 색이 안 났을 경우에는 강불로 키워 익힌다.
rqbhm9hpvp8,"치즈라면전, 맛이 없을 수 없는 조합~",13,Tip: 기호에 따라 파마산 치즈가루를 뿌려 먹어도 좋다.
rrNfCVRFsvs,"'잡채 초간단 버전', 그리고 '잡채밥' 입니다. 어제꺼 보다 훨씬 쉬워요!  그리고 명절 즐겁게 보내세요 ^^ ㅣ 백종원의 쿠킹로그",1,대파는 송송 썰어 준비한다.
rrNfCVRFsvs,"'잡채 초간단 버전', 그리고 '잡채밥' 입니다. 어제꺼 보다 훨씬 쉬워요!  그리고 명절 즐겁게 보내세요 ^^ ㅣ 백종원의 쿠킹로그",2,프라이팬에 식용유 1큰술을 넣고 대파를 넣어 노릇하게 볶아준다.
rrNfCVRFsvs,"'잡채 초간단 버전', 그리고 '잡채밥' 입니다. 어제꺼 보다 훨씬 쉬워요!  그리고 명절 즐겁게 보내세요 ^^ ㅣ 백종원의 쿠킹로그",3,"대파가 노릇해지면 잡채,물을 넣고 잡채를 부드럽게 풀어가면서 볶아준다."
rrNfCVRFsvs,"'잡채 초간단 버전', 그리고 '잡채밥' 입니다. 어제꺼 보다 훨씬 쉬워요!  그리고 명절 즐겁게 보내세요 ^^ ㅣ 백종원의 쿠킹로그",4,잡채가 볶아지면 참기름을 넣는다.
rrNfCVRFsvs,"'잡채 초간단 버전', 그리고 '잡채밥' 입니다. 어제꺼 보다 훨씬 쉬워요!  그리고 명절 즐겁게 보내세요 ^^ ㅣ 백종원의 쿠킹로그",5,프라이팬에 식용유를 두르고 달걀에 소금을 뿌려 프라이 한다.
rrNfCVRFsvs,"'잡채 초간단 버전', 그리고 '잡채밥' 입니다. 어제꺼 보다 훨씬 쉬워요!  그리고 명절 즐겁게 보내세요 ^^ ㅣ 백종원의 쿠킹로그",6,"완성 그릇에 밥을 담고 볶은 잡채를 얹은 후 달걀 프라이, 통깨를 얹어 마무리한다."
sGVLNhPf8RM,별다른 도구 없이도 김밥김을 조미김으로 만들 수 있어요!,1,남은 김밥김을 조미김으로 만들어보세요~!
sRQxVQ5-NNA,"깍두기 담그는 법, 어렵지 않아요.",1,* 무절이기
sRQxVQ5-NNA,"깍두기 담그는 법, 어렵지 않아요.",2,무는 세척하여 사방 3cm 정도 정육면체로 잘라 준비한다.
sRQxVQ5-NNA,"깍두기 담그는 법, 어렵지 않아요.",3,"큰 볼에 자른 무를 넣고 절임용 꽃소금, 설탕을 넣어 1시간 정도 절인다."
sRQxVQ5-NNA,"깍두기 담그는 법, 어렵지 않아요.",4,(중간에 한 번씩 섞어준다.)
sRQxVQ5-NNA,"깍두기 담그는 법, 어렵지 않아요.",5,* 밀가루 풀 만들기
sRQxVQ5-NNA,"깍두기 담그는 법, 어렵지 않아요.",6,"냄비에 밀가루, 물을 넣어 끓인다."
sRQxVQ5-NNA,"깍두기 담그는 법, 어렵지 않아요.",7,* 깍두기 만들기
sRQxVQ5-NNA,"깍두기 담그는 법, 어렵지 않아요.",8,끓인 밀가루 풀에 굵은 고춧가루를 넣어 불려준다.
sRQxVQ5-NNA,"깍두기 담그는 법, 어렵지 않아요.",9,대파는 송송 썰어 준비한다.
sRQxVQ5-NNA,"깍두기 담그는 법, 어렵지 않아요.",10,"고운 고춧가루, 밀가루 풀을 제외한 양념장 재료를 볼에 담에 섞어준다."
sRQxVQ5-NNA,"깍두기 담그는 법, 어렵지 않아요.",11,고춧가루를 섞어 둔 밀가루 풀을 양념장과 섞어준다.
sRQxVQ5-NNA,"깍두기 담그는 법, 어렵지 않아요.",12,절인 무는 체에 밭쳐 헹군 후 물기를 제거한다.
sRQxVQ5-NNA,"깍두기 담그는 법, 어렵지 않아요.",13,양념장에 들어가는 모든 재료를 한데 섞은 후 무에 넣어 버무려준다.
sRQxVQ5-NNA,"깍두기 담그는 법, 어렵지 않아요.",14,고운 고춧가루를 넣어 버무려준다.
sRQxVQ5-NNA,"깍두기 담그는 법, 어렵지 않아요.",15,밀폐 통에 담아 보관한다.
sw2YbfPbHk0,CU 백종원 도시락을 더 맛있게 먹는 방법,1,팬에 식용유를 두르고 달궈준다.
sw2YbfPbHk0,CU 백종원 도시락을 더 맛있게 먹는 방법,2,"밥과 우동사리, 닭갈비를 넣고 재료들을 볶아준다."
sw2YbfPbHk0,CU 백종원 도시락을 더 맛있게 먹는 방법,3,밥을 넓게 펴서 모차렐라치즈를 넣고 뚜껑을 덮어 치즈를 녹여준다.
sw2YbfPbHk0,CU 백종원 도시락을 더 맛있게 먹는 방법,4,나머지 도시락 반찬을 따로 접시에 옮겨 담아준다.
sw2YbfPbHk0,CU 백종원 도시락을 더 맛있게 먹는 방법,5,"치즈가 녹으면 접시에 담고, 김가루를 올려 마무리한다."
sw2YbfPbHk0,CU 백종원 도시락을 더 맛있게 먹는 방법,6,돼지고기 덮밥 도시락 볶음밥
sw2YbfPbHk0,CU 백종원 도시락을 더 맛있게 먹는 방법,7,달걀과 소스를 제외한 나머지 도시락 재료들을 넣어준다.
sw2YbfPbHk0,CU 백종원 도시락을 더 맛있게 먹는 방법,8,볶음밥은 수분이 날아갈 때까지 볶아준다.
sw2YbfPbHk0,CU 백종원 도시락을 더 맛있게 먹는 방법,9,완성된 볶음밥을 접시에 담고 따로 빼놓은 달걀을 올려 마무리한다.
t4Es8mwdYlE,한국 길거리 음식 NO.1 떡볶이,1,대파는 어슷 썰거나 반으로 갈라 길게 썰어 준비한다.
t4Es8mwdYlE,한국 길거리 음식 NO.1 떡볶이,2,"양배추, 어묵은 먹기 좋은 크기로 썰어 준비한다."
t4Es8mwdYlE,한국 길거리 음식 NO.1 떡볶이,3,"냄비에 물, 진간장, 황설탕, 고추장, 굵은고춧가루, 고운고춧가루, 대파, 양배추를 넣어 끓인다."
t4Es8mwdYlE,한국 길거리 음식 NO.1 떡볶이,4,떡볶이떡은 흐르는 물에 가볍게 세척한다.
t4Es8mwdYlE,한국 길거리 음식 NO.1 떡볶이,6,기호에 맞게 MSG를 넣는다.
t4Es8mwdYlE,한국 길거리 음식 NO.1 떡볶이,7,떡을 넣고 육수가 끓어오르면 어묵을 넣어준다.
t4Es8mwdYlE,한국 길거리 음식 NO.1 떡볶이,8,양념장이 걸쭉하게 졸아들 때까지 끓여 완성한다.
t63aSsdvZKs,홍합으로 시원한 홍합탕을 만들어 드셔보세요~~~!! l 백종원의 백종원레시피,1,홍합은 족사를 제거하고 깨끗하게 세척한다.
t63aSsdvZKs,홍합으로 시원한 홍합탕을 만들어 드셔보세요~~~!! l 백종원의 백종원레시피,2,대파의 절반은 송송 썰고 나머지 절반은 반으로 갈라 길게 준비한다.
t63aSsdvZKs,홍합으로 시원한 홍합탕을 만들어 드셔보세요~~~!! l 백종원의 백종원레시피,3,청양고추는 반으로 가르고 풋고추와 홍고추는 어슷썰기 한다.
t63aSsdvZKs,홍합으로 시원한 홍합탕을 만들어 드셔보세요~~~!! l 백종원의 백종원레시피,4,양파는 1/4크기로 자른다.
t63aSsdvZKs,홍합으로 시원한 홍합탕을 만들어 드셔보세요~~~!! l 백종원의 백종원레시피,5,"냄비에 양파, 청양고추, 길게 썬 대파, 물을 넣고 육수를 끓인다."
t63aSsdvZKs,홍합으로 시원한 홍합탕을 만들어 드셔보세요~~~!! l 백종원의 백종원레시피,6,육수가 우러나면 채소를 건져낸다.
t63aSsdvZKs,홍합으로 시원한 홍합탕을 만들어 드셔보세요~~~!! l 백종원의 백종원레시피,7,육수에 홍합을 넣고 입을 열 때까지 끓여준다.
t63aSsdvZKs,홍합으로 시원한 홍합탕을 만들어 드셔보세요~~~!! l 백종원의 백종원레시피,8,"소금을 넣어 간을 맞추고 풋고추, 홍고추, 송송 썰어 둔 대파를 넣는다."
t63aSsdvZKs,홍합으로 시원한 홍합탕을 만들어 드셔보세요~~~!! l 백종원의 백종원레시피,9,기호에 맞게 식초를 넣고 마무리한다.
tCe6B6U8wHw,조리는 3분 컷! 재료비도 초저렴!,1,단무지는 반달 모양으로 잘라 준비한다.
tCe6B6U8wHw,조리는 3분 컷! 재료비도 초저렴!,2,*단무지는 원하는 모양으로 잘라 사용한다.
tCe6B6U8wHw,조리는 3분 컷! 재료비도 초저렴!,3,*김밥 단무지를 사용할 경우 길이 3cm 정도로 잘라 사용한다.
tCe6B6U8wHw,조리는 3분 컷! 재료비도 초저렴!,4,대파는 두께 0.3cm로 송송 썰어 준비한다.
tCe6B6U8wHw,조리는 3분 컷! 재료비도 초저렴!,5,*대파 대신 쪽파를 사용해도 좋다.
tCe6B6U8wHw,조리는 3분 컷! 재료비도 초저렴!,6,"깊은 볼에 단무지, 대파, 간 마늘, 굵은 고춧가루, 간 깨, 참기름을 넣고 조물조물 무친다."
tCe6B6U8wHw,조리는 3분 컷! 재료비도 초저렴!,7,*간 깨는 통깨를 절구에 빻거나 손바닥으로 으깨어 만든다.
tCe6B6U8wHw,조리는 3분 컷! 재료비도 초저렴!,8,완성된 단무지 무침은 밀폐통에 담아 냉장보관한다.
tD8ApzPsDx8,설 준비하셔야죠? 삼색 나물 첫 번째 시금치나물입니다 ㅣ 백종원의 백종원레시피,1,깨소금 1큰술은 절구에 넣고 갈아서 준비한다.
tD8ApzPsDx8,설 준비하셔야죠? 삼색 나물 첫 번째 시금치나물입니다 ㅣ 백종원의 백종원레시피,2,시금치는 뿌리를 잘라준다.
tD8ApzPsDx8,설 준비하셔야죠? 삼색 나물 첫 번째 시금치나물입니다 ㅣ 백종원의 백종원레시피,3,손질한 시금치는 깨끗하게 세척하여 둔다.
tD8ApzPsDx8,설 준비하셔야죠? 삼색 나물 첫 번째 시금치나물입니다 ㅣ 백종원의 백종원레시피,4,"냄비에 물 1L, 꽃소금을 넣어 끓인다."
tD8ApzPsDx8,설 준비하셔야죠? 삼색 나물 첫 번째 시금치나물입니다 ㅣ 백종원의 백종원레시피,5,물이 끓으면 뿌리 쪽부터 넣어 30초 정도 데친다.
tD8ApzPsDx8,설 준비하셔야죠? 삼색 나물 첫 번째 시금치나물입니다 ㅣ 백종원의 백종원레시피,6,데친 시금치는 찬물에 헹궈 물기를 제거한다.
tD8ApzPsDx8,설 준비하셔야죠? 삼색 나물 첫 번째 시금치나물입니다 ㅣ 백종원의 백종원레시피,7,시금치가 너무 클 경우에는 1/2 정도로 잘라둔다.
tD8ApzPsDx8,설 준비하셔야죠? 삼색 나물 첫 번째 시금치나물입니다 ㅣ 백종원의 백종원레시피,8,"큰 볼에 시금치, 간 마늘, 국간장, 참기름, 갈은 깨를 넣어 골고루 무쳐준다."
tD8ApzPsDx8,설 준비하셔야죠? 삼색 나물 첫 번째 시금치나물입니다 ㅣ 백종원의 백종원레시피,9,완성 그릇에 담아 깨소금을 뿌려 마무리한다.
tHkbJgBUaiI,달걀 후라이 만큼 정~말 쉬운 '전' 보여드릴게요. 육전/동태전/호박전/배추전/새우전/버섯전에 막걸리 각! ㅣ 백종원의 쿠킹로그,1,배추전
tHkbJgBUaiI,달걀 후라이 만큼 정~말 쉬운 '전' 보여드릴게요. 육전/동태전/호박전/배추전/새우전/버섯전에 막걸리 각! ㅣ 백종원의 쿠킹로그,2,배추는 밑동을 자르고 한 장씩 뜯어낸다.
tHkbJgBUaiI,달걀 후라이 만큼 정~말 쉬운 '전' 보여드릴게요. 육전/동태전/호박전/배추전/새우전/버섯전에 막걸리 각! ㅣ 백종원의 쿠킹로그,3,칼등으로 줄기 부분을 두들겨 펼쳐준 후 소금을 뿌려준다.
tHkbJgBUaiI,달걀 후라이 만큼 정~말 쉬운 '전' 보여드릴게요. 육전/동태전/호박전/배추전/새우전/버섯전에 막걸리 각! ㅣ 백종원의 쿠킹로그,4,배추에 밀가루를 묻힌 후 달걀물을 묻힌다.
tHkbJgBUaiI,달걀 후라이 만큼 정~말 쉬운 '전' 보여드릴게요. 육전/동태전/호박전/배추전/새우전/버섯전에 막걸리 각! ㅣ 백종원의 쿠킹로그,5,프라이팬에 식용유를 두르고 불을 켠 뒤 배추를 넣고 센불에서 노릇하게 익혀낸다.
tHkbJgBUaiI,달걀 후라이 만큼 정~말 쉬운 '전' 보여드릴게요. 육전/동태전/호박전/배추전/새우전/버섯전에 막걸리 각! ㅣ 백종원의 쿠킹로그,6,애호박전
tHkbJgBUaiI,달걀 후라이 만큼 정~말 쉬운 '전' 보여드릴게요. 육전/동태전/호박전/배추전/새우전/버섯전에 막걸리 각! ㅣ 백종원의 쿠킹로그,7,애호박은 0.5cm 두께로 잘라 접시에 펼쳐 준비한다.
tHkbJgBUaiI,달걀 후라이 만큼 정~말 쉬운 '전' 보여드릴게요. 육전/동태전/호박전/배추전/새우전/버섯전에 막걸리 각! ㅣ 백종원의 쿠킹로그,8,소금을 뿌려 간한다.
tHkbJgBUaiI,달걀 후라이 만큼 정~말 쉬운 '전' 보여드릴게요. 육전/동태전/호박전/배추전/새우전/버섯전에 막걸리 각! ㅣ 백종원의 쿠킹로그,9,"애호박은 밀가루, 달걀물 순서로 발라 준비한다."
tHkbJgBUaiI,달걀 후라이 만큼 정~말 쉬운 '전' 보여드릴게요. 육전/동태전/호박전/배추전/새우전/버섯전에 막걸리 각! ㅣ 백종원의 쿠킹로그,10,프라이팬에 식용유를 두르고 불을 켠 뒤 센불에서 노릇하게 익혀낸다.
tHkbJgBUaiI,달걀 후라이 만큼 정~말 쉬운 '전' 보여드릴게요. 육전/동태전/호박전/배추전/새우전/버섯전에 막걸리 각! ㅣ 백종원의 쿠킹로그,11,버섯전
tHkbJgBUaiI,달걀 후라이 만큼 정~말 쉬운 '전' 보여드릴게요. 육전/동태전/호박전/배추전/새우전/버섯전에 막걸리 각! ㅣ 백종원의 쿠킹로그,12,새송이버섯은 밑동을 정리한 후 0.5cm 두께로 잘라 준비한다.
tHkbJgBUaiI,달걀 후라이 만큼 정~말 쉬운 '전' 보여드릴게요. 육전/동태전/호박전/배추전/새우전/버섯전에 막걸리 각! ㅣ 백종원의 쿠킹로그,13,느타리버섯은 밑동을 자르고 가늘게 찢어 준비한다.
tHkbJgBUaiI,달걀 후라이 만큼 정~말 쉬운 '전' 보여드릴게요. 육전/동태전/호박전/배추전/새우전/버섯전에 막걸리 각! ㅣ 백종원의 쿠킹로그,14,팽이버섯은 밑동을 잘라 준비한다.
tHkbJgBUaiI,달걀 후라이 만큼 정~말 쉬운 '전' 보여드릴게요. 육전/동태전/호박전/배추전/새우전/버섯전에 막걸리 각! ㅣ 백종원의 쿠킹로그,15,각각의 재료를 접시에 담아 소금을 뿌려 간한다.
tHkbJgBUaiI,달걀 후라이 만큼 정~말 쉬운 '전' 보여드릴게요. 육전/동태전/호박전/배추전/새우전/버섯전에 막걸리 각! ㅣ 백종원의 쿠킹로그,16,"새송이버섯은 밀가루, 달걀물 순서로 발라 준비한다."
tHkbJgBUaiI,달걀 후라이 만큼 정~말 쉬운 '전' 보여드릴게요. 육전/동태전/호박전/배추전/새우전/버섯전에 막걸리 각! ㅣ 백종원의 쿠킹로그,17,"팽이버섯,느타리버섯은 밀가루를 뿌려 골고루 묻혀주고 달걀물에 넣어 섞어준다."
tHkbJgBUaiI,달걀 후라이 만큼 정~말 쉬운 '전' 보여드릴게요. 육전/동태전/호박전/배추전/새우전/버섯전에 막걸리 각! ㅣ 백종원의 쿠킹로그,18,프라이팬에 식용유를 두르고 불을 켠 뒤 새송이버섯을 넣고 센불에서 노릇하게 익혀낸다.
tHkbJgBUaiI,달걀 후라이 만큼 정~말 쉬운 '전' 보여드릴게요. 육전/동태전/호박전/배추전/새우전/버섯전에 막걸리 각! ㅣ 백종원의 쿠킹로그,19,프라이팬에 식용유를 두르고 불을 켠 뒤 느타리버섯과 팽이버섯을 한 입 크기로 덜어내어 센불에서 노릇하게 익혀낸다.
tHkbJgBUaiI,달걀 후라이 만큼 정~말 쉬운 '전' 보여드릴게요. 육전/동태전/호박전/배추전/새우전/버섯전에 막걸리 각! ㅣ 백종원의 쿠킹로그,20,동태전
tHkbJgBUaiI,달걀 후라이 만큼 정~말 쉬운 '전' 보여드릴게요. 육전/동태전/호박전/배추전/새우전/버섯전에 막걸리 각! ㅣ 백종원의 쿠킹로그,21,"동태는 키친타올을 사용하여 물기를 제거한 뒤 소금, 후추 뿌려 밑간한다."
tHkbJgBUaiI,달걀 후라이 만큼 정~말 쉬운 '전' 보여드릴게요. 육전/동태전/호박전/배추전/새우전/버섯전에 막걸리 각! ㅣ 백종원의 쿠킹로그,22,"동태는 밀가루, 달걀물 순서로 발라 준비한다."
tHkbJgBUaiI,달걀 후라이 만큼 정~말 쉬운 '전' 보여드릴게요. 육전/동태전/호박전/배추전/새우전/버섯전에 막걸리 각! ㅣ 백종원의 쿠킹로그,23,프라이팬에 식용유를 두르고 불을 켠 뒤 동태포를 한 장씩 센 불에서 노릇하게 익혀낸 뒤 포개서 접시에 담아 잔열로 완전히 익혀낸다.
tHkbJgBUaiI,달걀 후라이 만큼 정~말 쉬운 '전' 보여드릴게요. 육전/동태전/호박전/배추전/새우전/버섯전에 막걸리 각! ㅣ 백종원의 쿠킹로그,25,"넓은 접시에 소고기를 펼치고 소금, 후추 밑간한다."
tHkbJgBUaiI,달걀 후라이 만큼 정~말 쉬운 '전' 보여드릴게요. 육전/동태전/호박전/배추전/새우전/버섯전에 막걸리 각! ㅣ 백종원의 쿠킹로그,26,"소고기는 밀가루, 달걀물 순서로 발라 준비한다."
tHkbJgBUaiI,달걀 후라이 만큼 정~말 쉬운 '전' 보여드릴게요. 육전/동태전/호박전/배추전/새우전/버섯전에 막걸리 각! ㅣ 백종원의 쿠킹로그,27,프라이팬에 식용유를 두르고 한 장씩 올려 중불에서 노릇하게 익혀낸다.
tHkbJgBUaiI,달걀 후라이 만큼 정~말 쉬운 '전' 보여드릴게요. 육전/동태전/호박전/배추전/새우전/버섯전에 막걸리 각! ㅣ 백종원의 쿠킹로그,28,새우전
tHkbJgBUaiI,달걀 후라이 만큼 정~말 쉬운 '전' 보여드릴게요. 육전/동태전/호박전/배추전/새우전/버섯전에 막걸리 각! ㅣ 백종원의 쿠킹로그,29,"새우를 볼에 담아 소금, 후추 밑간한다."
tHkbJgBUaiI,달걀 후라이 만큼 정~말 쉬운 '전' 보여드릴게요. 육전/동태전/호박전/배추전/새우전/버섯전에 막걸리 각! ㅣ 백종원의 쿠킹로그,30,새우에 밀가루를 넣어 골고루 묻힌 후 달걀물을 부어 섞는다.
tHkbJgBUaiI,달걀 후라이 만큼 정~말 쉬운 '전' 보여드릴게요. 육전/동태전/호박전/배추전/새우전/버섯전에 막걸리 각! ㅣ 백종원의 쿠킹로그,31,프라이팬에 식용유를 두르고 불을 켠 뒤 새우를 한 개씩 센불에서 노릇하게 익혀낸다.
tHkbJgBUaiI,달걀 후라이 만큼 정~말 쉬운 '전' 보여드릴게요. 육전/동태전/호박전/배추전/새우전/버섯전에 막걸리 각! ㅣ 백종원의 쿠킹로그,32,양념간장
tHkbJgBUaiI,달걀 후라이 만큼 정~말 쉬운 '전' 보여드릴게요. 육전/동태전/호박전/배추전/새우전/버섯전에 막걸리 각! ㅣ 백종원의 쿠킹로그,33,대파는 반으로 갈라 송송 썬다.
tHkbJgBUaiI,달걀 후라이 만큼 정~말 쉬운 '전' 보여드릴게요. 육전/동태전/호박전/배추전/새우전/버섯전에 막걸리 각! ㅣ 백종원의 쿠킹로그,34,"진간장, 식초, 굵은고춧가루, 대파, 간마늘, 통깨를 볼에 넣고 섞어 양념간장을 완성한다."
tRf3oA4J1ok,캘리포니아 롤! 만들다가 시식 포기한 이유는...?,1,*밥 밑간하기
tRf3oA4J1ok,캘리포니아 롤! 만들다가 시식 포기한 이유는...?,2,"프라이팬에 황설탕, 식초, 꽃소금을 넣고 황설탕과 꽃소금이 녹을 때까지 약불에서 주걱으로 저어가며 끓인다."
tRf3oA4J1ok,캘리포니아 롤! 만들다가 시식 포기한 이유는...?,3,따뜻한 밥에 초대리를 조금씩 넣어가며 주걱으로 골고루 섞어 완성한다.
tRf3oA4J1ok,캘리포니아 롤! 만들다가 시식 포기한 이유는...?,4,*초대리가 겉돌지 않고 밥에 스며들 때까지 섞는다.
tRf3oA4J1ok,캘리포니아 롤! 만들다가 시식 포기한 이유는...?,5,*밥알이 눌리지 않도록 주걱으로 밥을 갈라주면서 섞는다.
tRf3oA4J1ok,캘리포니아 롤! 만들다가 시식 포기한 이유는...?,6,*참치버전
tRf3oA4J1ok,캘리포니아 롤! 만들다가 시식 포기한 이유는...?,7,"양파, 단무지는 두께 0.3cm로 잘게 다져 준비한다."
tRf3oA4J1ok,캘리포니아 롤! 만들다가 시식 포기한 이유는...?,8,참치는 체에 밭쳐 기름기를 제거하여 준비한다.
tRf3oA4J1ok,캘리포니아 롤! 만들다가 시식 포기한 이유는...?,9,"깊은 볼에 참치, 양파, 단무지, 마요네즈, 황설탕, 고운 고춧가루를 넣고 잘 섞어 속재료를 완성한다."
tRf3oA4J1ok,캘리포니아 롤! 만들다가 시식 포기한 이유는...?,10,김발을 랩으로 씌워 도마 위에 올린 후 김을 올리고 밑간한 밥을 전체적으로 얇게 펼친다.
tRf3oA4J1ok,캘리포니아 롤! 만들다가 시식 포기한 이유는...?,11,*밥을 김의 3/4 정도까지만 펼쳐도 좋다.
tRf3oA4J1ok,캘리포니아 롤! 만들다가 시식 포기한 이유는...?,12,*밥을 펼칠 때 식초물을 손에 묻혀가며 펼치면 좋다.
tRf3oA4J1ok,캘리포니아 롤! 만들다가 시식 포기한 이유는...?,13,밥을 올린 김을 그대로 뒤집은 후 앞 쪽에 깻잎을 깔고 그 위에 참치 속을 가로로 길게 올린다.
tRf3oA4J1ok,캘리포니아 롤! 만들다가 시식 포기한 이유는...?,14,*밥을 3/4 정도까지만 펼친 경우 뒤집은 후 밥이 없는 부분을 접는다.
tRf3oA4J1ok,캘리포니아 롤! 만들다가 시식 포기한 이유는...?,15,참치 속 옆에 오이채를 올린 후 김발을 이용하여 꾹꾹 눌러가며 터지지 않게 말아준다.
tRf3oA4J1ok,캘리포니아 롤! 만들다가 시식 포기한 이유는...?,16,*오이는 양 끝을 잘라낸 후 두께 0.5cm로 채 썰어 사용한다.
tRf3oA4J1ok,캘리포니아 롤! 만들다가 시식 포기한 이유는...?,17,"날치알을 넓은 쟁반이나 그릇에 담은 뒤 롤을 굴려가며 골고루 묻혀 자르거나, 먹기 좋은 크기로 자른 후 위에 날치알을 뿌려 완성한다."
tRf3oA4J1ok,캘리포니아 롤! 만들다가 시식 포기한 이유는...?,18,*젖은 행주를 준비한 뒤 칼을 닦아가며 썰어주면 깔끔하게 썰 수 있다.
tRf3oA4J1ok,캘리포니아 롤! 만들다가 시식 포기한 이유는...?,19,*게살버전
tRf3oA4J1ok,캘리포니아 롤! 만들다가 시식 포기한 이유는...?,20,"깊은 볼에 게살, 양파, 단무지, 황설탕, 마요네즈를 넣고 손으로 눌러서 게살을 풀어가며 골고루 섞는다."
tRf3oA4J1ok,캘리포니아 롤! 만들다가 시식 포기한 이유는...?,21,후춧가루를 넣고 섞어 속재료를 완성한다.
tRf3oA4J1ok,캘리포니아 롤! 만들다가 시식 포기한 이유는...?,22,김발을 랩으로 씌워 도마 위에 올린 후 김을 올리고 밑간 한 밥을 김의 3/4 정도까지 얇게 펼친다.
tRf3oA4J1ok,캘리포니아 롤! 만들다가 시식 포기한 이유는...?,23,*밥을 전체적으로 펼쳐도 좋다.
tRf3oA4J1ok,캘리포니아 롤! 만들다가 시식 포기한 이유는...?,24,*밥을 펼칠 때 정수물이나 식초물을 손에 묻혀가며 펼치면 좋다.
tRf3oA4J1ok,캘리포니아 롤! 만들다가 시식 포기한 이유는...?,25,밥을 올린 김을 그대로 뒤집은 후 밥이 없는 부분을 안쪽으로 접는다.
tRf3oA4J1ok,캘리포니아 롤! 만들다가 시식 포기한 이유는...?,26,"앞 쪽에 달걀 지단을 올린 후 그 위에 게살 속, 막대 모양으로 썰어 둔 오이를 순서대로 올린다."
tRf3oA4J1ok,캘리포니아 롤! 만들다가 시식 포기한 이유는...?,27,*오이는 양 끝을 잘라낸 후 길게 6등분으로 잘라 씨를 제거하여 사용한다.
tRf3oA4J1ok,캘리포니아 롤! 만들다가 시식 포기한 이유는...?,28,*기호에 맞게 날치알은 올리지 않아도 좋다.
tymvzikfesI,급식의 추억이... 오늘 내게도 생길 거 같다,1,진짜 평범한 메뉴들 같은데
tymvzikfesI,급식의 추억이... 오늘 내게도 생길 거 같다,2,레벨이 달라유!
tymvzikfesI,급식의 추억이... 오늘 내게도 생길 거 같다,3,비결이 뭐예유?
tymvzikfesI,급식의 추억이... 오늘 내게도 생길 거 같다,4,손맛? 이야...
tymvzikfesI,급식의 추억이... 오늘 내게도 생길 거 같다,5,이거 먹고 자란 애들이 부럽다
tymvzikfesI,급식의 추억이... 오늘 내게도 생길 거 같다,6,한국저작권위원회
tymvzikfesI,급식의 추억이... 오늘 내게도 생길 거 같다,7,이혜린 첫번째 걸음
tymvzikfesI,급식의 추억이... 오늘 내게도 생길 거 같다,8,🎈Track : 샛별 빼빼로 행진곡
tymvzikfesI,급식의 추억이... 오늘 내게도 생길 거 같다,10,🎵Track : 알수없는 9살인생 -
u1m21zlfVLo,하면 할수록 빠져든다... 집에서 빚는 우리 술 우리 막걸리,1,"※ 집기류를 소독하지 않으면 잡균이 들어가 발효 과정에 문제가 생길 수 있으므로,"
u1m21zlfVLo,하면 할수록 빠져든다... 집에서 빚는 우리 술 우리 막걸리,2,막걸리 만들 때 사용하는 모든 집기류는 끓는 물에 소독하거나 알코올 소독 후에 사용한다.
u1m21zlfVLo,하면 할수록 빠져든다... 집에서 빚는 우리 술 우리 막걸리,3,(열탕 소독 시 집기류를 충분히 식혀준 후 사용한다.)
u1m21zlfVLo,하면 할수록 빠져든다... 집에서 빚는 우리 술 우리 막걸리,4,"100ml 정제수에 설탕 1g, 효모 3g 풀어서 6시간 동안 상온에 두어 효모를 배양한다."
u1m21zlfVLo,하면 할수록 빠져든다... 집에서 빚는 우리 술 우리 막걸리,5,"효모를 배양한 후, 200ml 정제수에 누룩 200g을 넣고 누룩을 불려준다."
u1m21zlfVLo,하면 할수록 빠져든다... 집에서 빚는 우리 술 우리 막걸리,6,쌀 2kg를 맑은 물이 나올 때까지 깨끗하게 씻어서 헹군 다음 따뜻한 물에 1시간 정도 불린다.
u1m21zlfVLo,하면 할수록 빠져든다... 집에서 빚는 우리 술 우리 막걸리,7,불린 쌀을 체에 밭쳐서 40분 동안 물기를 빼낸다.
u1m21zlfVLo,하면 할수록 빠져든다... 집에서 빚는 우리 술 우리 막걸리,8,찜기에 물을 충분히 넣은 후 물을 끓인다.
u1m21zlfVLo,하면 할수록 빠져든다... 집에서 빚는 우리 술 우리 막걸리,9,*물은 쌀알에 닿지 않을 정도로만 채운다.
u1m21zlfVLo,하면 할수록 빠져든다... 집에서 빚는 우리 술 우리 막걸리,10,"찜기에 물이 끓을 때 물에 적신 면 보자기나 실리콘 면보를 펴고 쌀을 안쳐 40분 동안 센 불에서 찌고, 10분 정도 약한 불에서 뜸을 들인다."
u1m21zlfVLo,하면 할수록 빠져든다... 집에서 빚는 우리 술 우리 막걸리,11,고두밥을 채반에 넓게 펼쳐 약 30도 정도로 식힌다.
u1m21zlfVLo,하면 할수록 빠져든다... 집에서 빚는 우리 술 우리 막걸리,12,"큰 대야에 식힌 밥과 물에 불린 누룩, 효모 배양액, 물 2L를 넣고 충분히 섞는다."
u1m21zlfVLo,하면 할수록 빠져든다... 집에서 빚는 우리 술 우리 막걸리,13,*손을 깨끗하게 씻은 후 섞는다.
u1m21zlfVLo,하면 할수록 빠져든다... 집에서 빚는 우리 술 우리 막걸리,14,"소독한 유리병에 옮겨 담고, 24도~26도 환경에서 매일 한 번씩 저어주며 일주일간 발효한다."
u1m21zlfVLo,하면 할수록 빠져든다... 집에서 빚는 우리 술 우리 막걸리,15,"*막걸리를 젓기 전, 집기류를 소독한 후에 사용한다."
u1m21zlfVLo,하면 할수록 빠져든다... 집에서 빚는 우리 술 우리 막걸리,16,술을 걸러낸 후 보관 병에 옮겨 담는다.
u8s0XK5WXuw,따라 하지 마세요! 저는 집에서 카레 이렇게 만들어 먹습니다,1,양파는 껍질을 제거한 후 사방 길이 1.5cm 정도로 깍둑썰기하여 준비한다.
u8s0XK5WXuw,따라 하지 마세요! 저는 집에서 카레 이렇게 만들어 먹습니다,2,당근은 깨끗하게 세척한 후 껍질을 제거하고 길게 반으로 가른 뒤 길이 2cm 정도로 잘라 준비한다.
u8s0XK5WXuw,따라 하지 마세요! 저는 집에서 카레 이렇게 만들어 먹습니다,3,*세척 당근을 사용할 경우 껍질 채 사용해도 좋다.
u8s0XK5WXuw,따라 하지 마세요! 저는 집에서 카레 이렇게 만들어 먹습니다,4,토마토는 꼭지를 제거한 후 당근과 비슷한 크기로 잘라 준비한다.
u8s0XK5WXuw,따라 하지 마세요! 저는 집에서 카레 이렇게 만들어 먹습니다,5,"믹서기에 토마토, 당근 순서대로 넣은 후 곱게 갈아 준비한다."
u8s0XK5WXuw,따라 하지 마세요! 저는 집에서 카레 이렇게 만들어 먹습니다,6,*물이 들어가지 않기 때문에 토마토를 먼저 넣어야 잘 갈린다.
u8s0XK5WXuw,따라 하지 마세요! 저는 집에서 카레 이렇게 만들어 먹습니다,7,"고기는 두께 1cm 가로, 세로 2cm 정도로 사각썰기하여 준비한다."
u8s0XK5WXuw,따라 하지 마세요! 저는 집에서 카레 이렇게 만들어 먹습니다,8,*부챗살 대신 목등심을 사용해도 좋다.
u8s0XK5WXuw,따라 하지 마세요! 저는 집에서 카레 이렇게 만들어 먹습니다,9,코팅이 된 깊은 냄비에 식용유를 두른 후 소고기를 넣고 강불에 볶는다.
u8s0XK5WXuw,따라 하지 마세요! 저는 집에서 카레 이렇게 만들어 먹습니다,11,기름이 나와 자글자글 거리면 쿠민가루를 넣고 전체적으로 골고루 볶는다.
u8s0XK5WXuw,따라 하지 마세요! 저는 집에서 카레 이렇게 만들어 먹습니다,13,우스터소스를 넣고 볶아준 후 토마토 페이스트를 넣고 볶는다.
u8s0XK5WXuw,따라 하지 마세요! 저는 집에서 카레 이렇게 만들어 먹습니다,14,케첩을 넣고 볶아준 후 갈아둔 토마토와 당근을 모두 넣고 물을 넣는다.
u8s0XK5WXuw,따라 하지 마세요! 저는 집에서 카레 이렇게 만들어 먹습니다,15,고형 치킨스톡을 넣고 강불에 끓인 후 끓어오르면 중불로 줄여 약 30분 정도 끓인다.
u8s0XK5WXuw,따라 하지 마세요! 저는 집에서 카레 이렇게 만들어 먹습니다,16,고형 카레를 넣고 약불에서 잘 저어가며 완전히 풀어준다.
u8s0XK5WXuw,따라 하지 마세요! 저는 집에서 카레 이렇게 만들어 먹습니다,17,카레가 풀리면 버터를 넣고 불을 끈 뒤 녹여가며 잘 섞는다.
u8s0XK5WXuw,따라 하지 마세요! 저는 집에서 카레 이렇게 만들어 먹습니다,18,그릇에 밥을 담고 카레를 담은 후 후춧가루를 뿌려 완성한다.
u8s0XK5WXuw,따라 하지 마세요! 저는 집에서 카레 이렇게 만들어 먹습니다,19,"*카레를 끓인 후 하루 정도 숙성 시켜 먹어도 맛있다."""
udirCMIxs_c,얼큰한 고추장찌개! 밥 한 공기 뚝딱! l 백종원의 백종원레시피,1,"대파는 잘게 송송 썰어주고, 양파는 얇게 썰어준비한다."
udirCMIxs_c,얼큰한 고추장찌개! 밥 한 공기 뚝딱! l 백종원의 백종원레시피,2,"청양고추는 잘게 썰어주고, 감자는 두껍지않은 크기로 썰어준다."
udirCMIxs_c,얼큰한 고추장찌개! 밥 한 공기 뚝딱! l 백종원의 백종원레시피,3,"3, 느타리버섯은 손으로 찢어 준비한다."
udirCMIxs_c,얼큰한 고추장찌개! 밥 한 공기 뚝딱! l 백종원의 백종원레시피,4,"팬에 참기름과 식용유를 둘러준 다음, 고추장을 넣고 약불에서 타지않게 충분히 볶아준다."
udirCMIxs_c,얼큰한 고추장찌개! 밥 한 공기 뚝딱! l 백종원의 백종원레시피,5,"볶아진 고추장에 굵은 고춧가루를 넣고 한번 섞어준후, 바로 물을 넣어준다."
udirCMIxs_c,얼큰한 고추장찌개! 밥 한 공기 뚝딱! l 백종원의 백종원레시피,6,"감자를 먼저 넣고 끓여주다가, 대패삼겹살, 간마늘, 국간장, 멸치액젓을 넣고, 느타리버섯, 양파를 넣고 끓여준다."
udirCMIxs_c,얼큰한 고추장찌개! 밥 한 공기 뚝딱! l 백종원의 백종원레시피,7,감자가 충분히 익으면 청양고추와 대파를 넣고 후춧가루를 넣어준다.
udirCMIxs_c,얼큰한 고추장찌개! 밥 한 공기 뚝딱! l 백종원의 백종원레시피,8,완성된 고추장찌개를 뚝배기에 옮겨 담아 대파를 올려 마무리 해준다.
ulXcb04zLiI,만 번(?) 저어 만드는 수제 마요네즈!💪,1,*마요네즈
ulXcb04zLiI,만 번(?) 저어 만드는 수제 마요네즈!💪,2,달걀은 노른자만 분리하여 깊은 볼에 담는다.
ulXcb04zLiI,만 번(?) 저어 만드는 수제 마요네즈!💪,3,식용유를 약 1큰술 정도 넣고 거품기로 저어 걸쭉하게 농도가 나면 다시 식용유를 1큰술 넣는다.
ulXcb04zLiI,만 번(?) 저어 만드는 수제 마요네즈!💪,4,* 기름을 다 사용할 때까지 이 과정을 반복한다.
ulXcb04zLiI,만 번(?) 저어 만드는 수제 마요네즈!💪,5,* 어느 정도 양이 늘어나면 넣는 기름양을 조금씩 늘려도 좋다.
ulXcb04zLiI,만 번(?) 저어 만드는 수제 마요네즈!💪,6,"꽃소금, 후춧가루, 레몬즙, 황설탕을 넣고 섞어 완성한다."
ulXcb04zLiI,만 번(?) 저어 만드는 수제 마요네즈!💪,7,* 레몬은 반으로 갈라 씨가 들어가지 않도록 체에 밭친 후 즙을 짜서 사용한다.
ulXcb04zLiI,만 번(?) 저어 만드는 수제 마요네즈!💪,8,*과일샐러드
ulXcb04zLiI,만 번(?) 저어 만드는 수제 마요네즈!💪,9,"깊은 그릇에 원하는 과일, 땅콩, 마요네즈, 황설탕, 레몬즙을 넣고 골고루 버무려 완성한다."
utIbM9Iua-k,흑백요리사 얘기할 건데 퍼트리면 안 된다,1,보신 분들은 아시겠지만 정말 많은 일이 있었쥬
utIbM9Iua-k,흑백요리사 얘기할 건데 퍼트리면 안 된다,2,일단 앉아봐유 나 할 말 진짜 많다😊
uu8BqXy6lf4,300원으로 한 냄비 가~득 국 끓이기! 가성비 끝판왕 맑은 미역국,1,"냄비에 정수물, 불린 미역, 국간장, 간 마늘, 멸치액젓, 맛소금을 넣고 강불에 끓인다."
uu8BqXy6lf4,300원으로 한 냄비 가~득 국 끓이기! 가성비 끝판왕 맑은 미역국,3,* 건미역 약 1/2컵을 15분 정도 물에 불려 물기를 짜낸 후 사용한다.
uu8BqXy6lf4,300원으로 한 냄비 가~득 국 끓이기! 가성비 끝판왕 맑은 미역국,4,국이 팔팔 끓으면 약 2~3분 정도 더 끓인 후 불을 끄고 완성한다.
uu8BqXy6lf4,300원으로 한 냄비 가~득 국 끓이기! 가성비 끝판왕 맑은 미역국,5,* 미역국은 여러 번 다시 끓여 먹으면 더욱 깊은 맛이 난다.
v32NjYn5pSc,추석 소갈비찜은 행복이에요,1,소갈비는 하루 전날 찬물에 담가 핏물을 제거하여 준비한다.
v32NjYn5pSc,추석 소갈비찜은 행복이에요,2,냄비에 소갈비가 잠길 정도의 물을 붓고 물이 끓어오르면 소갈비를 넣어 약 5~7분 정도 익힌다.
v32NjYn5pSc,추석 소갈비찜은 행복이에요,3,Tip: 조리 중에 소갈비 뼛속의 피가 흘러나오면 양념의 맛이 떨어지기 때문에 피가 흘러나오지 않게 응고시킨다.
v32NjYn5pSc,추석 소갈비찜은 행복이에요,4,데친 소갈비는 흐르는 물에 씻어 불순물을 제거하고 체에 밭쳐 준비한다.
v32NjYn5pSc,추석 소갈비찜은 행복이에요,5,양념장용 대파는 두께 0.3cm 정도로 송송 썰어 준비한다.
v32NjYn5pSc,추석 소갈비찜은 행복이에요,6,"볼에 진간장, 황설탕, 맛술, 간 마늘, 간 생강, 물, 참기름, 양념장용 대파를 넣고 골고루 섞어 갈비찜 양념을 만들어 준비한다."
v32NjYn5pSc,추석 소갈비찜은 행복이에요,7,Tip: 기호에 따라 황설탕을 줄이고 꿀이나 물엿을 사용해도 좋다.
v32NjYn5pSc,추석 소갈비찜은 행복이에요,8,"냄비에 데친 소갈비, 갈비찜 양념을 넣고 물을 붓는다."
v32NjYn5pSc,추석 소갈비찜은 행복이에요,9,Tip: 사용하는 화력에 따라 물을 조절한다.
v32NjYn5pSc,추석 소갈비찜은 행복이에요,10,물이 졸아들 정도로 조절하면서 중 불에 약 40분 정도 끓인다.
v32NjYn5pSc,추석 소갈비찜은 행복이에요,11,"양파는 큼지막하게 깍둑썰기하고, 대파는 길이 5cm로 썬다."
v32NjYn5pSc,추석 소갈비찜은 행복이에요,12,무는 1.5cm 두께로 썬 뒤 4등분하고 칼이나 감자칼을 이용하여 모서리를 둥글게 깎는다.
v32NjYn5pSc,추석 소갈비찜은 행복이에요,13,당근은 1.5cm 두께로 썬 뒤 칼이나 감자칼을 이용하여 모서리를 둥글게 깎는다.
v32NjYn5pSc,추석 소갈비찜은 행복이에요,14,"표고버섯은 밑둥 제거 후 3개는 4등분 하고, 나머지는 십자 모양 칼집을 넣어 고명용으로 준비한다."
v32NjYn5pSc,추석 소갈비찜은 행복이에요,15,새송이는 큼직하게 연필깎듯 썰어서 준비한다.
v32NjYn5pSc,추석 소갈비찜은 행복이에요,16,"홍고추, 청양고추, 꽈리고추는 3등분 어슷썰기 하여 준비한다."
v32NjYn5pSc,추석 소갈비찜은 행복이에요,17,"40분 끓인 소 갈비찜은 위에 뜬 기름을 국자로 떠내어 제거하고 무, 양파를 넣어 중 불로 줄여 약 15분 정도 졸인다."
v32NjYn5pSc,추석 소갈비찜은 행복이에요,18,"무가 반 정도 익으면 당근, 새송이버섯, 표고버섯을 넣고 약 20분 정도 졸인다."
v32NjYn5pSc,추석 소갈비찜은 행복이에요,19,"Tip: 사용하는 냄비의 크기, 화력에 따라 물 조절을 하면서 졸이고, 당근, 무의 모양이 으깨지지 않도록 주의한다."
v32NjYn5pSc,추석 소갈비찜은 행복이에요,20,"마지막으로 홍고추, 청양고추, 꽈리고추, 대파를 넣고 주걱을 사용하여 뒤적이며 섞어준 후 바로 불을 끄고 잔열로 익힌다."
v32NjYn5pSc,추석 소갈비찜은 행복이에요,21,소 갈비찜을 접시에 담아 완성한다.
vG07DHeNH9c,소고기 무국! 이거 하나면 국을 20가지는 만들 수 있습니다. ㅣ 백종원의 쿠킹로그,1,무는 사방 3cm 정도로 편 썰기 하여 준비한다.
vG07DHeNH9c,소고기 무국! 이거 하나면 국을 20가지는 만들 수 있습니다. ㅣ 백종원의 쿠킹로그,2,소고기는 핏기를 제거하여 준비한다.
vG07DHeNH9c,소고기 무국! 이거 하나면 국을 20가지는 만들 수 있습니다. ㅣ 백종원의 쿠킹로그,3,대파는 송송 썰거나 어슷썰고 양파는 채 썰어 준비한다.
vG07DHeNH9c,소고기 무국! 이거 하나면 국을 20가지는 만들 수 있습니다. ㅣ 백종원의 쿠킹로그,4,"냄비에 참기름, 식용유을 두르고 소고기를 넣어 볶는다."
vG07DHeNH9c,소고기 무국! 이거 하나면 국을 20가지는 만들 수 있습니다. ㅣ 백종원의 쿠킹로그,5,고기의 겉면이 익으면 무를 넣어 볶는다.
vG07DHeNH9c,소고기 무국! 이거 하나면 국을 20가지는 만들 수 있습니다. ㅣ 백종원의 쿠킹로그,6,"고기가 익으면 물, 간마늘, 국간장, 멸치액젓을 넣고 중불에서 20분 정도 끓인다."
vG07DHeNH9c,소고기 무국! 이거 하나면 국을 20가지는 만들 수 있습니다. ㅣ 백종원의 쿠킹로그,7,소고기가 부드러워지면 양파를 넣어 끓인다.
vG07DHeNH9c,소고기 무국! 이거 하나면 국을 20가지는 만들 수 있습니다. ㅣ 백종원의 쿠킹로그,8,"소금으로 간을 맞추고 대파,후추를 넣어 마무리한다."
vG07DHeNH9c,소고기 무국! 이거 하나면 국을 20가지는 만들 수 있습니다. ㅣ 백종원의 쿠킹로그,9,소고기버섯국
vG07DHeNH9c,소고기 무국! 이거 하나면 국을 20가지는 만들 수 있습니다. ㅣ 백종원의 쿠킹로그,10,소고기는 핏기를 제거하고 양송이버섯은 편 썰어 준비한다.
vG07DHeNH9c,소고기 무국! 이거 하나면 국을 20가지는 만들 수 있습니다. ㅣ 백종원의 쿠킹로그,11,대파는 송송 썰거나 어슷썰고 달걀을 풀어둔다.
vG07DHeNH9c,소고기 무국! 이거 하나면 국을 20가지는 만들 수 있습니다. ㅣ 백종원의 쿠킹로그,12,고기가 반 정도 익으면 무를 넣어 볶는다.
vG07DHeNH9c,소고기 무국! 이거 하나면 국을 20가지는 만들 수 있습니다. ㅣ 백종원의 쿠킹로그,13,"고기가 익으면 물1.5L, 간마늘, 국간장, 멸치액젓을 넣고 중불에서 끓여준다."
vG07DHeNH9c,소고기 무국! 이거 하나면 국을 20가지는 만들 수 있습니다. ㅣ 백종원의 쿠킹로그,14,무가 완전히 익으면 무를 건져내고 버섯을 넣어 물을 추가하여 끓인다.
vG07DHeNH9c,소고기 무국! 이거 하나면 국을 20가지는 만들 수 있습니다. ㅣ 백종원의 쿠킹로그,15,"소금으로 간을 맞추고 달걀물, 대파를 넣는다."
vG07DHeNH9c,소고기 무국! 이거 하나면 국을 20가지는 만들 수 있습니다. ㅣ 백종원의 쿠킹로그,16,완성그릇에 담은 후 후춧가루를 뿌려 마무리한다.
vcb0uw4HIJA,추억의 분홍 소시지전,1,*간단버전
vcb0uw4HIJA,추억의 분홍 소시지전,2,분홍소시지는 1cm 정도 두께로 잘라 준비한다.
vcb0uw4HIJA,추억의 분홍 소시지전,3,프라이팬에 식용유를 넉넉히 두르고 분홍소시지를 올린다.
vcb0uw4HIJA,추억의 분홍 소시지전,4,소시지 한 쪽면이 노릇하게 익으면 뒤집어 소시지 위에 꽃소금을 뿌린다.
vcb0uw4HIJA,추억의 분홍 소시지전,5,소시지를 다시 뒤집어 반대편에도 꽃소금을 뿌린다.
vcb0uw4HIJA,추억의 분홍 소시지전,6,양쪽면의 색이 노릇하게 나면 접시에 담아 완성한다.
vcb0uw4HIJA,추억의 분홍 소시지전,7,*달걀물버전
vcb0uw4HIJA,추억의 분홍 소시지전,8,"비닐봉지에 분홍소시지, 부침가루를 넣고 흔들어 소시지에 부침가루를 골고루 묻힌다."
vcb0uw4HIJA,추억의 분홍 소시지전,9,깊은 볼에 달걀을 풀어 준비한다.
vcb0uw4HIJA,추억의 분홍 소시지전,10,프라이팬에 기름을 넉넉히 두르고 강 불에 예열한다.
vcb0uw4HIJA,추억의 분홍 소시지전,11,부침가루를 묻힌 소시지를 달걀물에 담궈 골고루 입힌다.
vcb0uw4HIJA,추억의 분홍 소시지전,12,달걀물 입힌 소시지를 예열 된 프라이팬에 올려 양쪽 면을 노릇하게 굽는다.
vcb0uw4HIJA,추억의 분홍 소시지전,13,구워진 소시지를 접시에 담아 완성한다.
vcb0uw4HIJA,추억의 분홍 소시지전,14,*한판버전
vcb0uw4HIJA,추억의 분홍 소시지전,15,분홍소시지는 1cm 정도 두께로 7조각을 잘라 준비한다.
vcb0uw4HIJA,추억의 분홍 소시지전,16,대파는 가늘게 송송 썬다.
vcb0uw4HIJA,추억의 분홍 소시지전,17,"깊은 볼에 달걀, 꽃소금, 대파를 넣고 잘 풀어 준비한다."
vcb0uw4HIJA,추억의 분홍 소시지전,18,프라이팬에 식용유를 두르고 강 불에 분홍소세지를 굽는다.
vcb0uw4HIJA,추억의 분홍 소시지전,19,소시지 한쪽 면이 노릇하게 익으면 뒤집어 소세지 위치를 일정한 간격으로 자리 잡는다.
vcb0uw4HIJA,추억의 분홍 소시지전,20,소시지 사이사이 달걀물을 부어 소시지와 달걀이 한 판이 될 수 있도록 한다.
vcb0uw4HIJA,추억의 분홍 소시지전,21,달걀물이 잘 익을 수 있도록 프라이팬을 골고루 돌려가면서 익힌다.
vcb0uw4HIJA,추억의 분홍 소시지전,22,접시를 달걀 위에 엎어서 얹은 후 프라이팬을 뒤집어 완성 접시에 옮긴다.
vcb0uw4HIJA,추억의 분홍 소시지전,23,케찹을 뿌려 완성한다.
w9ML-v8OG1Y,남들보다 삼겹살 2배로 먹는 법 알려드릴게요! 숨겨 놓고 몰래 먹는 파무침 3종!,1,*파채 준비하기
w9ML-v8OG1Y,남들보다 삼겹살 2배로 먹는 법 알려드릴게요! 숨겨 놓고 몰래 먹는 파무침 3종!,2,대파를 가늘고 길게 어슷 썰거나 길게 반 갈라 속대를 제거한 후 결 방향으로 접어 가늘게 채 썰어 준비한다.
w9ML-v8OG1Y,남들보다 삼겹살 2배로 먹는 법 알려드릴게요! 숨겨 놓고 몰래 먹는 파무침 3종!,3,* 초록부분을 채 썰어 섞어 사용하면 색감이 보기 좋다.
w9ML-v8OG1Y,남들보다 삼겹살 2배로 먹는 법 알려드릴게요! 숨겨 놓고 몰래 먹는 파무침 3종!,4,* 파의 매운맛이 싫을 경우 찬물에 담가 매운맛을 제거한 후 물기를 빼서 사용한다.
w9ML-v8OG1Y,남들보다 삼겹살 2배로 먹는 법 알려드릴게요! 숨겨 놓고 몰래 먹는 파무침 3종!,5,*기본파무침
w9ML-v8OG1Y,남들보다 삼겹살 2배로 먹는 법 알려드릴게요! 숨겨 놓고 몰래 먹는 파무침 3종!,6,"파채를 깊은 그릇에 담은 후 고운고추가루, 굵은고추가루를 넣고 색을 맞춘다."
w9ML-v8OG1Y,남들보다 삼겹살 2배로 먹는 법 알려드릴게요! 숨겨 놓고 몰래 먹는 파무침 3종!,7,"깨소금, 맛소금을 넣고 가볍게 섞어 준 후 참기름을 넣고 섞어 완성한다."
w9ML-v8OG1Y,남들보다 삼겹살 2배로 먹는 법 알려드릴게요! 숨겨 놓고 몰래 먹는 파무침 3종!,8,* 깨소금은 통깨를 절구나 비닐봉지에 넣고 잘게 빻아 만든다.
w9ML-v8OG1Y,남들보다 삼겹살 2배로 먹는 법 알려드릴게요! 숨겨 놓고 몰래 먹는 파무침 3종!,9,* 볶은 깨가 없을 경우 프라이팬 중 불에서 약 20분 정도 볶아 사용한다.
w9ML-v8OG1Y,남들보다 삼겹살 2배로 먹는 법 알려드릴게요! 숨겨 놓고 몰래 먹는 파무침 3종!,10,*간장파무침
w9ML-v8OG1Y,남들보다 삼겹살 2배로 먹는 법 알려드릴게요! 숨겨 놓고 몰래 먹는 파무침 3종!,11,"파채를 깊은 그릇에 담은 후 고운고추가루, 진간장을 넣고 섞는다."
w9ML-v8OG1Y,남들보다 삼겹살 2배로 먹는 법 알려드릴게요! 숨겨 놓고 몰래 먹는 파무침 3종!,12,"식초, 황설탕, 통깨, 깨소금을 넣고 섞어 완성한다."
w9ML-v8OG1Y,남들보다 삼겹살 2배로 먹는 법 알려드릴게요! 숨겨 놓고 몰래 먹는 파무침 3종!,13,* 통깨 또는 깨소금 중 한 가지만 써도 좋다.
w9ML-v8OG1Y,남들보다 삼겹살 2배로 먹는 법 알려드릴게요! 숨겨 놓고 몰래 먹는 파무침 3종!,14,*초고추장파무침
w9ML-v8OG1Y,남들보다 삼겹살 2배로 먹는 법 알려드릴게요! 숨겨 놓고 몰래 먹는 파무침 3종!,15,양배추는 칼 또는 감자칼을 이용하여 가늘게 채 썰어 준비한다.
w9ML-v8OG1Y,남들보다 삼겹살 2배로 먹는 법 알려드릴게요! 숨겨 놓고 몰래 먹는 파무침 3종!,16,"깊은 그릇에 황설탕, 고추장, 진간장, 식초를 넣고 초고추장을 만든다."
w9ML-v8OG1Y,남들보다 삼겹살 2배로 먹는 법 알려드릴게요! 숨겨 놓고 몰래 먹는 파무침 3종!,17,양배추를 넣고 섞어 준 후 파채를 넣고 잘 풀어가며 섞는다.
w9ML-v8OG1Y,남들보다 삼겹살 2배로 먹는 법 알려드릴게요! 숨겨 놓고 몰래 먹는 파무침 3종!,18,* 처음부터 양배추와 파채를 한번에 넣게 되면 파채의 숨이 너무 죽을 수 있으니 주의한다.
w9ML-v8OG1Y,남들보다 삼겹살 2배로 먹는 법 알려드릴게요! 숨겨 놓고 몰래 먹는 파무침 3종!,19,"굵은고추가루, 고운고추가루, 참기름, 깨소금을 넣고 섞어 완성한다."
wAktJuv7REY,시원달달한 수박화채! 가족들에게 점수 따세요,1,수박은 사방 2cm 정도 길이의 주사위 모양으로 썬다.
wAktJuv7REY,시원달달한 수박화채! 가족들에게 점수 따세요,2,(수박 자르기 전에 칼과 도마는 깨끗이 씻어주세요.)
wAktJuv7REY,시원달달한 수박화채! 가족들에게 점수 따세요,4,"넓은 볼에 흰 우유, 사이다, 황설탕을 넣고 섞는다."
wAktJuv7REY,시원달달한 수박화채! 가족들에게 점수 따세요,5,썰어 둔 수박과 후르츠칵테일을 우유에 넣고 섞는다.
wAktJuv7REY,시원달달한 수박화채! 가족들에게 점수 따세요,6,얼음을 띄워 완성한다.
wDVYtePSF_Q,순한 맛으로 끓인 '홍합 라면',1,홍합 족사를 손질하고 깨끗이 씻어 준비한다.
wDVYtePSF_Q,순한 맛으로 끓인 '홍합 라면',2,"대파, 청양고추는 송송 썰어 준비한다."
wDVYtePSF_Q,순한 맛으로 끓인 '홍합 라면',3,"냄비에 물과 홍합, 된장, 라면 스프를 넣고 끓여준다."
wDVYtePSF_Q,순한 맛으로 끓인 '홍합 라면',4,물이 끓으면 면을 넣고 풀어준다.
wDVYtePSF_Q,순한 맛으로 끓인 '홍합 라면',5,면이 적당히 풀어지면 청양고추를 넣어준다.
wDVYtePSF_Q,순한 맛으로 끓인 '홍합 라면',6,달걀을 풀어 넣어주고 대파로 마무리해 준다.
wM9hbmwCpdc,뺏어 먹어도 무죄! 꾸덕꾸덕 크림 떡볶이~,1,떡볶이 떡은 물에 씻은 후 물기를 제거하여 준비한다
wM9hbmwCpdc,뺏어 먹어도 무죄! 꾸덕꾸덕 크림 떡볶이~,2,베이컨은 약 1cm 두께로 자른다.
wM9hbmwCpdc,뺏어 먹어도 무죄! 꾸덕꾸덕 크림 떡볶이~,3,양파는 가로로 2등분 한 후 0.3cm 두께로 채 썬다.
wM9hbmwCpdc,뺏어 먹어도 무죄! 꾸덕꾸덕 크림 떡볶이~,4,프라이팬에 식용유를 두르고 베이컨을 넣고 풀어가며 볶는다.
wM9hbmwCpdc,뺏어 먹어도 무죄! 꾸덕꾸덕 크림 떡볶이~,5,베이컨이 전체적으로 풀어지면 양파를 넣고 노릇하게 되기 직전까지 볶는다.
wM9hbmwCpdc,뺏어 먹어도 무죄! 꾸덕꾸덕 크림 떡볶이~,6,"우유를 넣고 바닥에 붙지 않도록 잘 섞어 준 후, 떡볶이 떡을 넣고 중 불로 줄인다."
wM9hbmwCpdc,뺏어 먹어도 무죄! 꾸덕꾸덕 크림 떡볶이~,7,떡이 말랑말랑 해지고 우유에 농도가 나기 시작하면 슬라이스 체다치즈를 찢어 넣는다.
wM9hbmwCpdc,뺏어 먹어도 무죄! 꾸덕꾸덕 크림 떡볶이~,8,치즈가 잘 녹도록 골고루 섞은 후 농도가 걸쭉해지면 후추가루를 넣고 섞어 불을 끈다.
wM9hbmwCpdc,뺏어 먹어도 무죄! 꾸덕꾸덕 크림 떡볶이~,9,접시에 크림 떡볶이를 담아 완성한다.
wM9hbmwCpdc,뺏어 먹어도 무죄! 꾸덕꾸덕 크림 떡볶이~,11,기호에 맞게 파슬리가루를 뿌린다.
wPxuQdfYErk,다른 반찬 필요없는 저의 최애 고기쌈장!,1,"대파, 청양고추는 반 갈라 두께 0.5cm 정도로 송송 썬다."
wPxuQdfYErk,다른 반찬 필요없는 저의 최애 고기쌈장!,2,"양파, 당근, 돼지호박, 표고버섯은 가로, 세로 0.7cm 정도로 잘게 다진다."
wPxuQdfYErk,다른 반찬 필요없는 저의 최애 고기쌈장!,3,"볶음용 팬에 식용유, 대파를 넣고 강 불에 볶는다."
wPxuQdfYErk,다른 반찬 필요없는 저의 최애 고기쌈장!,4,뭉쳐있던 파가 풀어지면 양파를 넣고 볶는다.
wPxuQdfYErk,다른 반찬 필요없는 저의 최애 고기쌈장!,5,양파의 수분이 빠져 지글지글 소리가 나면 간 돼지고기를 넣고 주걱으로 뭉치지 않게 잘 풀어가면서 볶는다.
wPxuQdfYErk,다른 반찬 필요없는 저의 최애 고기쌈장!,6,가장자리 부분이 타지 않도록 주걱으로 골고루 섞어주면서 돼지고기가 노릇해질 때까지 볶는다.
wPxuQdfYErk,다른 반찬 필요없는 저의 최애 고기쌈장!,7,"황설탕을 팬의 가운데 부분에 넣어 기름에 튀겨지도록 하고, 그 위에 진간장을 둘러 넣는다."
wPxuQdfYErk,다른 반찬 필요없는 저의 최애 고기쌈장!,8,"당근, 돼지호박, 표고버섯을 넣고 주걱으로 섞으면서 골고루 볶는다."
wPxuQdfYErk,다른 반찬 필요없는 저의 최애 고기쌈장!,9,"맛술, 된장, 고추장을 넣고 골고루 섞으면서 볶는다."
wPxuQdfYErk,다른 반찬 필요없는 저의 최애 고기쌈장!,10,"간 마늘, 굵은 고춧가루를 넣고 고춧가루가 타지 않도록 주걱으로 둥글게 저으면서 골고루 볶는다."
wPxuQdfYErk,다른 반찬 필요없는 저의 최애 고기쌈장!,11,"정수 물을 둘러 넣고 , 청양고추를 넣은 후 세네번 저어준 후 불을 끄고 참기름을 둘러 넣어 완성한다."
wTtHP5qFOio,라면으로 만드는 들기름 막국수! 5분이면 끝!,1,"볼에 국간장, 황설탕, 들기름을 넣고 설탕이 녹을 정도로 섞어준다."
wTtHP5qFOio,라면으로 만드는 들기름 막국수! 5분이면 끝!,3,국간장 대신 진간장 사용시 2/3큰술에 설탕 양을 취향에 맞게 줄인다.
wTtHP5qFOio,라면으로 만드는 들기름 막국수! 5분이면 끝!,4,쪽파는 약 0.3cm 두께로 송송 썰어 준비한다.
wTtHP5qFOio,라면으로 만드는 들기름 막국수! 5분이면 끝!,5,구운 파래김은 비닐 봉지에 넣고 부순다.
wTtHP5qFOio,라면으로 만드는 들기름 막국수! 5분이면 끝!,6,조미김은 간이 되어있기 때문에 되도록 생김을 사용하는 것이 좋다.
wTtHP5qFOio,라면으로 만드는 들기름 막국수! 5분이면 끝!,7,냄비에 물을 넣고 끓으면 라면 사리를 넣는다.
wTtHP5qFOio,라면으로 만드는 들기름 막국수! 5분이면 끝!,8,라면사리가 한 가닥씩 풀어지고부터 약 2분간 삶는다.
wTtHP5qFOio,라면으로 만드는 들기름 막국수! 5분이면 끝!,9,삶은 면은 체에 밭쳐 찬물에 헹군 후 물기를 제거하여 완성그릇에 담는다.
wTtHP5qFOio,라면으로 만드는 들기름 막국수! 5분이면 끝!,10,"준비해둔 라면사리 위에 양념장, 부순 김, 탈피 들께가루, 쪽파를 올려 완성한다."
wTtHP5qFOio,라면으로 만드는 들기름 막국수! 5분이면 끝!,13,막국수
wezbeu4-C2s,편견을 버리세요! 청국장이 좋아지는 레시피,1,"홍고추, 청양고추는 두께0.3cm로 송송 썬다."
wezbeu4-C2s,편견을 버리세요! 청국장이 좋아지는 레시피,2,양파는 굵게 다져 준비한다.
wezbeu4-C2s,편견을 버리세요! 청국장이 좋아지는 레시피,3,대파는 두께0.3cm로 송송 썬다.
wezbeu4-C2s,편견을 버리세요! 청국장이 좋아지는 레시피,4,두부는 가로세로 1.5cm로 썰어 준비한다.
wezbeu4-C2s,편견을 버리세요! 청국장이 좋아지는 레시피,5,신김치는 가위를 이용하여 잘게 잘라 준비한다.
wezbeu4-C2s,편견을 버리세요! 청국장이 좋아지는 레시피,6,"국멸치는 머리, 뼈, 내장을 제거하고 잘게 찢어 준비한다."
wezbeu4-C2s,편견을 버리세요! 청국장이 좋아지는 레시피,7,마른 냄비에 멸치를 넣고 중 불에 고소한 냄새가 날 때까지 볶아 비린내를 날린다.
wezbeu4-C2s,편견을 버리세요! 청국장이 좋아지는 레시피,8,"냄비에 물, 신김치, 양파, 대파, 홍고추, 청양고추를 넣고 강 불에 끓인다."
wezbeu4-C2s,편견을 버리세요! 청국장이 좋아지는 레시피,9,"찌개가 끓어 오르면 간마늘, 청국장을 넣고 잘 풀어가며 끓인다."
wezbeu4-C2s,편견을 버리세요! 청국장이 좋아지는 레시피,10,Tip: 기호에 따라 청국장 양을 조절한다.
wezbeu4-C2s,편견을 버리세요! 청국장이 좋아지는 레시피,11,청국장이 다 풀어지면 된장을 넣어 간을 맞춘다.
wezbeu4-C2s,편견을 버리세요! 청국장이 좋아지는 레시피,12,Tip: 된장 대신 청국장을 추가로 넣어 간을 맞춰도 좋다.
wezbeu4-C2s,편견을 버리세요! 청국장이 좋아지는 레시피,13,뚝배기에 청국장을 옮겨 담고 두부를 올린 후 강 불에 끓인다.
wezbeu4-C2s,편견을 버리세요! 청국장이 좋아지는 레시피,14,Tip: 두부를 처음부터 넣을 경우 깨질 수 있으니 주의한다.
wezbeu4-C2s,편견을 버리세요! 청국장이 좋아지는 레시피,15,청국장이 끓어오르면 불을 끄고 완성한다.
wfm951HEpGU,막걸리가 생각나는 '부추전',1,건새우는 반죽용 물에 불려 준비한다.
wfm951HEpGU,막걸리가 생각나는 '부추전',2,부추는 5cm 정도 길이로 잘라둔다.
wfm951HEpGU,막걸리가 생각나는 '부추전',3,청양고추는 잘게 다지고 당근은 채 썬다.
wfm951HEpGU,막걸리가 생각나는 '부추전',4,"볼에 당근, 부추, 청양고추, 당근, 간마늘, 부침가루, 불린 건새우, 물, 멸치액젓을 넣어 반죽한다."
wfm951HEpGU,막걸리가 생각나는 '부추전',5,프라이팬에 식용유를 두르고 약한 불에서 반죽을 얇게 펼친다.
wfm951HEpGU,막걸리가 생각나는 '부추전',6,반죽이 넓게 펼쳐지면 중불로 키워 노릇하게 구워준다.
wfm951HEpGU,막걸리가 생각나는 '부추전',7,"진간장, 식초, 설탕을 넣어 초간장을 곁들여 먹는다."
wpUsg7f-F4o,초대손님 '양세형'님께서 '감자짜글이'를 만들어 주셨습니다. ㅋㅋ 진짜 밥도둑. 잡았다 요놈 ㅣ 백종원의 쿠킹로그,1,"감자, 양파는 1cm 정도 두께로 굵게 채 썰어 준비한다."
wpUsg7f-F4o,초대손님 '양세형'님께서 '감자짜글이'를 만들어 주셨습니다. ㅋㅋ 진짜 밥도둑. 잡았다 요놈 ㅣ 백종원의 쿠킹로그,2,청양고추는 1cm 정도로 썰고 대파는 송송 썰어 준비한다.
wpUsg7f-F4o,초대손님 '양세형'님께서 '감자짜글이'를 만들어 주셨습니다. ㅋㅋ 진짜 밥도둑. 잡았다 요놈 ㅣ 백종원의 쿠킹로그,3,통조림 햄은 밀폐 봉지에 넣어 잘게 으깨어 준다.
wpUsg7f-F4o,초대손님 '양세형'님께서 '감자짜글이'를 만들어 주셨습니다. ㅋㅋ 진짜 밥도둑. 잡았다 요놈 ㅣ 백종원의 쿠킹로그,4,"냄비에 감자를 깔고 양파, 대파, 청양고추, 통조림햄을 넣는다."
wpUsg7f-F4o,초대손님 '양세형'님께서 '감자짜글이'를 만들어 주셨습니다. ㅋㅋ 진짜 밥도둑. 잡았다 요놈 ㅣ 백종원의 쿠킹로그,5,"황설탕, 고춧가루, 간마늘, 고추장, 된장, 진간장, 물을 넣어 끓인다."
wpUsg7f-F4o,초대손님 '양세형'님께서 '감자짜글이'를 만들어 주셨습니다. ㅋㅋ 진짜 밥도둑. 잡았다 요놈 ㅣ 백종원의 쿠킹로그,6,끓어오르면 약불로 줄이고 양념장이 골고루 섞일 수 있도록 저어준다.
wpUsg7f-F4o,초대손님 '양세형'님께서 '감자짜글이'를 만들어 주셨습니다. ㅋㅋ 진짜 밥도둑. 잡았다 요놈 ㅣ 백종원의 쿠킹로그,7,국물이 반 정도 졸아들면 기호에 맞게 간장을 추가하여 간을 맞춘다.
wpUsg7f-F4o,초대손님 '양세형'님께서 '감자짜글이'를 만들어 주셨습니다. ㅋㅋ 진짜 밥도둑. 잡았다 요놈 ㅣ 백종원의 쿠킹로그,8,감자가 으깨질 정도까지 끓여 완성한다.
xNUvkgONOOM,[ENG] 무엇이든 다 어울리는 '만능 장아찌 소스' 만들기!,1,* 장아찌소스
xNUvkgONOOM,[ENG] 무엇이든 다 어울리는 '만능 장아찌 소스' 만들기!,2,"냄비에 물, 진간장, 설탕을 넣어 끓인다."
xNUvkgONOOM,[ENG] 무엇이든 다 어울리는 '만능 장아찌 소스' 만들기!,3,소스가 끓으면 불을 끄고 한 김 날린 후 식초를 넣어 섞는다.
xNUvkgONOOM,[ENG] 무엇이든 다 어울리는 '만능 장아찌 소스' 만들기!,4,연기가 나지 않을 정도까지 식힌 후 사용한다.
xNUvkgONOOM,[ENG] 무엇이든 다 어울리는 '만능 장아찌 소스' 만들기!,5,* 방울토마토 장아찌
xNUvkgONOOM,[ENG] 무엇이든 다 어울리는 '만능 장아찌 소스' 만들기!,6,방울토마토는 깨끗이 세척하고 꼭지를 제거한다.
xNUvkgONOOM,[ENG] 무엇이든 다 어울리는 '만능 장아찌 소스' 만들기!,7,끓는 물에 토마토를 넣고 10초 정도 데친 후 찬물에 식힌다.
xNUvkgONOOM,[ENG] 무엇이든 다 어울리는 '만능 장아찌 소스' 만들기!,10,토마토가 잠길 정도의 장아찌 소스를 붓고 냉장고에 1일 정도 숙성시킨다.
xNUvkgONOOM,[ENG] 무엇이든 다 어울리는 '만능 장아찌 소스' 만들기!,11,* 시금치 장아찌
xNUvkgONOOM,[ENG] 무엇이든 다 어울리는 '만능 장아찌 소스' 만들기!,12,시금치는 깨끗하게 세척하여 준비한다.
xNUvkgONOOM,[ENG] 무엇이든 다 어울리는 '만능 장아찌 소스' 만들기!,13,끓는 물에 시금치를 살짝 데쳐 찬물에 식힌다.
xNUvkgONOOM,[ENG] 무엇이든 다 어울리는 '만능 장아찌 소스' 만들기!,14,시금치의 물기를 제거하고 밀폐통에 가지런히 담는다.
xNUvkgONOOM,[ENG] 무엇이든 다 어울리는 '만능 장아찌 소스' 만들기!,15,시금치가 잠길 정도의 장아찌 소스를 붓는다.
xNUvkgONOOM,[ENG] 무엇이든 다 어울리는 '만능 장아찌 소스' 만들기!,16,상온에서 1일 숙성시킨 후 냉장 보관 한다.
xNUvkgONOOM,[ENG] 무엇이든 다 어울리는 '만능 장아찌 소스' 만들기!,17,* 오이 장아찌
xNUvkgONOOM,[ENG] 무엇이든 다 어울리는 '만능 장아찌 소스' 만들기!,18,오이는 깨끗하게 문질러 세척한다.
xNUvkgONOOM,[ENG] 무엇이든 다 어울리는 '만능 장아찌 소스' 만들기!,19,오이를 한입 크기로 잘라준다.
xNUvkgONOOM,[ENG] 무엇이든 다 어울리는 '만능 장아찌 소스' 만들기!,20,밀폐통에 오이를 담고 장아찌 소스를 부어준다.
xecKUiZBCtM,우리집 밥도둑! 진미채볶음!!,1,"프라이팬에 고추장, 고운고춧가루, 물엿, 황설탕, 물을 넣고 잘 저어가며 설탕이 녹을정도 까지 끓인다."
xecKUiZBCtM,우리집 밥도둑! 진미채볶음!!,2,큰 볼에 오징어채를 넣고 마요네즈를 넣어 골고무 버무려준다.
xecKUiZBCtM,우리집 밥도둑! 진미채볶음!!,3,끓여둔 양념장을 오징어채에 부어 골고루 무쳐준다.
xexAbSUQzSw,"미역냉국 만들다가 국수가 땡겨 만든 냉국수! Ice-Cold Naengguk, Perfect for the Summer! It Makes You Crave Noodles!",1,건 미역은 물에 불린다.
xexAbSUQzSw,"미역냉국 만들다가 국수가 땡겨 만든 냉국수! Ice-Cold Naengguk, Perfect for the Summer! It Makes You Crave Noodles!",2,불린 미역을 물에 헹구고 꾹 짜서 물기를 제거한다.
xexAbSUQzSw,"미역냉국 만들다가 국수가 땡겨 만든 냉국수! Ice-Cold Naengguk, Perfect for the Summer! It Makes You Crave Noodles!",3,물기를 제거한 미역을 먹기 좋은 크기로 썬다.
xexAbSUQzSw,"미역냉국 만들다가 국수가 땡겨 만든 냉국수! Ice-Cold Naengguk, Perfect for the Summer! It Makes You Crave Noodles!",4,양파는 0.3cm 두께로 채 썬다.
xexAbSUQzSw,"미역냉국 만들다가 국수가 땡겨 만든 냉국수! Ice-Cold Naengguk, Perfect for the Summer! It Makes You Crave Noodles!",5,"청양고추, 홍고추는 0.3cm 두께로 송송 썬다."
xexAbSUQzSw,"미역냉국 만들다가 국수가 땡겨 만든 냉국수! Ice-Cold Naengguk, Perfect for the Summer! It Makes You Crave Noodles!",6,"불린 미역에 식초, 설탕을 넣고 주물러 버무린다."
xexAbSUQzSw,"미역냉국 만들다가 국수가 땡겨 만든 냉국수! Ice-Cold Naengguk, Perfect for the Summer! It Makes You Crave Noodles!",7,"액젓, 국간장 1/2 정도를 넣고 간이 골고루 배도록 섞는다."
xexAbSUQzSw,"미역냉국 만들다가 국수가 땡겨 만든 냉국수! Ice-Cold Naengguk, Perfect for the Summer! It Makes You Crave Noodles!",8,"채 썬 양파를 넣고 부러지지 않게 버무린 후 청양고추, 홍고추를 넣어 섞는다."
xexAbSUQzSw,"미역냉국 만들다가 국수가 땡겨 만든 냉국수! Ice-Cold Naengguk, Perfect for the Summer! It Makes You Crave Noodles!",9,물을 넣고 나머지 국간장 1/2을 넣고 섞는다.
xexAbSUQzSw,"미역냉국 만들다가 국수가 땡겨 만든 냉국수! Ice-Cold Naengguk, Perfect for the Summer! It Makes You Crave Noodles!",10,(기호에 따라 MSG 1/3큰술을 추가한다.)
xexAbSUQzSw,"미역냉국 만들다가 국수가 땡겨 만든 냉국수! Ice-Cold Naengguk, Perfect for the Summer! It Makes You Crave Noodles!",11,얼음을 넣고 섞어 완성한다.
xexAbSUQzSw,"미역냉국 만들다가 국수가 땡겨 만든 냉국수! Ice-Cold Naengguk, Perfect for the Summer! It Makes You Crave Noodles!",12,"(기호에 맞게 오이 채, 데친 새우살, 삶은 소면을 넣어 먹는다.)"
xsTFsunt6-8,한국인들이 생일마다 찾아 먹는 소울푸드,1,미역은 물에 불려 준비한다.
xsTFsunt6-8,한국인들이 생일마다 찾아 먹는 소울푸드,2,냄비에 참기름을 두르고 소고기를 넣어 중약불에서 볶아준다.
xsTFsunt6-8,한국인들이 생일마다 찾아 먹는 소울푸드,4,볶아진 미역에 국간장을 넣어 볶고 물을 넣어 끓여준다.
xsTFsunt6-8,한국인들이 생일마다 찾아 먹는 소울푸드,5,물이 끓으면 다진 마늘을 넣어 끓여준다.
xsTFsunt6-8,한국인들이 생일마다 찾아 먹는 소울푸드,6,마지막에 액젓을 이용하여 간을 맞춰 완성한다.
yI67M3IS4GI,옥수수 캔으로 만드는 최고의 간식 The Ultimate Snack Made from Canned Corn,1,*옥수수 전 (부침 버전)
yI67M3IS4GI,옥수수 캔으로 만드는 최고의 간식 The Ultimate Snack Made from Canned Corn,2,통조림 옥수수는 체에 밭쳐 국물은 따라 버리고 옥수수 알갱이만 준비해 놓는다.
yI67M3IS4GI,옥수수 캔으로 만드는 최고의 간식 The Ultimate Snack Made from Canned Corn,3,"볼에 물기를 뺀 통조림 옥수수, 옥수수 전분가루, 물을 넣는다."
yI67M3IS4GI,옥수수 캔으로 만드는 최고의 간식 The Ultimate Snack Made from Canned Corn,4,재료를 숟가락으로 골고루 섞어 질척한 상태의 반죽을 만든다.
yI67M3IS4GI,옥수수 캔으로 만드는 최고의 간식 The Ultimate Snack Made from Canned Corn,5,팬에 식용유를 두르고 불에 올려 달군 다음 옥수수 반죽을 얇게 올린다.
yI67M3IS4GI,옥수수 캔으로 만드는 최고의 간식 The Ultimate Snack Made from Canned Corn,6,( 작은 크기로 옥수수 반죽을 올려주면 뒤집기 쉽다.
yI67M3IS4GI,옥수수 캔으로 만드는 최고의 간식 The Ultimate Snack Made from Canned Corn,8,숟가락으로 반죽 가장자리 모양을 잡는다.
yI67M3IS4GI,옥수수 캔으로 만드는 최고의 간식 The Ultimate Snack Made from Canned Corn,9,뒤집개를 이용해 앞뒤로 뒤집어가며 노릇노릇하게 굽는다.
yI67M3IS4GI,옥수수 캔으로 만드는 최고의 간식 The Ultimate Snack Made from Canned Corn,10,바삭하게 구워진 옥수수 전을 완성 접시에 옮겨 담는다.
yI67M3IS4GI,옥수수 캔으로 만드는 최고의 간식 The Ultimate Snack Made from Canned Corn,11,연유를 모양을 내어 뿌려서 완성한다.
yI67M3IS4GI,옥수수 캔으로 만드는 최고의 간식 The Ultimate Snack Made from Canned Corn,12,기호에 따라 파마산 치즈에 고운 고춧가루 살짝 뿌려 먹는다.
yI67M3IS4GI,옥수수 캔으로 만드는 최고의 간식 The Ultimate Snack Made from Canned Corn,13,*옥수수 전 (튀김 버전)
yI67M3IS4GI,옥수수 캔으로 만드는 최고의 간식 The Ultimate Snack Made from Canned Corn,14,통조림 옥수수는 체에 밭쳐 국물은 따라 버리고 옥수수 알갱이만 건져놓는다.
yI67M3IS4GI,옥수수 캔으로 만드는 최고의 간식 The Ultimate Snack Made from Canned Corn,15,팬에 식용유를 넉넉히 두르고 불에 올려 달군 다음 옥수수 반죽을 펴듯이 올린다.
yI67M3IS4GI,옥수수 캔으로 만드는 최고의 간식 The Ultimate Snack Made from Canned Corn,16,노릇하게 튀겨지면서 떠오르면 건져낸다.
yI67M3IS4GI,옥수수 캔으로 만드는 최고의 간식 The Ultimate Snack Made from Canned Corn,17,바삭하게 튀겨진 옥수수 전을 완성 접시에 옮겨 담는다.
ysCrvaErHKE,양지 안 쓰셔도 돼요! 집 반찬 0티어 소고기 메추리알 장조림,1,소고기는 폭 4cm 정도 먹기 좋은 크기로 자른다.
ysCrvaErHKE,양지 안 쓰셔도 돼요! 집 반찬 0티어 소고기 메추리알 장조림,2,* 오래된 고기를 사용 할 경우 물에 헹궈 핏물을 씻어낸 후 사용한다.
ysCrvaErHKE,양지 안 쓰셔도 돼요! 집 반찬 0티어 소고기 메추리알 장조림,3,통마늘은 꼭지를 제거하고 크기가 클 경우 반으로 잘라 준비한다.
ysCrvaErHKE,양지 안 쓰셔도 돼요! 집 반찬 0티어 소고기 메추리알 장조림,4,* 간마늘을 사용 할 경우 국물이 탁해질 수 있으니 체에 밭쳐 국물에 우려낸 후 건더기는 건져낸다.
ysCrvaErHKE,양지 안 쓰셔도 돼요! 집 반찬 0티어 소고기 메추리알 장조림,5,"청양고추, 대파는 두께 1cm로 송송 썰어 준비한다."
ysCrvaErHKE,양지 안 쓰셔도 돼요! 집 반찬 0티어 소고기 메추리알 장조림,6,깐 메추리알은 흐르는 물에 헹궈 물기를 제거하여 준비한다.
ysCrvaErHKE,양지 안 쓰셔도 돼요! 집 반찬 0티어 소고기 메추리알 장조림,7,"깊은 프라이팬 또는 냄비에 물, 진간장, 황설탕, 맛술, 소고기를 넣고 잘 섞어준 후 강 불에 끓인다."
ysCrvaErHKE,양지 안 쓰셔도 돼요! 집 반찬 0티어 소고기 메추리알 장조림,8,육수가 팔팔 끓어 오르면 거품을 걷어내고 2분 정도 끓인다.
ysCrvaErHKE,양지 안 쓰셔도 돼요! 집 반찬 0티어 소고기 메추리알 장조림,9,"청양고추, 대파, 마늘, 메추리알을 넣고 중 불로 줄인 후 4분 정도 끓여 완성한다."
ysCrvaErHKE,양지 안 쓰셔도 돼요! 집 반찬 0티어 소고기 메추리알 장조림,10,* 더 진한 색을 원한다면 식용 캬라멜 또는 노두유를 추가한다.
ysCrvaErHKE,양지 안 쓰셔도 돼요! 집 반찬 0티어 소고기 메추리알 장조림,11,* 조미료를 사용 할 경우 소고기다시다는 간이 짜질 수 있으니 사용하지 않는다.
ysCrvaErHKE,양지 안 쓰셔도 돼요! 집 반찬 0티어 소고기 메추리알 장조림,12,* 고기가 두꺼워 질길 경우 약 불로 줄여 5분 이상 기호에 맞게 끓여도 좋다.
ysCrvaErHKE,양지 안 쓰셔도 돼요! 집 반찬 0티어 소고기 메추리알 장조림,13,* 오래 끓여 물양이 많이 증발했을 경우 물양을 추가하며 끓인다.
z-XcuZL80Lc,"햄,치즈,달걀 환상조화 국민 간식 토스트, 신박하게 쉬운 방법~! ㅣ 백종원의 쿠킹로그",1,중불에 프라이팬을 올린 후 달궈지면 마가린을 두른다.
z-XcuZL80Lc,"햄,치즈,달걀 환상조화 국민 간식 토스트, 신박하게 쉬운 방법~! ㅣ 백종원의 쿠킹로그",2,식빵을 앞 뒷면으로 노릇하게 구워준다.
z-XcuZL80Lc,"햄,치즈,달걀 환상조화 국민 간식 토스트, 신박하게 쉬운 방법~! ㅣ 백종원의 쿠킹로그",3,황설탕을 뿌려 반으로 접어 완성한다.
z-XcuZL80Lc,"햄,치즈,달걀 환상조화 국민 간식 토스트, 신박하게 쉬운 방법~! ㅣ 백종원의 쿠킹로그",4,*치즈 버전 토스트
z-XcuZL80Lc,"햄,치즈,달걀 환상조화 국민 간식 토스트, 신박하게 쉬운 방법~! ㅣ 백종원의 쿠킹로그",5,대파는 가늘게 송송 썰어 준비한다.
z-XcuZL80Lc,"햄,치즈,달걀 환상조화 국민 간식 토스트, 신박하게 쉬운 방법~! ㅣ 백종원의 쿠킹로그",6,"컵에 달걀 2개를 잘 풀어준 후 대파, 소금을 넣어 섞어준다."
z-XcuZL80Lc,"햄,치즈,달걀 환상조화 국민 간식 토스트, 신박하게 쉬운 방법~! ㅣ 백종원의 쿠킹로그",7,프라이팬에 마가린을 적당량 두르고 달걀물을 부은 후 위에 식빵 2장을 올려 익힌다.
z-XcuZL80Lc,"햄,치즈,달걀 환상조화 국민 간식 토스트, 신박하게 쉬운 방법~! ㅣ 백종원의 쿠킹로그",8,달걀이 익으면 프라이팬에 마가린을 두른 후 뒤집어 황설탕을 뿌려준다.
z-XcuZL80Lc,"햄,치즈,달걀 환상조화 국민 간식 토스트, 신박하게 쉬운 방법~! ㅣ 백종원의 쿠킹로그",9,슬라이스 치즈를 올려 반으로 접고 빵을 노릇하게 구워 완성한다.
z-XcuZL80Lc,"햄,치즈,달걀 환상조화 국민 간식 토스트, 신박하게 쉬운 방법~! ㅣ 백종원의 쿠킹로그",10,*햄 치즈 버전 토스트
z-XcuZL80Lc,"햄,치즈,달걀 환상조화 국민 간식 토스트, 신박하게 쉬운 방법~! ㅣ 백종원의 쿠킹로그",11,양배추는 가늘게 채 썰고 대파는 송송 썰어 준비한다.
z-XcuZL80Lc,"햄,치즈,달걀 환상조화 국민 간식 토스트, 신박하게 쉬운 방법~! ㅣ 백종원의 쿠킹로그",12,당근은 잘게 썰어 준비한다.
z-XcuZL80Lc,"햄,치즈,달걀 환상조화 국민 간식 토스트, 신박하게 쉬운 방법~! ㅣ 백종원의 쿠킹로그",13,"컵에 달걀 2개를 잘 풀어준 후 양배추, 당근, 대파, 소금을 넣어 섞는다."
z-XcuZL80Lc,"햄,치즈,달걀 환상조화 국민 간식 토스트, 신박하게 쉬운 방법~! ㅣ 백종원의 쿠킹로그",14,프라이팬에 마가린을 두르고 달걀물을 부은 후 식빵 2장을 올려 익힌다.
z-XcuZL80Lc,"햄,치즈,달걀 환상조화 국민 간식 토스트, 신박하게 쉬운 방법~! ㅣ 백종원의 쿠킹로그",15,달걀이 익으면 뒤집어 프라이팬에 마가린을 둘러 가며 식빵을 구워준다.
z-XcuZL80Lc,"햄,치즈,달걀 환상조화 국민 간식 토스트, 신박하게 쉬운 방법~! ㅣ 백종원의 쿠킹로그",16,프라이팬 한 쪽에서 슬라이스 햄을 노릇하게 구워 달걀 위에 올려준다.
z-XcuZL80Lc,"햄,치즈,달걀 환상조화 국민 간식 토스트, 신박하게 쉬운 방법~! ㅣ 백종원의 쿠킹로그",17,슬라이스 햄 위에 슬라이스 치즈를 올린다.
z-XcuZL80Lc,"햄,치즈,달걀 환상조화 국민 간식 토스트, 신박하게 쉬운 방법~! ㅣ 백종원의 쿠킹로그",18,황설탕을 치즈 위에 골고루 뿌려 준 후 반으로 접어준다.
z-XcuZL80Lc,"햄,치즈,달걀 환상조화 국민 간식 토스트, 신박하게 쉬운 방법~! ㅣ 백종원의 쿠킹로그",19,빵이 노릇해지면 완성 그릇에 옮겨 담아 반으로 자른다.
zRg4nxIv3j8,밖에서 사 먹는 맛! '볶음우동' 만들어 보세요~,1,"양파, 당근은 채 썰고 대파, 쪽파는 송송 썰어 준비한다."
zRg4nxIv3j8,밖에서 사 먹는 맛! '볶음우동' 만들어 보세요~,2,양배추는 1cm 정도 두께로 먹기 좋게 썬다.
zRg4nxIv3j8,밖에서 사 먹는 맛! '볶음우동' 만들어 보세요~,3,훈연멸치는 내장을 제거하고 마른 팬에 볶아 믹서에 갈아준다.
zRg4nxIv3j8,밖에서 사 먹는 맛! '볶음우동' 만들어 보세요~,4,"팬에 기름, 대파를 넣고 열이 오르면 고기를 넣어 볶아준다."
zRg4nxIv3j8,밖에서 사 먹는 맛! '볶음우동' 만들어 보세요~,5,"고기가 노릇하게 익으면 양파, 당근, 양배추를 넣어 볶는다."
zRg4nxIv3j8,밖에서 사 먹는 맛! '볶음우동' 만들어 보세요~,6,"진간장, 황설탕, 식초, 물을 섞어 양념장을 만든다."
zRg4nxIv3j8,밖에서 사 먹는 맛! '볶음우동' 만들어 보세요~,7,채소가 볶아지면 가운데에 면을 넣고 가장자리에 양념장을 둘러 중불에서 끓인다.
zRg4nxIv3j8,밖에서 사 먹는 맛! '볶음우동' 만들어 보세요~,8,면이 풀어지면 불을 세게 켜고 볶아준다.
zRg4nxIv3j8,밖에서 사 먹는 맛! '볶음우동' 만들어 보세요~,9,완성그릇에 볶음우동을 담고 마요네즈를 뿌려준다.
zRg4nxIv3j8,밖에서 사 먹는 맛! '볶음우동' 만들어 보세요~,10,"훈연멸치가루, 쪽파를 올려 마무리한다."
zS_o6psOt9g,식당에서 나오는 바로 그 '콘치즈'! Corn Cheese! A Dish of Peculiar Charm,1,*프라이팬 버전
zS_o6psOt9g,식당에서 나오는 바로 그 '콘치즈'! Corn Cheese! A Dish of Peculiar Charm,2,옥수수 통조림은 체에 밭쳐 물기를 뺀다.
zS_o6psOt9g,식당에서 나오는 바로 그 '콘치즈'! Corn Cheese! A Dish of Peculiar Charm,3,양파는 잘게 썬다.
zS_o6psOt9g,식당에서 나오는 바로 그 '콘치즈'! Corn Cheese! A Dish of Peculiar Charm,4,"팬에 버터를 녹이고 옥수수, 양파를 넣어 볶는다."
zS_o6psOt9g,식당에서 나오는 바로 그 '콘치즈'! Corn Cheese! A Dish of Peculiar Charm,5,옥수수와 양파의 수분이 날아가면 설탕을 넣어 볶는다.
zS_o6psOt9g,식당에서 나오는 바로 그 '콘치즈'! Corn Cheese! A Dish of Peculiar Charm,6,양파가 노릇하게 볶아지면 불을끄고 마요네즈를 넣고 섞어 넓게 펼쳐준다.
zS_o6psOt9g,식당에서 나오는 바로 그 '콘치즈'! Corn Cheese! A Dish of Peculiar Charm,7,옥수수 위에 모짜렐라치즈를 뿌린 후 뚜껑을 덮고 약불로 켠다.
zS_o6psOt9g,식당에서 나오는 바로 그 '콘치즈'! Corn Cheese! A Dish of Peculiar Charm,8,모짜렐라 치즈가 완전히 녹으면 파슬리가루를 뿌려 완성한다.
zS_o6psOt9g,식당에서 나오는 바로 그 '콘치즈'! Corn Cheese! A Dish of Peculiar Charm,9,*에어프라이어 버전
zS_o6psOt9g,식당에서 나오는 바로 그 '콘치즈'! Corn Cheese! A Dish of Peculiar Charm,10,옥수수 통조림은 체를 이용하여 물기를 빼준다.
zS_o6psOt9g,식당에서 나오는 바로 그 '콘치즈'! Corn Cheese! A Dish of Peculiar Charm,11,"유리 볼에 물기 뺀 옥수수, 양파, 마요네즈, 황설탕, 후춧가루를 넣고 섞는다."
zS_o6psOt9g,식당에서 나오는 바로 그 '콘치즈'! Corn Cheese! A Dish of Peculiar Charm,12,은박 도시락에 버터를 바르고 남은 버터는 그대로 둔 상태로 양념 된 옥수수를 넣어 펼친다.
zS_o6psOt9g,식당에서 나오는 바로 그 '콘치즈'! Corn Cheese! A Dish of Peculiar Charm,13,옥수수 위에 모짜렐라치즈를 올린다.
zS_o6psOt9g,식당에서 나오는 바로 그 '콘치즈'! Corn Cheese! A Dish of Peculiar Charm,14,에어프라이어 안에 콘치즈를 넣고 180도에서 약 9~10분 정도 돌린다.
zS_o6psOt9g,식당에서 나오는 바로 그 '콘치즈'! Corn Cheese! A Dish of Peculiar Charm,15,모짜렐라치즈가 완전히 녹고 노릇하게 구워지면 에어프라이어에서 꺼낸다.
zS_o6psOt9g,식당에서 나오는 바로 그 '콘치즈'! Corn Cheese! A Dish of Peculiar Charm,16,완성된 콘치즈 위에 파슬리가루를 뿌려 완성한다.
zfMHTfJ3Ih0,이런 카레가 있었어?,1,"양파, 당근, 감자, 돼지 호박은 가로 세로 0.5cm 정도로 잘게 썬다."
zfMHTfJ3Ih0,이런 카레가 있었어?,2,쪽파는 송송 썬다.
zfMHTfJ3Ih0,이런 카레가 있었어?,3,"팬에 식용유를 두르고 양파를 넣고 충분히 볶아준 후, 간 돼지고기를 넣고 뭉치지 않게 풀어가며 볶는다."
zfMHTfJ3Ih0,이런 카레가 있었어?,4,"고기와 양파가 살짝 노릇하게 볶아지면 감자, 당근을 넣고 볶는다."
zfMHTfJ3Ih0,이런 카레가 있었어?,5,감자와 당근이 익으면 돼지호박을 넣고 볶는다.
zfMHTfJ3Ih0,이런 카레가 있었어?,6,돼지호박이 익으면 굵은고춧가루를 넣고 기름에 볶아 풋내를 날린다.
zfMHTfJ3Ih0,이런 카레가 있었어?,7,고춧가루가 채소와 골고루 볶아지면 우유를 넣고 저어가며 끓인다.
zfMHTfJ3Ih0,이런 카레가 있었어?,8,우유의 가장자리가 끓으면 카레가루를 넣고 저어가며 끓인다.
zfMHTfJ3Ih0,이런 카레가 있었어?,9,걸쭉한 농도가 나면 불을 끈다.
zfMHTfJ3Ih0,이런 카레가 있었어?,10,"그릇에 밥을 담고, 우유 카레를 올린다."
zfMHTfJ3Ih0,이런 카레가 있었어?,11,고명으로 쪽파를 올려 완성한다.
zikhPxKgyJI,불고기 버거!,1,* 불고기
zikhPxKgyJI,불고기 버거!,2,양파는 채 썰고 대파는 송송 썰어 준비한다.
zikhPxKgyJI,불고기 버거!,3,소고기 목심은 사방 4cm 정도로 잘라 준비한다.
zikhPxKgyJI,불고기 버거!,4,"큰 볼에 우목심,양파,대파,황설탕,물엿,맛술,간마늘을 넣어 버무려 준다."
zikhPxKgyJI,불고기 버거!,5,"설탕이 녹으면 간장,참기름을 넣고 버무려준다."
zikhPxKgyJI,불고기 버거!,6,프라이팬에 양념한 고기를 올리고 수분이 날라가도록 볶는다.
zikhPxKgyJI,불고기 버거!,7,* 마요네즈소스
zikhPxKgyJI,불고기 버거!,8,"청양고추, 단무지는 잘게 썰어 준비한다."
zikhPxKgyJI,불고기 버거!,9,"그릇에 청양고추, 단무지, 마요네즈를 넣고 골고루 섞어준다."
zikhPxKgyJI,불고기 버거!,10,* 불고기버거
zikhPxKgyJI,불고기 버거!,11,빵은 반으로 갈라 찜통에 넣어 2분 정도 찐다.
zikhPxKgyJI,불고기 버거!,12,빵에 마요네즈소스를 골고루 발라준다.
zikhPxKgyJI,불고기 버거!,13,(치즈를 넣을 경우 치즈를 올리고 마요네즈소스를 발라준다.)
zikhPxKgyJI,불고기 버거!,14,볶아 둔 불고기를 올린다.
zikhPxKgyJI,불고기 버거!,15,케첩을 뿌려 마무리한다.
